category,jour,qty,val
Big bag,30/06/2025,290,0
Big bag,30/09/2025,862,0
Big bag,30/10/2025,265,0
Big bag,30/11/2025,166,0
Big bag,31/05/2025,416,0
Big bag,31/12/2025,664,0
Couscous,01/01/2023,840,7865944.799999997
Couscous,01/01/2024,1110,9331354.8
Couscous,01/01/2025,504,4694366.879999999
Couscous,01/01/2026,420,3911972.3999999994
Couscous,01/02/2021,672,5741286.36
Couscous,01/02/2022,220,1877066.4000000001
Couscous,01/02/2023,648,5552454.959999999
Couscous,01/02/2024,540,5029678.799999999
Couscous,01/02/2025,1236,11512375.919999998
Couscous,01/02/2026,1032,9612275.039999995
Couscous,01/03/2021,1260,11724773.76
Couscous,01/03/2022,824,5521284.32
Couscous,01/03/2023,930,8279091.600000001
Couscous,01/03/2025,1572,14641953.839999992
Couscous,01/03/2026,1212,11288834.639999997
Couscous,01/04/2021,1531,13303674.09
Couscous,01/04/2023,2154,18796430.879999995
Couscous,01/04/2024,1796,14414982.72
Couscous,01/04/2026,1092,10171128.239999998
Couscous,01/05/2021,2690,18607140.56
Couscous,01/05/2022,1350,9845197.2
Couscous,01/05/2023,1632,13174568.64
Couscous,01/05/2024,1136,9386963.519999994
Couscous,01/05/2025,600,5588532
Couscous,01/06/2021,504,4508698.56
Couscous,01/06/2022,1364.56,13425398.692
Couscous,01/06/2023,904,7800926.4799999995
Couscous,01/06/2024,1536,12963402.719999995
Couscous,01/06/2025,1536,14306641.919999998
Couscous,01/06/2026,1020,9500504.399999999
Couscous,01/07/2021,606,5981698.32
Couscous,01/07/2023,756,7041550.319999998
Couscous,01/07/2024,1024,9164639.279999997
Couscous,01/07/2025,900,8382797.999999998
Couscous,01/07/2026,798,6873064.559999999
Couscous,01/08/2021,736,7489509.6
Couscous,01/08/2022,276,2860524.7199999997
Couscous,01/08/2023,1062,9406643.04
Couscous,01/08/2024,970,8848232.399999999
Couscous,01/08/2026,900,8382797.999999998
Couscous,01/09/2021,1204,13236527.04
Couscous,01/09/2022,996,9486057.119999997
Couscous,01/09/2024,1058,9667883.759999994
Couscous,01/09/2025,984,9165192.479999997
Couscous,01/09/2026,1188,11065293.36
Couscous,01/10/2022,1416,13259735.52
Couscous,01/10/2023,720,6706238.399999999
Couscous,01/10/2024,2402,18828097.44000002
Couscous,01/10/2025,1008,9388733.759999998
Couscous,01/11/2021,822,7696439.1
Couscous,01/11/2022,240,2247412.8
Couscous,01/11/2023,966,8437853.519999998
Couscous,01/11/2025,804,7488632.879999996
Couscous,01/12/2021,860,8551838.720000003
Couscous,01/12/2022,720,6742238.399999998
Couscous,01/12/2024,793.8,7393627.835999999
Couscous,01/12/2025,720,6706238.399999997
Couscous,02/01/2021,806,8540367.92
Couscous,02/01/2022,312,4095414.96
Couscous,02/01/2023,696,6173790.719999998
Couscous,02/01/2024,1044,8828552.879999999
Couscous,02/01/2025,528,4917908.16
Couscous,02/02/2021,1414.4,13166975.579999998
Couscous,02/02/2022,240,2047708.8000000003
Couscous,02/02/2023,1274,10755686.079999996
Couscous,02/02/2025,1044,9724045.679999996
Couscous,02/02/2026,966,8437853.519999998
Couscous,02/03/2021,1191.25,10912953.399999999
Couscous,02/03/2022,864,5689999.199999999
Couscous,02/03/2023,1158,10414133.759999998
Couscous,02/03/2024,1834,14358488.879999999
Couscous,02/03/2025,984.84,9173016.4248
Couscous,02/03/2026,1354,11678648.879999999
Couscous,02/04/2022,1716,11636789.52
Couscous,02/04/2023,1544,13936054.959999995
Couscous,02/04/2024,1694,14024615.279999997
Couscous,02/04/2026,1088.6,9393215.891999999
Couscous,02/05/2021,808.96,6763516.43
Couscous,02/05/2023,1488,12171027.360000001
Couscous,02/05/2024,1238,10001204.159999996
Couscous,02/05/2026,924,8606339.279999997
Couscous,02/06/2021,720,6295157.999999999
Couscous,02/06/2022,1079.6,9999971.600000001
Couscous,02/06/2024,1442,11453558.639999999
Couscous,02/06/2025,1152,10729981.439999998
Couscous,02/06/2026,840,7823944.799999997
Couscous,02/07/2022,2496,21559869.120000005
Couscous,02/07/2023,696,6482697.119999999
Couscous,02/07/2024,1168,10058140.559999999
Couscous,02/07/2025,1061,9695826.419999994
Couscous,02/07/2026,276,2570724.7199999997
Couscous,02/08/2021,950,9183209.399999999
Couscous,02/08/2022,432.78,4189240.7315999987
Couscous,02/08/2023,1260,11735917.200000001
Couscous,02/08/2025,1656,15424348.32
Couscous,02/08/2026,1104,10282898.879999997
Couscous,02/09/2021,778,8541600.24
Couscous,02/09/2023,1008,9388733.759999996
Couscous,02/09/2024,924,8606339.279999997
Couscous,02/09/2025,900,8382797.999999998
Couscous,02/09/2026,1092,10171128.239999998
Couscous,02/10/2021,1664,17005370.479999997
Couscous,02/10/2022,1672,13136462.240000002
Couscous,02/10/2023,1128,10506440.159999996
Couscous,02/10/2024,1912,15196934.639999991
Couscous,02/10/2025,1056,9611943.12
Couscous,02/11/2021,1274,11254082.9
Couscous,02/11/2022,540,5056678.799999999
Couscous,02/11/2023,1564,11731712.879999999
Couscous,02/11/2024,1380,12853623.599999994
Couscous,02/11/2025,696,6482697.119999998
Couscous,02/12/2021,612,6277158.72
Couscous,02/12/2023,1676,14192769.12
Couscous,02/12/2024,816,7600403.52
Couscous,02/12/2025,672,6259155.839999997
Couscous,03/01/2021,1054,10417433.080000002
Couscous,03/01/2022,519,6988075.170000001
Couscous,03/01/2023,1298,11324133.760000002
Couscous,03/01/2024,914,8326636.08
Couscous,03/01/2026,552,5141449.439999998
Couscous,03/02/2021,916,7744956.759999999
Couscous,03/02/2022,590,4425052.44
Couscous,03/02/2024,1254,10448729.279999997
Couscous,03/02/2025,996,9276963.119999997
Couscous,03/02/2026,730,6314321.999999997
Couscous,03/03/2021,1186,10462370.279999997
Couscous,03/03/2022,1268,8528499.68
Couscous,03/03/2024,1562,12123518.639999999
Couscous,03/03/2025,1140,10618210.799999997
Couscous,03/03/2026,984.6,9170592.479999997
Couscous,03/04/2021,2346,18328246.919999998
Couscous,03/04/2022,1426,9646848.64
Couscous,03/04/2023,1284,11959458.479999999
Couscous,03/04/2024,1548,13299046.559999997
Couscous,03/04/2025,930,8102541.599999996
Couscous,03/05/2021,1448,12787490.24
Couscous,03/05/2023,1682,14343834.639999997
Couscous,03/05/2025,936,8718109.919999998
Couscous,03/05/2026,876,8159256.720000001
Couscous,03/06/2021,492,4622808.4799999995
Couscous,03/06/2023,1410,11866651.199999996
Couscous,03/06/2024,942,7766565.839999996
Couscous,03/06/2025,1296,12071229.119999997
Couscous,03/06/2026,1188,11065293.359999998
Couscous,03/07/2021,810,7904286
Couscous,03/07/2022,1234.6,10555945.011999998
Couscous,03/07/2023,576,5364990.719999999
Couscous,03/07/2024,732,6818009.039999999
Couscous,03/07/2025,876,8159256.719999997
Couscous,03/08/2021,1006,10017080.639999999
Couscous,03/08/2022,368,3181698.32
Couscous,03/08/2023,764,6593693.279999998
Couscous,03/08/2024,1680,14752396.8
Couscous,03/08/2025,1396,12629529.12
Couscous,03/08/2026,1240,11176510.799999997
Couscous,03/09/2022,2192,20682260.24
Couscous,03/09/2023,940,8382244.799999998
Couscous,03/09/2024,1164,10841752.08
Couscous,03/09/2025,804,7488632.879999999
Couscous,03/09/2026,828,7712174.16
Couscous,03/10/2021,1442,12367188.98
Couscous,03/10/2022,1310,11092797.999999993
Couscous,03/10/2023,1538,13019343.359999998
Couscous,03/10/2024,1820,15310143.599999992
Couscous,03/11/2021,1074.84,11732644.61
Couscous,03/11/2022,600,5618532
Couscous,03/11/2024,1032,9612275.04
Couscous,03/11/2025,660,6147385.199999997
Couscous,03/12/2022,1356,12697882.319999997
Couscous,03/12/2023,1244,9945152.879999997
Couscous,03/12/2024,924,8606339.28
Couscous,03/12/2025,732,6818009.039999998
Couscous,04/01/2021,1686,14281656.479999999
Couscous,04/01/2022,409.4,5462790.98
Couscous,04/01/2023,1398,11974133.759999998
Couscous,04/01/2024,672,6259155.84
Couscous,04/01/2025,998,8885157.359999998
Couscous,04/01/2026,504,4694366.879999999
Couscous,04/02/2021,1148,10089911.24
Couscous,04/02/2023,1590,13600210.799999999
Couscous,04/02/2024,1112,9611168.639999999
Couscous,04/02/2025,1065.28,9921749.529599998
Couscous,04/02/2026,864,8047486.080000001
Couscous,04/03/2021,816,7129873.799999999
Couscous,04/03/2024,1522.6,12129660.371999996
Couscous,04/03/2025,972,9053421.839999998
Couscous,04/03/2026,1020,9500504.399999999
Couscous,04/04/2021,1380,10931454.36
Couscous,04/04/2022,992,6728814.5600000005
Couscous,04/04/2023,1242,10977275.039999995
Couscous,04/04/2024,948,8829880.559999997
Couscous,04/04/2026,1224,11400605.28
Couscous,04/05/2021,1197.3600000000001,9636582.1
Couscous,04/05/2022,1012,7030030.720000001
Couscous,04/05/2023,1272,10328009.039999995
Couscous,04/05/2024,1992,15867447.84
Couscous,04/05/2025,696,6482697.119999999
Couscous,04/05/2026,768,7153320.959999999
Couscous,04/06/2022,1626,15108496.319999995
Couscous,04/06/2023,1046,8757697.120000001
Couscous,04/06/2024,1196,9945816.72
Couscous,04/06/2025,1141.91,10635915.983199999
Couscous,04/06/2026,960,8941651.2
Couscous,04/07/2021,1218,10393242.240000002
Couscous,04/07/2022,882,7693703.04
Couscous,04/07/2023,1002,9248421.84
Couscous,04/07/2024,930,8326414.799999999
Couscous,04/07/2026,1020,9500504.399999999
Couscous,04/08/2021,532,6239526.24
Couscous,04/08/2022,468,3769415.76
Couscous,04/08/2024,1411,12545369.219999997
Couscous,04/08/2025,1332,12406541.039999997
Couscous,04/08/2026,984,9165192.479999997
Couscous,04/09/2021,858,9678264.66
Couscous,04/09/2022,1522.2,13729174.684000002
Couscous,04/09/2023,1344,11175072.48
Couscous,04/09/2024,1104,10282898.880000003
Couscous,04/09/2025,1008,9388733.759999998
Couscous,04/10/2021,868,9722301.280000001
Couscous,04/10/2022,732.8399999999999,5659502.584799999
Couscous,04/10/2023,1044,9724045.679999998
Couscous,04/10/2025,1524,14194871.279999997
Couscous,04/11/2021,380,4671822.8
Couscous,04/11/2023,1236,10840756.319999997
Couscous,04/11/2024,1248,11624146.559999997
Couscous,04/11/2025,1192,10729428.239999996
Couscous,04/12/2021,1082,11567610.98
Couscous,04/12/2022,852,7978315.4399999995
Couscous,04/12/2023,744,6929779.679999997
Couscous,04/12/2024,948.27,8832353.266399998
Couscous,04/12/2025,648,6035614.559999999
Couscous,05/01/2021,734,6619267.76
Couscous,05/01/2022,300,4012845.48
Couscous,05/01/2023,1356,11151203.519999996
Couscous,05/01/2025,759.49,7073993.3928
Couscous,05/01/2026,492,4582596.24
Couscous,05/02/2022,1104,6844800
Couscous,05/02/2023,908,8445427.359999998
Couscous,05/02/2024,1902,14469485.039999995
Couscous,05/02/2025,1104,10282898.879999999
Couscous,05/02/2026,1128.08,9760941.297599997
Couscous,05/03/2022,2088,14037864
Couscous,05/03/2024,1588,12179127.359999996
Couscous,05/03/2025,1071.62,9981167.326399997
Couscous,05/03/2026,972,9053421.839999996
Couscous,05/04/2021,1700,13268024.459999999
Couscous,05/04/2022,1096,7499232.88
Couscous,05/04/2023,1446,13046229.119999994
Couscous,05/04/2025,1176,10953522.719999995
Couscous,05/04/2026,1032,9612275.04
Couscous,05/05/2021,737.8,6401369.3
Couscous,05/05/2024,1466.8,12132244.852
Couscous,05/05/2025,780,7265091.599999997
Couscous,05/05/2026,504,4694366.88
Couscous,05/06/2021,958,7634948.319999999
Couscous,05/06/2022,608,5455889.840000002
Couscous,05/06/2023,1364,11635192.48
Couscous,05/06/2024,1428,11733593.759999998
Couscous,05/06/2025,492,4582596.24
Couscous,05/07/2021,770,7956854.36
Couscous,05/07/2023,696,6482697.119999999
Couscous,05/07/2025,1044,9724045.679999996
Couscous,05/07/2026,804,7488632.879999998
Couscous,05/08/2021,360,4299084
Couscous,05/08/2023,1222,10449171.839999998
Couscous,05/08/2024,1408,12293553.359999994
Couscous,05/08/2025,972,9053421.839999996
Couscous,05/08/2026,948,8829880.559999999
Couscous,05/09/2021,748,9286886.200000001
Couscous,05/09/2022,1366,12598949.919999998
Couscous,05/09/2023,1716,14416089.119999995
Couscous,05/09/2024,960,8941651.199999997
Couscous,05/09/2026,876,8159256.720000001
Couscous,05/10/2021,806,9185282.900000002
Couscous,05/10/2022,916,7947497.119999999
Couscous,05/10/2023,1008,9388733.759999998
Couscous,05/10/2024,1056,9835816.319999998
Couscous,05/10/2025,1308,12182999.759999998
Couscous,05/11/2022,732,6854609.039999999
Couscous,05/11/2023,897.6,7576887.6719999965
Couscous,05/11/2024,1348,11063080.559999997
Couscous,05/11/2025,720,6706238.399999999
Couscous,05/12/2021,1000,10014370.72
Couscous,05/12/2022,876,8203056.720000001
Couscous,05/12/2023,764,6817566.479999998
Couscous,05/12/2024,744,6929779.679999998
Couscous,06/01/2021,1058,8171563.399999999
Couscous,06/01/2022,324,4326607.079999999
Couscous,06/01/2024,976,8717556.719999999
Couscous,06/01/2025,864,8047486.079999997
Couscous,06/01/2026,505.2,4705543.943999999
Couscous,06/02/2021,2114,18536702.84
Couscous,06/02/2022,738,4557600
Couscous,06/02/2023,1075.3,9811092.479999999
Couscous,06/02/2024,1608,12738533.759999996
Couscous,06/02/2025,816,7600403.52
Couscous,06/03/2021,1320,11379526.84
Couscous,06/03/2022,1371.78,9446199.511599999
Couscous,06/03/2024,1054.8400000000001,8668333.6248
Couscous,06/03/2025,876,8159256.719999999
Couscous,06/04/2021,1256,10913985.120000001
Couscous,06/04/2022,1010.28,6769686.501599999
Couscous,06/04/2023,1076,9965816.319999998
Couscous,06/04/2024,1752,14079781.439999994
Couscous,06/04/2025,1296,12071229.119999997
Couscous,06/04/2026,1008,9388733.759999998
Couscous,06/05/2021,2135.6,21484077.16
Couscous,06/05/2023,2074,17432164.880000003
Couscous,06/05/2024,1472,12516541.44
Couscous,06/05/2025,918,8548568.639999997
Couscous,06/05/2026,817.2,7611580.583999999
Couscous,06/06/2021,756.6,7278882.290000001
Couscous,06/06/2022,820,7847105.2
Couscous,06/06/2023,1388,12365293.359999996
Couscous,06/06/2024,1218,10785036.959999995
Couscous,06/06/2026,876,8159256.719999999
Couscous,06/07/2021,812,7944056.48
Couscous,06/07/2022,1895.6,17331749.12
Couscous,06/07/2023,636,5923843.919999999
Couscous,06/07/2024,1356,12630082.319999993
Couscous,06/07/2025,852,7935715.439999998
Couscous,06/07/2026,1080,10059357.599999994
Couscous,06/08/2022,1846,16840775.92
Couscous,06/08/2023,1132,9946701.84
Couscous,06/08/2024,1568,13858452.959999997
Couscous,06/08/2025,1332,12406541.039999995
Couscous,06/08/2026,864,8047486.079999999
Couscous,06/09/2021,834,10251788.580000002
Couscous,06/09/2022,1160,10475051.599999998
Couscous,06/09/2023,1226,10784926.319999998
Couscous,06/09/2025,1704,15871430.879999999
Couscous,06/09/2026,1029.5,8842745.49
Couscous,06/10/2021,1092,13118289.96
Couscous,06/10/2022,1140.6,9993416.531999998
Couscous,06/10/2024,1198,10225630.56
Couscous,06/10/2025,1080,10059357.6
Couscous,06/11/2021,322,3647648.02
Couscous,06/11/2022,504,4719566.879999999
Couscous,06/11/2023,1460,11509278
Couscous,06/11/2024,1556,13075062.719999999
Couscous,06/11/2025,744,6929779.679999998
Couscous,06/12/2021,680.84,8033030.149999999
Couscous,06/12/2022,1068,10000986.959999995
Couscous,06/12/2023,866,7207933.920000001
Couscous,06/12/2025,1248,11624146.559999993
Couscous,07/01/2021,724,7370643.279999999
Couscous,07/01/2023,1758,15173399.759999998
Couscous,07/01/2024,752,6705795.84
Couscous,07/01/2025,985.6,9179592.48
Couscous,07/01/2026,576,5364990.719999999
Couscous,07/02/2021,1408,11680738.36
Couscous,07/02/2022,552,3422400
Couscous,07/02/2023,878,8078574.159999997
Couscous,07/02/2024,1386,11454333.12
Couscous,07/02/2026,1538,13019343.359999996
Couscous,07/03/2021,1216,11829378.440000001
Couscous,07/03/2022,1254.24,8580020.092799997
Couscous,07/03/2023,158,1164482.56
Couscous,07/03/2024,1264,10280686.079999998
Couscous,07/03/2026,840,7823944.799999994
Couscous,07/04/2021,2514,23466666.239999995
Couscous,07/04/2022,1226.4,8192699.328
Couscous,07/04/2024,804,7488632.879999999
Couscous,07/04/2025,1356,12630082.319999997
Couscous,07/04/2026,1044,9724044.719999999
Couscous,07/05/2022,1558,10966875.039999995
Couscous,07/05/2023,1882,14968421.84
Couscous,07/05/2024,1582.24,13132906.852799997
Couscous,07/05/2025,780,7265091.599999998
Couscous,07/05/2026,1104,10282898.879999999
Couscous,07/06/2021,1372,13353030.52
Couscous,07/06/2022,632,5566908.56
Couscous,07/06/2023,1348,11936440.159999998
Couscous,07/06/2026,1464,13636018.079999998
Couscous,07/07/2021,1738,18285442.96
Couscous,07/07/2022,1516,13350269.920000004
Couscous,07/07/2024,942,8214312.239999999
Couscous,07/07/2025,1068,9947586.959999997
Couscous,07/07/2026,1352,11846581.439999998
Couscous,07/08/2021,490,5248177.4399999995
Couscous,07/08/2022,1354,13155725.68
Couscous,07/08/2023,1228,11064740.16
Couscous,07/08/2024,1244,10840645.679999998
Couscous,07/08/2025,1272,11847687.839999996
Couscous,07/09/2021,795.1,9345437.13
Couscous,07/09/2022,1344,12073990.320000004
Couscous,07/09/2023,1533.8,13091594.639999997
Couscous,07/09/2024,576,5364990.719999998
Couscous,07/09/2025,1404,13077164.879999999
Couscous,07/10/2021,596,6503805.440000001
Couscous,07/10/2023,1564,13746571.680000003
Couscous,07/10/2024,1745.5,13646117.009999998
Couscous,07/10/2025,913.5,8508068.64
Couscous,07/11/2021,1246,11344908.82
Couscous,07/11/2022,508,4642454.959999999
Couscous,07/11/2023,1308,10839760.559999995
Couscous,07/11/2024,1240,11176510.799999997
Couscous,07/12/2021,790,7738746.1
Couscous,07/12/2022,1009,9448497.979999997
Couscous,07/12/2023,964,7710293.279999999
Couscous,07/12/2024,1212,11288834.639999995
Couscous,07/12/2025,915.6,8528099.831999997
Couscous,08/01/2022,240,3176148.12
Couscous,08/01/2023,1387,11842485.139999997
Couscous,08/01/2024,866,7879553.52
Couscous,08/01/2025,780,7265091.6
Couscous,08/01/2026,792,7376862.2399999965
Couscous,08/02/2021,1664,15137618.599999998
Couscous,08/02/2022,504,3124800
Couscous,08/02/2023,772,7114609.039999998
Couscous,08/02/2024,1362,10783045.439999998
Couscous,08/02/2025,1452,13524247.440000005
Couscous,08/02/2026,1104,10282898.879999997
Couscous,08/03/2021,1756,18022150.98
Couscous,08/03/2022,1122.04,7648068.0088
Couscous,08/03/2023,1280,11413357.599999998
Couscous,08/03/2025,1284,11959458.479999999
Couscous,08/03/2026,804,7488632.879999997
Couscous,08/04/2021,1396.4,11552243.02
Couscous,08/04/2023,1724,14819458.479999997
Couscous,08/04/2024,1124,9722939.279999997
Couscous,08/04/2025,1213.99,11306835.052799996
Couscous,08/04/2026,973.2,9064598.904
Couscous,08/05/2021,620,4893470.119999999
Couscous,08/05/2022,1160.4,8345181.84
Couscous,08/05/2023,1816,14100403.519999998
Couscous,08/05/2024,1652,13745354.64
Couscous,08/05/2025,877.9200000000001,8177140.022399998
Couscous,08/06/2021,994,9852415.24
Couscous,08/06/2022,656,6269507.6
Couscous,08/06/2023,1516,12994669.520000001
Couscous,08/06/2024,1304,11399498.879999997
Couscous,08/06/2026,1059,9863758.979999997
Couscous,08/07/2021,726,7062084.119999999
Couscous,08/07/2023,1302,11367275.039999997
Couscous,08/07/2024,876,8159256.719999999
Couscous,08/07/2025,1392,12965394.239999995
Couscous,08/07/2026,936,8718109.919999998
Couscous,08/08/2021,874,8749538.759999998
Couscous,08/08/2022,1218,11909080.560000002
Couscous,08/08/2023,1028.5,9281177.669999998
Couscous,08/08/2024,1336,10951309.92
Couscous,08/08/2026,1246,11605518.120000001
Couscous,08/09/2021,920,10395437.600000001
Couscous,08/09/2022,842,7493876.2399999965
Couscous,08/09/2024,735,6845951.699999997
Couscous,08/09/2025,1476,13747788.719999999
Couscous,08/10/2022,2006,17782148.32
Couscous,08/10/2023,1082.4,10081711.727999996
Couscous,08/10/2024,1208,10953080.159999998
Couscous,08/10/2025,840,7823944.799999998
Couscous,08/11/2021,712,7312732
Couscous,08/11/2022,708.84,6637733.704799999
Couscous,08/11/2023,1292,11287728.239999998
Couscous,08/11/2025,852,7935715.44
Couscous,08/12/2021,850,9310085.74
Couscous,08/12/2022,782.4,7326565.727999999
Couscous,08/12/2024,816,7600403.52
Couscous,08/12/2025,852,7935715.439999996
Couscous,09/01/2021,900,7238535
Couscous,09/01/2022,996,12011014.56
Couscous,09/01/2023,1053.2,9289552.503999997
Couscous,09/01/2024,842,7618700.039999997
Couscous,09/01/2025,1008,9388733.759999998
Couscous,09/02/2021,1074.8400000000001,10223397.509999998
Couscous,09/02/2022,564,3496800
Couscous,09/02/2023,858,7604867.759999999
Couscous,09/02/2025,1259.96,11660791.699199999
Couscous,09/02/2026,1122.7,9897171.84
Couscous,09/03/2021,1359.2,13286076.139999999
Couscous,09/03/2022,1386.12,9465040.2264
Couscous,09/03/2023,988,8965427.36
Couscous,09/03/2024,936,6479377.92
Couscous,09/03/2025,996,9276963.119999997
Couscous,09/03/2026,852,7935715.44
Couscous,09/04/2022,2488,17016892
Couscous,09/04/2023,1044,9724045.679999998
Couscous,09/04/2024,1491,10529404.02
Couscous,09/04/2025,1296,12071229.119999997
Couscous,09/04/2026,924,8606339.28
Couscous,09/05/2021,912,8026571.28
Couscous,09/05/2022,1168,8241072.879999999
Couscous,09/05/2023,1664,13754045.679999998
Couscous,09/05/2024,1252,10392788.639999997
Couscous,09/05/2026,972,9053421.84
Couscous,09/06/2021,492.4,4557001.220000001
Couscous,09/06/2022,448,3747282.159999999
Couscous,09/06/2024,982,8213759.039999998
Couscous,09/06/2025,684.6,6376515.012
Couscous,09/06/2026,1152,10729981.44
Couscous,09/07/2023,1036,9368109.919999998
Couscous,09/07/2024,1026,9220579.919999998
Couscous,09/07/2025,708,6594467.759999998
Couscous,09/07/2026,948,8829880.559999997
Couscous,09/08/2021,650,7028986.08
Couscous,09/08/2022,1146,9982673.279999997
Couscous,09/08/2023,2062,16482131.040000003
Couscous,09/08/2025,1572,14641953.84
Couscous,09/08/2026,1114,10376041.079999998
Couscous,09/09/2021,1070,10464162.260000002
Couscous,09/09/2023,1888,15645012.959999997
Couscous,09/09/2024,1072,9611721.839999996
Couscous,09/09/2025,1393.6,12979794.239999998
Couscous,09/10/2021,1080,11051655.239999998
Couscous,09/10/2022,966,8444350.319999997
Couscous,09/10/2023,1236.8400000000001,11520199.864799997
Couscous,09/10/2024,1212,10169468.64
Couscous,09/10/2025,840,7823944.799999999
Couscous,09/11/2021,1092,11812950.12
Couscous,09/11/2022,660,6180385.199999998
Couscous,09/11/2023,834,7656122.879999999
Couscous,09/11/2024,1344,12518311.679999998
Couscous,09/11/2025,744,6929779.68
Couscous,09/12/2021,578,5592158.78
Couscous,09/12/2023,462,3743486.6399999987
Couscous,09/12/2024,792,7376862.239999999
Couscous,09/12/2025,612,5700302.639999999
Couscous,10/01/2021,892,8036699.4399999995
Couscous,10/01/2022,683,7981655.75
Couscous,10/01/2023,1336,11708616.32
Couscous,10/01/2024,1045.5,9737545.679999996
Couscous,10/01/2026,852,7935715.439999997
Couscous,10/02/2021,1743,17500461.87
Couscous,10/02/2022,660,4092000
Couscous,10/02/2024,1766,13799746.319999998
Couscous,10/02/2025,1260,11735917.2
Couscous,10/02/2026,1199.4,10238627.624
Couscous,10/03/2021,1404,13921544.879999999
Couscous,10/03/2022,1407.4,9588342.028
Couscous,10/03/2024,1511.58,11840456.6676
Couscous,10/03/2025,1364,10838986.079999998
Couscous,10/03/2026,1152,10729981.439999998
Couscous,10/04/2021,2806,21419258.279999997
Couscous,10/04/2022,1572,10756333.439999998
Couscous,10/04/2023,1502,12498421.839999996
Couscous,10/04/2025,1106,10114966.319999998
Couscous,10/05/2021,480.6,4284386.57
Couscous,10/05/2022,1132,8040294.16
Couscous,10/05/2023,1200,9995091.599999998
Couscous,10/05/2025,900,8382797.999999997
Couscous,10/05/2026,1080,10059357.599999998
Couscous,10/06/2021,688,6484350.16
Couscous,10/06/2023,1396,12721229.120000001
Couscous,10/06/2024,900,8382797.999999999
Couscous,10/06/2025,1392,12965394.239999998
Couscous,10/06/2026,984,9165192.479999997
Couscous,10/07/2021,740,7495212.199999999
Couscous,10/07/2023,1264,11491752.079999996
Couscous,10/07/2024,1104,9387406.079999996
Couscous,10/07/2025,984,9165192.479999999
Couscous,10/08/2021,342,3320231.28
Couscous,10/08/2022,1065,10120504.259999998
Couscous,10/08/2023,1224,10057366.079999998
Couscous,10/08/2024,1852,14638081.439999994
Couscous,10/08/2025,1500,13971330
Couscous,10/08/2026,1344,12518311.68
Couscous,10/09/2022,2338,22813598.560000002
Couscous,10/09/2023,1096,9835263.119999997
Couscous,10/09/2024,1045.8400000000001,9741183.844799994
Couscous,10/09/2025,1140,10618210.799999999
Couscous,10/10/2021,1214,13064031.859999998
Couscous,10/10/2022,1522,13708141.040000005
Couscous,10/10/2023,964,8829659.28
Couscous,10/10/2024,1266,10560499.919999998
Couscous,10/11/2021,797.8,10126073.02
Couscous,10/11/2022,974.4,9124495.967999997
Couscous,10/11/2024,1214,11307463.079999998
Couscous,10/11/2025,888,8271027.359999997
Couscous,10/12/2022,924,8652539.279999997
Couscous,10/12/2023,914,7655016.479999999
Couscous,10/12/2024,948,8829880.559999995
Couscous,10/12/2025,708,6594467.760000001
Couscous,11/01/2021,1238,12740368.64
Couscous,11/01/2022,911.2,9278539.308
Couscous,11/01/2023,1392.84,12011740.984800002
Couscous,11/01/2024,908,8382687.359999998
Couscous,11/01/2025,1152,10729981.439999998
Couscous,11/01/2026,1308,12182999.759999992
Couscous,11/02/2021,1184,11185323.68
Couscous,11/02/2023,1652,13693875.039999997
Couscous,11/02/2024,1982,14244505.439999994
Couscous,11/02/2025,1278,11903573.159999996
Couscous,11/02/2026,1176,10953522.719999995
Couscous,11/03/2021,1568,15169581.120000001
Couscous,11/03/2023,1650,14162063.999999996
Couscous,11/03/2024,1326.25,10673861.719999997
Couscous,11/03/2025,1083,10087300.26
Couscous,11/03/2026,828.7,7718672.691999998
Couscous,11/04/2021,1819.8,14071382.799999995
Couscous,11/04/2022,1269,8843219.879999999
Couscous,11/04/2023,924,8606339.280000001
Couscous,11/04/2026,1056,9835816.32
Couscous,11/05/2021,458,4352835.800000001
Couscous,11/05/2022,1260.44,9064602.264800001
Couscous,11/05/2023,1072,9534568.639999999
Couscous,11/05/2024,1886,15589072.319999998
Couscous,11/05/2025,1242,11232451.44
Couscous,11/05/2026,780,7265091.599999998
Couscous,11/06/2022,1438,13293320.559999999
Couscous,11/06/2023,842.4,7846298.9279999975
Couscous,11/06/2024,1252,11288281.439999998
Couscous,11/06/2025,854.06,7954637.0912
Couscous,11/06/2026,744,6929779.68
Couscous,11/07/2021,590,5521295
Couscous,11/07/2022,1414,12415286.079999998
Couscous,11/07/2023,1056,9835816.319999997
Couscous,11/07/2024,844,7488079.68
Couscous,11/07/2026,1248,11624146.559999997
Couscous,11/08/2021,786,8194767.479999999
Couscous,11/08/2022,1072.6,9373697.331999999
Couscous,11/08/2024,1500,12404217.599999992
Couscous,11/08/2025,1260,11735917.2
Couscous,11/08/2026,1090,10152499.799999999
Couscous,11/09/2021,1166,11101807.34
Couscous,11/09/2022,1330,12662651.2
Couscous,11/09/2023,1660,14864609.999999996
Couscous,11/09/2024,1285.9,10857192.479999993
Couscous,11/09/2025,840,7823944.8
Couscous,11/10/2021,544,6454722.5200000005
Couscous,11/10/2022,932,8498315.439999996
Couscous,11/10/2023,1224,11400605.279999997
Couscous,11/10/2025,768,7153320.959999998
Couscous,11/11/2021,647.3,7039786.869999999
Couscous,11/11/2023,1116,10394669.519999998
Couscous,11/11/2024,1069.26,9959238.611199997
Couscous,11/11/2025,1034.8000000000002,9637862.103999997
Couscous,11/12/2021,950,9664508.299999999
Couscous,11/12/2022,744.8399999999999,6974845.6247999985
Couscous,11/12/2023,842,7656012.239999999
Couscous,11/12/2024,1008,9388733.759999998
Couscous,11/12/2025,1192,10729428.239999995
Couscous,12/01/2021,692,5675231.48
Couscous,12/01/2022,660,5631199.200000001
Couscous,12/01/2023,1092,9538315.439999998
Couscous,12/01/2025,876.24,8161492.132799996
Couscous,12/01/2026,1482,13243991.040000001
Couscous,12/02/2021,648,6836698.08
Couscous,12/02/2022,1020,6324000
Couscous,12/02/2023,930,8279091.599999995
Couscous,12/02/2024,1186,10113859.919999998
Couscous,12/02/2025,1374.84,12245879.224799994
Couscous,12/02/2026,1219.8000000000002,11361485.555999998
Couscous,12/03/2021,380,2481506.4
Couscous,12/03/2022,1868,12762181.04
Couscous,12/03/2023,1603.02,14380903.544399995
Couscous,12/03/2024,1614,13130228.879999999
Couscous,12/03/2025,924,8606339.28
Couscous,12/03/2026,852,7935715.4399999995
Couscous,12/04/2021,2193.16,19815987.15
Couscous,12/04/2022,1117.8,7728030.000000001
Couscous,12/04/2023,792,7376862.239999997
Couscous,12/04/2025,1686,15144091.919999996
Couscous,12/04/2026,888,8271027.359999999
Couscous,12/05/2021,430,3857918.5600000005
Couscous,12/05/2022,1147.2,8184677.999999998
Couscous,12/05/2024,1420,11509831.199999996
Couscous,12/05/2025,1104.8400000000001,10290722.824799998
Couscous,12/05/2026,1286,11791525.920000002
Couscous,12/06/2021,828,6629892.84
Couscous,12/06/2022,611.4,5424997.92
Couscous,12/06/2023,985.2,9176369.543999998
Couscous,12/06/2024,1405.2,13088341.943999996
Couscous,12/06/2025,1152,10729981.439999998
Couscous,12/07/2021,1050,10803717.12
Couscous,12/07/2022,293.2,2630530.2399999998
Couscous,12/07/2023,756,7041550.319999999
Couscous,12/07/2025,1092,10171128.239999998
Couscous,12/07/2026,1059,9863758.98
Couscous,12/08/2021,686,6789756.96
Couscous,12/08/2023,1264,11400052.079999998
Couscous,12/08/2024,2162,17264304.24
Couscous,12/08/2025,1212,11288834.639999997
Couscous,12/08/2026,1128,10506440.159999998
Couscous,12/09/2021,1600,17091338.199999996
Couscous,12/09/2022,1136.4,11167066.608
Couscous,12/09/2023,1304,11399498.879999999
Couscous,12/09/2024,1176,10953522.719999999
Couscous,12/10/2021,534,4850488.5
Couscous,12/10/2022,1024,9474392.479999999
Couscous,12/10/2023,942,7990439.039999997
Couscous,12/10/2024,1702,14472251.039999995
Couscous,12/10/2025,756,7041550.319999998
Couscous,12/11/2022,1032,9663875.039999997
Couscous,12/11/2023,876,8159256.719999995
Couscous,12/11/2024,1433,13160716.259999996
Couscous,12/11/2025,804,7488632.879999998
Couscous,12/12/2021,828,8674627.08
Couscous,12/12/2022,1092,10225728.24
Couscous,12/12/2023,624.84,5819897.224800002
Couscous,12/12/2024,936,8718109.919999996
Couscous,13/01/2021,1166,10626608.360000001
Couscous,13/01/2022,1256,10899094.920000002
Couscous,13/01/2024,960,8941651.2
Couscous,13/01/2025,1356,12630082.319999998
Couscous,13/01/2026,1812,15758000.640000008
Couscous,13/02/2021,1692,13359638.880000003
Couscous,13/02/2022,1092,6861137.640000001
Couscous,13/02/2023,808.84,7287733.704799997
Couscous,13/02/2024,2481,17437125.419999994
Couscous,13/02/2025,927,8634281.94
Couscous,13/03/2021,1154,10742626.559999999
Couscous,13/03/2022,1727.28,11790140.6016
Couscous,13/03/2023,1374,12608658.479999999
Couscous,13/03/2024,1780,13295838
Couscous,13/03/2025,1120,9834931.2
Couscous,13/04/2021,1542,15546663.120000001
Couscous,13/04/2022,1089.6,7507291.4399999995
Couscous,13/04/2023,941.8,8153003.995999997
Couscous,13/04/2024,1744,12960526.079999996
Couscous,13/04/2025,1152,10729981.440000001
Couscous,13/04/2026,708,6594467.759999998
Couscous,13/05/2023,1620,14075917.199999997
Couscous,13/05/2024,1306,11231566.319999998
Couscous,13/05/2025,1248,11624146.559999999
Couscous,13/05/2026,996,9276963.119999997
Couscous,13/06/2021,642,5858065.8
Couscous,13/06/2022,776,7510190.720000001
Couscous,13/06/2023,936,8718109.92
Couscous,13/06/2024,984,9165192.479999997
Couscous,13/06/2026,960,8941651.2
Couscous,13/07/2021,513.08,4734716.87
Couscous,13/07/2022,642,6204364.319999999
Couscous,13/07/2023,674,6137073.279999999
Couscous,13/07/2024,1222,10896918.239999995
Couscous,13/07/2025,1080.6399999999999,10065233.012799997
Couscous,13/07/2026,1056,9835816.319999998
Couscous,13/08/2022,2324,20724964.880000006
Couscous,13/08/2023,1706,13240893.119999997
Couscous,13/08/2024,1588,13074620.159999998
Couscous,13/08/2025,1188,11065293.360000001
Couscous,13/08/2026,1080,10059357.599999998
Couscous,13/09/2021,1496.6,17157443.759999998
Couscous,13/09/2022,1264,12272517.999999998
Couscous,13/09/2023,1822,15589957.440000001
Couscous,13/09/2025,1200,11177063.999999996
Couscous,13/10/2021,1310.16,14260875.230000002
Couscous,13/10/2022,1032,9663875.039999995
Couscous,13/10/2024,1048,9388180.559999999
Couscous,13/10/2025,624,5812073.279999999
Couscous,13/11/2021,404,4676566.04
Couscous,13/11/2022,528,4944308.159999999
Couscous,13/11/2023,756.8399999999999,7049374.264799997
Couscous,13/11/2024,1296,12071229.119999997
Couscous,13/11/2025,660,6147385.199999999
Couscous,13/12/2021,738,7233168.0600000005
Couscous,13/12/2022,1153.4,10800181.439999994
Couscous,13/12/2023,806,7320700.319999999
Couscous,13/12/2025,927.5500000000001,8452768.783999996
Couscous,14/01/2021,728,6209176.4
Couscous,14/01/2023,2034,16898658.48
Couscous,14/01/2024,756,7041550.32
Couscous,14/01/2025,1285.84,11976596.644799998
Couscous,14/01/2026,1382,11566325.039999997
Couscous,14/02/2021,1388,12115600.040000001
Couscous,14/02/2022,1092,6770400
Couscous,14/02/2023,1372,11702021.839999996
Couscous,14/02/2024,2164,14409893.28
Couscous,14/02/2026,1474,13244101.68
Couscous,14/03/2021,2466,26194516.32
Couscous,14/03/2022,1191.3600000000001,8108456.6592
Couscous,14/03/2023,1332,12473141.039999995
Couscous,14/03/2024,1612,12850415.039999997
Couscous,14/03/2026,864,8047486.079999998
Couscous,14/04/2021,822,7878772.8
Couscous,14/04/2022,1015.2,7027411.224000001
Couscous,14/04/2024,1368,10503120.959999997
Couscous,14/04/2025,984.84,9173016.4248
Couscous,14/04/2026,914.27,8515249.8784
Couscous,14/05/2022,2774,19814544.559999995
Couscous,14/05/2023,1290,11424357.6
Couscous,14/05/2024,1556,12627316.320000002
Couscous,14/05/2025,1008,9388733.76
Couscous,14/05/2026,768,7153320.959999999
Couscous,14/06/2021,920.8399999999999,9087634.669999998
Couscous,14/06/2022,852,8561942.639999999
Couscous,14/06/2023,1270,10618944.799999999
Couscous,14/06/2025,996,9276963.119999997
Couscous,14/06/2026,1068,9947586.959999997
Couscous,14/07/2021,1556,16339598.599999998
Couscous,14/07/2022,792.24,7735350.72
Couscous,14/07/2024,1080,9835484.399999999
Couscous,14/07/2025,804,7488632.879999997
Couscous,14/07/2026,768,7153320.959999999
Couscous,14/08/2021,894,9231116.76
Couscous,14/08/2022,1210,10706686.479999999
Couscous,14/08/2023,1534,12459715.68
Couscous,14/08/2024,1624,13633805.279999994
Couscous,14/08/2025,1440,13412476.799999997
Couscous,14/09/2021,2037.4,20695153.1
Couscous,14/09/2022,864,8606646.479999999
Couscous,14/09/2023,1180,10735400.879999999
Couscous,14/09/2024,1336,12070675.919999992
Couscous,14/09/2025,987.1700000000001,9194410.782399999
Couscous,14/10/2021,716,7841805.8
Couscous,14/10/2023,1408,11621933.759999996
Couscous,14/10/2024,1260,11735917.199999996
Couscous,14/10/2025,828.8399999999999,7719998.104799999
Couscous,14/11/2021,981.6,10338123.06
Couscous,14/11/2022,684,6405126.479999999
Couscous,14/11/2023,565.5,5266720.079999998
Couscous,14/11/2024,876,8159256.719999996
Couscous,14/12/2021,558,6702800.82
Couscous,14/12/2022,984,9214392.479999995
Couscous,14/12/2023,684,6370926.479999999
Couscous,14/12/2024,1044,9724045.68
Couscous,14/12/2025,648,6035614.56
Couscous,15/01/2022,154,1450460.1600000001
Couscous,15/01/2023,1236,10543056.719999999
Couscous,15/01/2024,1236.8400000000001,11520199.864799999
Couscous,15/01/2025,1296,12071229.119999997
Couscous,15/01/2026,1134,10002642.479999997
Couscous,15/02/2021,3048,29047712.979999997
Couscous,15/02/2022,1104,6844800
Couscous,15/02/2023,996,8467497.120000001
Couscous,15/02/2024,1154.8400000000001,9226633.624799998
Couscous,15/02/2025,1308,12182999.759999998
Couscous,15/02/2026,1212,11288834.639999997
Couscous,15/03/2021,516.1600000000001,3960130.3899999997
Couscous,15/03/2022,120,744000
Couscous,15/03/2023,1300.0900000000001,11679545.434999999
Couscous,15/03/2025,1316.04,12257886.0888
Couscous,15/03/2026,792,7376862.239999998
Couscous,15/04/2021,893.8,8690332.12
Couscous,15/04/2023,720,6706238.3999999985
Couscous,15/04/2024,1408,11621933.76
Couscous,15/04/2025,1467,13663960.739999998
Couscous,15/04/2026,888,8271027.3599999985
Couscous,15/05/2021,334,2554817.8
Couscous,15/05/2022,1410,10158383.999999998
Couscous,15/05/2023,1260,11229357.6
Couscous,15/05/2024,1370.2,11829539.243999999
Couscous,15/05/2025,960,8941651.199999997
Couscous,15/06/2021,816,8009616.120000001
Couscous,15/06/2022,794.8,7061639.199999999
Couscous,15/06/2023,966,8237697.119999997
Couscous,15/06/2024,996,9276963.119999997
Couscous,15/06/2025,736.06,6668998.1312
Couscous,15/06/2026,672,6259155.839999999
Couscous,15/07/2021,1302,14027918.999999998
Couscous,15/07/2023,1076,9796963.119999997
Couscous,15/07/2024,1044,9724045.679999996
Couscous,15/07/2025,1056,9835816.319999998
Couscous,15/07/2026,1057,9845130.539999997
Couscous,15/08/2021,1230,12417230.04
Couscous,15/08/2022,922,8189716.239999999
Couscous,15/08/2023,1310.6,12020655.731999997
Couscous,15/08/2024,2048,15866673.36
Couscous,15/08/2026,696,6482697.119999999
Couscous,15/09/2021,1123.6,13907318.09
Couscous,15/09/2022,1064,10842379.279999997
Couscous,15/09/2024,1148,9946480.559999999
Couscous,15/09/2025,1128,10506440.159999996
Couscous,15/10/2022,1356,12697882.319999997
Couscous,15/10/2023,879.6,8192787.9120000005
Couscous,15/10/2024,1474,12348608.879999997
Couscous,15/10/2025,852,7935715.439999996
Couscous,15/11/2021,1020,11011309.080000002
Couscous,15/11/2022,565.4,5294020.079999998
Couscous,15/11/2023,864,8047486.08
Couscous,15/11/2025,912,8494568.639999999
Couscous,15/12/2021,1024,11331013
Couscous,15/12/2022,946,8142497.12
Couscous,15/12/2024,612,5700302.64
Couscous,15/12/2025,636,5923843.92
Couscous,16/01/2021,1752,16640370.96
Couscous,16/01/2022,160,1365139.2000000002
Couscous,16/01/2023,1406,11819909.919999998
Couscous,16/01/2024,1056,9835816.319999997
Couscous,16/01/2025,888,8271027.3599999985
Couscous,16/02/2021,1245.3,11227278.2
Couscous,16/02/2022,2368,14533600
Couscous,16/02/2023,1012,9190168.64
Couscous,16/02/2025,1008,9388733.759999996
Couscous,16/02/2026,1408.6,13120010.291999996
Couscous,16/03/2021,1764,16736370.959999999
Couscous,16/03/2022,124.2,773669.724
Couscous,16/03/2023,1524,13239952.079999998
Couscous,16/03/2024,2100,16201763.999999998
Couscous,16/03/2025,1009.45,9402185.823999997
Couscous,16/03/2026,1034.4,9634629.167999996
Couscous,16/04/2022,1980,13433999.760000002
Couscous,16/04/2023,1008,9388733.759999998
Couscous,16/04/2024,1492.44,11698991.944799999
Couscous,16/04/2025,1224,11400605.279999996
Couscous,16/04/2026,948,8829880.559999997
Couscous,16/05/2021,120,1266055.2
Couscous,16/05/2022,1418,10081776.32
Couscous,16/05/2023,1072.8400000000001,9373539.384799998
Couscous,16/05/2024,1532,12851521.439999996
Couscous,16/05/2026,864,8047486.079999998
Couscous,16/06/2021,830,8288616.200000001
Couscous,16/06/2022,610,5487857.92
Couscous,16/06/2025,769.44,7166733.436799999
Couscous,16/06/2026,1080,10059357.599999998
Couscous,16/07/2022,1808,15673213.76
Couscous,16/07/2023,1200,11177064
Couscous,16/07/2024,1152,10729981.439999998
Couscous,16/07/2025,1104,10282898.879999997
Couscous,16/07/2026,756,7041550.319999999
Couscous,16/08/2021,1148,11098284.12
Couscous,16/08/2022,1014,9113633.279999997
Couscous,16/08/2023,1092,10171128.239999998
Couscous,16/08/2025,588,5476761.36
Couscous,16/08/2026,1212,11288834.64
Couscous,16/09/2021,1201,12549077.83
Couscous,16/09/2023,1176,10953522.719999999
Couscous,16/09/2024,1820,15086270.399999995
Couscous,16/09/2025,900,8382797.999999999
Couscous,16/10/2021,1120,9507050.2
Couscous,16/10/2022,1020,9551504.4
Couscous,16/10/2023,792,7376862.2399999965
Couscous,16/10/2024,1044,9724045.679999998
Couscous,16/10/2025,768,7153320.959999998
Couscous,16/11/2021,1088,9994935.2
Couscous,16/11/2022,744,6966979.68
Couscous,16/11/2023,786,6985167.119999999
Couscous,16/11/2024,1284,11959458.479999997
Couscous,16/11/2025,979.77,9124959.958399996
Couscous,16/12/2021,868.5,9367250.97
Couscous,16/12/2023,900,8382797.999999994
Couscous,16/12/2024,750,6425981.999999999
Couscous,16/12/2025,765.6,7130966.831999997
Couscous,17/01/2021,1346,11655967.04
Couscous,17/01/2022,260,2218351.2
Couscous,17/01/2023,1210,10099091.599999998
Couscous,17/01/2024,1154.4,10752335.567999996
Couscous,17/01/2026,1428,13300706.16
Couscous,17/02/2021,846,6958718.260000001
Couscous,17/02/2022,2470,15157000
Couscous,17/02/2024,2074,15922282.079999998
Couscous,17/02/2025,756,7041550.319999998
Couscous,17/02/2026,1716.8,15244408.895999998
Couscous,17/03/2021,910,7730112.840000001
Couscous,17/03/2022,558.36,3696380.7992
Couscous,17/03/2024,1770,14135500.799999997
Couscous,17/03/2025,1272,11847687.839999998
Couscous,17/03/2026,876,8159256.719999998
Couscous,17/04/2021,1514,13594224.600000001
Couscous,17/04/2022,516,3450538.08
Couscous,17/04/2023,960,8941651.199999996
Couscous,17/04/2024,1696,14080555.919999998
Couscous,17/04/2025,889.21,8282244.011199997
Couscous,17/05/2021,756,8208826.4399999995
Couscous,17/05/2022,1095.1599999999999,7819466.079999999
Couscous,17/05/2023,808,6906761.359999999
Couscous,17/05/2025,1464,13636018.08
Couscous,17/05/2026,1440,13412476.799999995
Couscous,17/06/2021,536,4450130.24
Couscous,17/06/2023,1020,9500504.399999999
Couscous,17/06/2025,1056,9835816.319999998
Couscous,17/06/2026,1021.0799999999999,9510563.757599996
Couscous,17/07/2021,568,5893874.08
Couscous,17/07/2022,1456,12728416.72
Couscous,17/07/2023,1131,10534382.82
Couscous,17/07/2024,928,8494347.359999998
Couscous,17/07/2025,816,7600403.519999999
Couscous,17/08/2021,794,8790454.68
Couscous,17/08/2022,1036,10033923.52
Couscous,17/08/2023,1182,10897471.439999996
Couscous,17/08/2024,2716,20894581.92
Couscous,17/08/2025,996,9276963.119999997
Couscous,17/08/2026,1176,10953522.719999999
Couscous,17/09/2022,1650,15757130.399999993
Couscous,17/09/2023,2067,15260087.340000002
Couscous,17/09/2024,1344,12518311.679999998
Couscous,17/09/2025,1428,13300706.16
Couscous,17/10/2021,1450,13816808.500000002
Couscous,17/10/2022,816,7641203.52
Couscous,17/10/2023,476,3911197.92
Couscous,17/10/2024,1270.8400000000001,10680205.144799998
Couscous,17/11/2021,533.2,5587153.48
Couscous,17/11/2022,612,5730902.64
Couscous,17/11/2024,792.6,7382450.771999998
Couscous,17/11/2025,1080,10059357.599999996
Couscous,17/12/2022,1234,10839392.479999995
Couscous,17/12/2023,566,5085287.52
Couscous,17/12/2024,864,8047486.079999998
Couscous,17/12/2025,853.6,7950115.4399999995
Couscous,18/01/2021,856,7409176.6000000015
Couscous,18/01/2022,260,2218351.2
Couscous,18/01/2023,1472,12523875.039999995
Couscous,18/01/2024,1062.3200000000002,9670680.458399998
Couscous,18/01/2025,1374,12238055.279999997
Couscous,18/01/2026,1069.8999999999999,9965262.556000004
Couscous,18/02/2021,966,8100003.12
Couscous,18/02/2023,1910,16367623.600000001
Couscous,18/02/2024,1320,10056038.399999999
Couscous,18/02/2025,924,8606339.279999996
Couscous,18/02/2026,1044,9724045.679999996
Couscous,18/03/2021,1412,12580884.48
Couscous,18/03/2023,1756,15985295.12
Couscous,18/03/2024,1574,12683035.679999994
Couscous,18/03/2025,1188,11065293.359999996
Couscous,18/03/2026,852,7935715.439999999
Couscous,18/04/2021,744.8,6806405.470000001
Couscous,18/04/2022,732,4948609.68
Couscous,18/04/2023,1135.2,10573502.544
Couscous,18/04/2024,1344,11398945.68
Couscous,18/04/2026,1344,12518311.68
Couscous,18/05/2021,756,8006643
Couscous,18/05/2022,1098,7811003.5200000005
Couscous,18/05/2023,1064,9347486.079999998
Couscous,18/05/2024,2090,16817553.6
Couscous,18/05/2025,1308,12182999.760000002
Couscous,18/05/2026,1380.26,12104222.6772
Couscous,18/06/2022,1338,10522974.959999999
Couscous,18/06/2023,708,6594467.759999999
Couscous,18/06/2025,1357.2,12641259.384
Couscous,18/06/2026,984.12,9166310.186400002
Couscous,18/07/2021,781,7693461.910000002
Couscous,18/07/2022,1398,12745454.159999996
Couscous,18/07/2023,1440,13412476.799999999
Couscous,18/07/2024,984,9165192.479999999
Couscous,18/07/2026,972,9053421.84
Couscous,18/08/2021,834,9709574.64
Couscous,18/08/2022,1284,11218174.56
Couscous,18/08/2024,1668,14640626.159999996
Couscous,18/08/2025,936,8718109.919999998
Couscous,18/08/2026,1356,12630082.319999997
Couscous,18/09/2021,1418,12338248.7
Couscous,18/09/2022,1020,8809318.799999997
Couscous,18/09/2023,1360,12294217.2
Couscous,18/09/2024,1332,12406541.040000001
Couscous,18/09/2025,1296,12071229.119999997
Couscous,18/10/2021,1404,14474487.120000001
Couscous,18/10/2022,685.2,6415926.48
Couscous,18/10/2023,960,8941651.199999997
Couscous,18/10/2025,948,8829880.559999999
Couscous,18/11/2021,410,4153680.7399999998
Couscous,18/11/2023,1406,11789866.32
Couscous,18/11/2024,816,7600403.52
Couscous,18/11/2025,744,6929779.679999998
Couscous,18/12/2021,590,5845369.460000001
Couscous,18/12/2022,970,8367238.399999995
Couscous,18/12/2023,404,3464447.2799999993
Couscous,18/12/2024,936.24,8720345.332799999
Couscous,18/12/2025,768,7153320.959999997
Couscous,19/01/2021,964,7866058.24
Couscous,19/01/2022,230,1962387.6000000003
Couscous,19/01/2023,1080.6,9431563.331999999
Couscous,19/01/2025,972,9053421.839999996
Couscous,19/01/2026,1346,12350379.119999997
Couscous,19/02/2022,1314,8125800
Couscous,19/02/2023,1248,10540858.559999999
Couscous,19/02/2024,707.5,5656534.319999999
Couscous,19/02/2025,912,8494568.639999999
Couscous,19/02/2026,1200,11177063.999999998
Couscous,19/03/2022,1820.6,12345041.252
Couscous,19/03/2023,1236,11574175.919999996
Couscous,19/03/2024,1638,13577643.360000001
Couscous,19/03/2025,1024.25,9532568.119999995
Couscous,19/03/2026,336,3129577.92
Couscous,19/04/2021,1744.2,17096866.04
Couscous,19/04/2022,1008,6917302.319999999
Couscous,19/04/2023,889.5,8284527.360000001
Couscous,19/04/2025,1332,12406541.039999997
Couscous,19/04/2026,1284,11959458.479999995
Couscous,19/05/2021,1496,15860699.119999994
Couscous,19/05/2022,1040.8,7424643.5200000005
Couscous,19/05/2024,1498,11676657.36
Couscous,19/05/2025,1059,9863758.979999997
Couscous,19/05/2026,1344,12518311.679999996
Couscous,19/06/2021,1392,12111417.72
Couscous,19/06/2022,734,5693394.08
Couscous,19/06/2023,864,8047486.079999997
Couscous,19/06/2024,1140,10618210.799999999
Couscous,19/06/2025,828,7712174.159999999
Couscous,19/07/2021,408,4678899.12
Couscous,19/07/2022,1192,10590443.919999998
Couscous,19/07/2023,852,7561399.92
Couscous,19/07/2025,1068,9947586.959999997
Couscous,19/07/2026,840,7823944.8
Couscous,19/08/2021,326,3317405.16
Couscous,19/08/2023,1764,14415425.279999997
Couscous,19/08/2024,1488,12964066.559999999
Couscous,19/08/2025,792,7376862.239999998
Couscous,19/08/2026,924,8606339.279999997
Couscous,19/09/2021,1418,15106405.34
Couscous,19/09/2022,1463.4,11132071.12
Couscous,19/09/2023,1177,10962836.939999996
Couscous,19/09/2024,1482,13243991.040000001
Couscous,19/10/2021,656,7388943.319999999
Couscous,19/10/2022,840,7865944.799999999
Couscous,19/10/2023,672,6035282.639999999
Couscous,19/10/2024,1320,12294770.399999997
Couscous,19/10/2025,1107,10310841.540000001
Couscous,19/11/2022,1236,11574175.919999994
Couscous,19/11/2023,980,8381691.599999995
Couscous,19/11/2024,1058.1399999999999,9855340.2648
Couscous,19/11/2025,864,8047486.079999998
Couscous,19/12/2021,771.44,7607608.420000001
Couscous,19/12/2022,1152,10443875.039999997
Couscous,19/12/2023,788,7041107.759999997
Couscous,19/12/2024,900,8382797.999999997
Couscous,20/01/2021,1100,9787158.799999999
Couscous,20/01/2022,2516,32395422.399999995
Couscous,20/01/2024,1344,12518311.679999998
Couscous,20/01/2025,1248,11624146.559999997
Couscous,20/01/2026,1330,12126727.200000001
Couscous,20/02/2021,2370,20936703.599999998
Couscous,20/02/2022,1548,9573600
Couscous,20/02/2023,1364,11970814.480000002
Couscous,20/02/2024,1914,13349953.08
Couscous,20/02/2025,888,8271027.3599999985
Couscous,20/03/2021,1506,11328501.36
Couscous,20/03/2022,1874.16,12847184.995199999
Couscous,20/03/2023,1200,11237063.999999996
Couscous,20/03/2024,1490,11452894.8
Couscous,20/03/2025,852,7935715.439999998
Couscous,20/04/2021,832.08,7400699.680000001
Couscous,20/04/2022,1252.2,8730986.879999999
Couscous,20/04/2023,798,7010614.56
Couscous,20/04/2024,1588,13074620.159999996
Couscous,20/04/2025,780,7265091.6
Couscous,20/04/2026,1166,10860380.519999998
Couscous,20/05/2021,682.84,6132910.029999999
Couscous,20/05/2023,1080,9046238.399999999
Couscous,20/05/2024,1416,11845696.319999998
Couscous,20/05/2025,924.9,8614439.279999997
Couscous,20/05/2026,1056,9835816.319999998
Couscous,20/06/2021,1136,10568699.84
Couscous,20/06/2022,888,8244094.56
Couscous,20/06/2023,1020,9500504.399999995
Couscous,20/06/2024,1116,10394669.519999996
Couscous,20/06/2026,1236,11512375.919999998
Couscous,20/07/2022,876,8486683.92
Couscous,20/07/2023,936,7275628.8
Couscous,20/07/2024,1284,11959458.479999997
Couscous,20/07/2025,756,7041550.3199999975
Couscous,20/07/2026,1092,10171128.239999998
Couscous,20/08/2022,2128,19204506.160000004
Couscous,20/08/2023,1176,10953522.72
Couscous,20/08/2024,1556,13298935.920000004
Couscous,20/08/2025,960,8941651.2
Couscous,20/08/2026,936,8718109.92
Couscous,20/09/2021,1024,11254316.8
Couscous,20/09/2022,898,8429641.36
Couscous,20/09/2023,1438,12684916.559999997
Couscous,20/09/2025,936,8718109.919999998
Couscous,20/10/2021,1012.6,9272393.95
Couscous,20/10/2022,600,5618532
Couscous,20/10/2024,1895.6,14671059.432000007
Couscous,20/10/2025,877,8168570.939999998
Couscous,20/11/2021,728,8785576.52
Couscous,20/11/2022,648,6068014.5600000005
Couscous,20/11/2023,1106,9443346.719999997
Couscous,20/11/2024,1080,10059357.599999998
Couscous,20/11/2025,828,7712174.159999999
Couscous,20/12/2021,908,10050133.399999997
Couscous,20/12/2022,930,8279091.6
Couscous,20/12/2023,756,7041550.3199999975
Couscous,20/12/2025,888,8271027.359999999
Couscous,21/01/2021,1264.3600000000001,11040829.2004
Couscous,21/01/2023,1862,15230728.240000002
Couscous,21/01/2024,939.27,8740820.452199997
Couscous,21/01/2025,1108.54,10317017.416799998
Couscous,21/01/2026,1028.61,9574750.044799997
Couscous,21/02/2021,804,6908259.119999999
Couscous,21/02/2022,663.04,4161970.6584
Couscous,21/02/2023,1517.2,12879614.765999999
Couscous,21/02/2024,1196.2,8894092.969999997
Couscous,21/02/2026,1332,12406541.039999994
Couscous,21/03/2021,1908,18196077.479999997
Couscous,21/03/2022,1150.88,7814760.393600001
Couscous,21/03/2023,1432.0300000000002,13396092.827599995
Couscous,21/03/2024,1357.49,10579478.8968
Couscous,21/04/2021,974,8995690.68
Couscous,21/04/2022,1250.8899999999999,8606434.7958
Couscous,21/04/2024,1674.6399999999999,14024851.6088
Couscous,21/04/2025,764.58,7115406.377599998
Couscous,21/04/2026,1020,9500504.399999997
Couscous,21/05/2022,2184,15516539.279999997
Couscous,21/05/2023,968.9399999999999,8512025.088800002
Couscous,21/05/2024,1302.04,11224131.8748
Couscous,21/05/2025,911.2,8480441.763999997
Couscous,21/05/2026,1188,11065293.36
Couscous,21/06/2021,682,6703790.2
Couscous,21/06/2022,779.6,6011412.800000001
Couscous,21/06/2023,675.22,6281196.670399997
Couscous,21/06/2025,984,9165192.479999997
Couscous,21/06/2026,923.83,8600327.677599996
Couscous,21/07/2022,872,8119449.440000001
Couscous,21/07/2024,938.36,8733021.7592
Couscous,21/07/2025,636,5923843.919999998
Couscous,21/07/2026,1128,10506440.159999996
Couscous,21/08/2021,668,7192359.96
Couscous,21/08/2022,1235.03,11376558.314599996
Couscous,21/08/2023,1681.62,13977489.7784
Couscous,21/08/2024,1287.28,10638786.165599996
Couscous,21/08/2025,1008,9388733.76
Couscous,21/09/2021,1416,13257088.56
Couscous,21/09/2022,1142.9299999999998,10585788.040599998
Couscous,21/09/2023,962.4,8964005.328
Couscous,21/09/2024,1675.34,15596434.744
Couscous,21/09/2025,1084.54,10095960.125999995
Couscous,21/10/2021,1478,15157899.5
Couscous,21/10/2023,1183.63,11015149.192799998
Couscous,21/10/2024,1284,11959458.48
Couscous,21/10/2025,726.63,6761249.907999999
Couscous,21/11/2021,1552,13538405.200000001
Couscous,21/11/2022,1054.1200000000001,9861092.509399999
Couscous,21/11/2023,919.68,7960740.141599996
Couscous,21/11/2024,1388.8600000000001,11883021.178399995
Couscous,21/12/2021,1302,15653906.82
Couscous,21/12/2022,948,8877280.559999999
Couscous,21/12/2023,952,8046269.039999999
Couscous,21/12/2024,1122.01,10442686.359199999
Couscous,21/12/2025,844.6199999999999,7860995.078399999
Couscous,22/01/2022,430,4219270.08
Couscous,22/01/2023,1287.5,11130109.864599999
Couscous,22/01/2024,936,8718109.92
Couscous,22/01/2025,1188,11065293.36
Couscous,22/01/2026,1412,11957688.240000004
Couscous,22/02/2021,2086,19417435.96
Couscous,22/02/2022,1356,8383200
Couscous,22/02/2023,1109.6,9559914.711999996
Couscous,22/02/2024,1321.6,9585882.551999997
Couscous,22/02/2025,1273.94,11855574.337399997
Couscous,22/02/2026,1249.6399999999999,11630518.354799995
Couscous,22/03/2021,2058,19115069.04
Couscous,22/03/2022,1428.96,9885858.091200002
Couscous,22/03/2023,1603,14638496.059999995
Couscous,22/03/2025,1020,9500504.399999999
Couscous,22/04/2021,934,8421708.839999998
Couscous,22/04/2024,1848.5,14978446.559999995
Couscous,22/04/2025,1057.3,9847516.319999998
Couscous,22/04/2026,851.3399999999999,7925302.1174
Couscous,22/05/2021,1452,12169435.92
Couscous,22/05/2022,1144.1799999999998,8168102.6236
Couscous,22/05/2023,1276,11434669.519999998
Couscous,22/05/2024,1046,9108366.719999999
Couscous,22/05/2025,744,6929779.679999999
Couscous,22/06/2021,962,10010065.64
Couscous,22/06/2022,874,7499753.68
Couscous,22/06/2023,408,3800201.76
Couscous,22/06/2024,1326.86,11977495.927199997
Couscous,22/06/2025,948.39,8833480.972799998
Couscous,22/06/2026,1020,9500504.399999997
Couscous,22/07/2021,240,2752293.5999999996
Couscous,22/07/2023,996.91,8360525.019200001
Couscous,22/07/2024,1104,10282898.880000003
Couscous,22/07/2025,475.5899999999999,4423382.2793999985
Couscous,22/07/2026,888,8271027.359999999
Couscous,22/08/2021,1152,12587508.96
Couscous,22/08/2022,1166,10576438.4
Couscous,22/08/2023,1296,12071229.119999997
Couscous,22/08/2024,1440,12293110.8
Couscous,22/08/2026,1087.87,10121427.119999997
Couscous,22/09/2021,956,9522292.76
Couscous,22/09/2022,1454,12540298.879999995
Couscous,22/09/2024,1296,12071229.120000003
Couscous,22/09/2025,1227,11428547.939999998
Couscous,22/10/2022,816,7641203.52
Couscous,22/10/2023,673.2,6270332.903999999
Couscous,22/10/2024,1218.74,11343280.240799997
Couscous,22/10/2025,1032,9612275.04
Couscous,22/11/2021,973.4549999999999,10220357.479999999
Couscous,22/11/2022,792,7416462.2399999965
Couscous,22/11/2023,770,6761515.2
Couscous,22/11/2025,1062.3600000000001,9889110.543200001
Couscous,22/12/2021,958,9299517.34
Couscous,22/12/2022,728,6759867.76
Couscous,22/12/2024,948,8829880.559999999
Couscous,22/12/2025,1152,10729981.44
Couscous,23/01/2021,1700,14526610.52
Couscous,23/01/2022,572,6412848.960000001
Couscous,23/01/2023,1220,10507797.999999996
Couscous,23/01/2024,1020,9500504.399999999
Couscous,23/01/2025,948,8829880.559999999
Couscous,23/02/2021,2084,21159636.319999997
Couscous,23/02/2022,1086,6706200
Couscous,23/02/2023,1276,10803056.719999997
Couscous,23/02/2025,900,8382797.999999994
Couscous,23/02/2026,1246,11605518.119999995
Couscous,23/03/2021,1402,13782186.48
Couscous,23/03/2022,1468,9961861.84
Couscous,23/03/2023,1459.04,13519560.548799995
Couscous,23/03/2024,1874,15029555.279999997
Couscous,23/03/2025,745.05,6939334.679999999
Couscous,23/03/2026,732,6818009.039999999
Couscous,23/04/2022,2748,18797766.239999995
Couscous,23/04/2023,849.9,7346360.569
Couscous,23/04/2024,1368,11398613.759999996
Couscous,23/04/2025,1284,11959458.479999997
Couscous,23/04/2026,624,5812073.279999999
Couscous,23/05/2021,851,8012974.3100000005
Couscous,23/05/2022,1389.8,9886567.700000001
Couscous,23/05/2023,1248.72,11293146.3984
Couscous,23/05/2024,1194,9889876.079999996
Couscous,23/05/2026,972,9053421.839999996
Couscous,23/06/2021,940.53,8884910.260000002
Couscous,23/06/2022,504,4734900.4799999995
Couscous,23/06/2024,1126,9555006.72
Couscous,23/06/2025,1397.68,13012674.655599998
Couscous,23/06/2026,1092,10171128.239999996
Couscous,23/07/2022,1986,19083948.72
Couscous,23/07/2023,670,5736189.6
Couscous,23/07/2024,954,8773829.279999997
Couscous,23/07/2025,540,5029678.8
Couscous,23/07/2026,1218.34,11342181.936399998
Couscous,23/08/2021,742,8639455.2
Couscous,23/08/2022,1318,12028872.879999995
Couscous,23/08/2023,1986,15699625.920000002
Couscous,23/08/2025,1476,13747788.719999995
Couscous,23/08/2026,1428,13300706.159999996
Couscous,23/09/2021,730,7620314.859999999
Couscous,23/09/2023,1265.6,11444723.137999997
Couscous,23/09/2024,2372,18660607.439999998
Couscous,23/09/2025,901.2,8393975.064
Couscous,23/10/2021,1320,13307514.24
Couscous,23/10/2022,540,5056678.8
Couscous,23/10/2023,1280,10056591.599999998
Couscous,23/10/2024,1044,9724045.68
Couscous,23/10/2025,900,8382797.999999997
Couscous,23/11/2021,1736,16022131.400000002
Couscous,23/11/2022,709,6639231.979999998
Couscous,23/11/2023,780.72,6712114.838400001
Couscous,23/11/2024,1296,12071229.119999997
Couscous,23/11/2025,1020.4100000000001,9504312.519199999
Couscous,23/12/2021,438,5007387.179999999
Couscous,23/12/2023,1218.79,10672007.9344
Couscous,23/12/2024,984,9165192.479999995
Couscous,23/12/2025,792,7376862.239999999
Couscous,24/01/2021,1282,11408260.119999997
Couscous,24/01/2022,312.31999999999994,3445837.1842
Couscous,24/01/2023,1044,9260686.079999996
Couscous,24/01/2024,580,5029125.6
Couscous,24/01/2026,1128,10506440.159999993
Couscous,24/02/2021,1072,9148626.999999998
Couscous,24/02/2022,1304,8064800
Couscous,24/02/2024,1820,14190777.599999998
Couscous,24/02/2025,660.37,6150767.906399999
Couscous,24/02/2026,1332,12406541.04
Couscous,24/03/2021,1394,12671214.72
Couscous,24/03/2022,1536,10421264.399999999
Couscous,24/03/2024,1218,10785036.959999997
Couscous,24/03/2025,1212,11288834.639999993
Couscous,24/03/2026,804,7488632.879999999
Couscous,24/04/2021,1566,12357290.280000001
Couscous,24/04/2022,1399.2,9720501.36
Couscous,24/04/2023,786,7016587.200000001
Couscous,24/04/2024,1128,9834820.559999999
Couscous,24/04/2025,888,8271027.359999999
Couscous,24/05/2021,770,6687222.44
Couscous,24/05/2022,1040,7344769.04
Couscous,24/05/2023,1348,11767586.959999999
Couscous,24/05/2025,1212,11288834.64
Couscous,24/05/2026,1200,11177064
Couscous,24/06/2021,824,8721248.6
Couscous,24/06/2023,864,8047486.079999997
Couscous,24/06/2024,1200,11177063.999999996
Couscous,24/06/2025,1044,9724045.679999996
Couscous,24/06/2026,1104,10282898.879999999
Couscous,24/07/2021,308,3258863.88
Couscous,24/07/2022,1424.97,13345965.738399994
Couscous,24/07/2023,1692,15759660.239999998
Couscous,24/07/2024,948,8829880.56
Couscous,24/07/2025,432,4023743.0400000005
Couscous,24/08/2021,488,5330271.84
Couscous,24/08/2022,1108,9802814.559999997
Couscous,24/08/2023,1077.2,9063160.583999999
Couscous,24/08/2024,1960.29,16989946.812799998
Couscous,24/08/2025,1391.92,12957456.538399994
Couscous,24/08/2026,1484,13076058.48
Couscous,24/09/2022,1538,12589560.559999995
Couscous,24/09/2023,1572,12179348.639999997
Couscous,24/09/2024,1616,13633915.919999992
Couscous,24/09/2025,1093.2,10182305.303999998
Couscous,24/10/2021,2134,19211163.940000005
Couscous,24/10/2022,658.31,6155044.077199998
Couscous,24/10/2023,1210,10113528
Couscous,24/10/2024,1284,11959458.479999997
Couscous,24/11/2021,1108.8400000000001,10944482.23
Couscous,24/11/2022,564,5281420.080000001
Couscous,24/11/2024,888,8271027.36
Couscous,24/11/2025,1202,10561385.039999997
Couscous,24/12/2022,1185.68,10806840.824599996
Couscous,24/12/2023,1107.2,9417211.583999997
Couscous,24/12/2024,892.8,8315735.615999999
Couscous,24/12/2025,816,7600403.519999997
Couscous,25/01/2021,1376,12952296.56
Couscous,25/01/2022,100,853212.0000000001
Couscous,25/01/2023,1164,10212539.279999994
Couscous,25/01/2024,652,5699749.439999999
Couscous,25/01/2025,1152,10729981.439999998
Couscous,25/01/2026,1236,11512375.919999996
Couscous,25/02/2021,1268,11119269.559999999
Couscous,25/02/2023,1766,14675469.519999994
Couscous,25/02/2024,1272,9608955.839999996
Couscous,25/02/2025,996,9276963.119999997
Couscous,25/02/2026,1140,10618210.799999997
Couscous,25/03/2021,1057.62,9219479.999999996
Couscous,25/03/2023,1916,17369001.519999996
Couscous,25/03/2024,1516,12180123.12
Couscous,25/03/2025,1224,11400605.279999997
Couscous,25/03/2026,912,8494568.639999999
Couscous,25/04/2021,891.8,7269342.58
Couscous,25/04/2022,1188,8175848.640000001
Couscous,25/04/2023,1701.6,14413824.551999997
Couscous,25/04/2024,1347,11240327.339999998
Couscous,25/04/2026,1032,9612275.04
Couscous,25/05/2021,1260,11960865.360000001
Couscous,25/05/2022,988,9588294.159999998
Couscous,25/05/2023,916,8081550.319999999
Couscous,25/05/2024,2040,15866783.999999998
Couscous,25/05/2025,972,9053421.839999998
Couscous,25/05/2026,1380,12853623.6
Couscous,25/06/2022,1911.2600000000002,16481094.4042
Couscous,25/06/2023,1128,10506440.159999996
Couscous,25/06/2024,1020,9500504.399999999
Couscous,25/06/2025,996,9276963.12
Couscous,25/06/2026,804,7488632.880000001
Couscous,25/07/2021,632,7293729.3599999985
Couscous,25/07/2022,1246,11771315.439999998
Couscous,25/07/2023,1404,12739458.479999999
Couscous,25/07/2024,1176,10953522.719999995
Couscous,25/07/2026,900,8382797.999999998
Couscous,25/08/2021,611.29,7145367.469999999
Couscous,25/08/2022,1232,11310049.04
Couscous,25/08/2024,1277,10177897.740000002
Couscous,25/08/2025,1068,9947586.959999999
Couscous,25/08/2026,780,7265091.6
Couscous,25/09/2021,1399.0100000000002,12560390.530000001
Couscous,25/09/2022,964,8351219.68
Couscous,25/09/2023,1588,13746239.759999998
Couscous,25/09/2024,1160,10058251.2
Couscous,25/09/2025,1140,10618210.799999997
Couscous,25/10/2021,1168.9199999999998,11720821.420000002
Couscous,25/10/2022,528,4944308.159999999
Couscous,25/10/2023,1179.3,9677924.159999996
Couscous,25/10/2025,1128,10506440.159999996
Couscous,25/11/2021,288,3820184.8800000004
Couscous,25/11/2023,1396,11957909.519999998
Couscous,25/11/2024,1176,10953522.72
Couscous,25/11/2025,720,6706238.399999998
Couscous,25/12/2021,1117.79,12171173.79
Couscous,25/12/2022,1060,9639651.199999996
Couscous,25/12/2023,912,8494568.639999999
Couscous,25/12/2024,924,8606339.279999996
Couscous,25/12/2025,888,8271027.360000002
Couscous,26/01/2021,1328,12225691.16
Couscous,26/01/2022,200,1706424.0000000002
Couscous,26/01/2023,990,8497238.399999997
Couscous,26/01/2025,912,8494568.639999997
Couscous,26/01/2026,1024.35,9540989.123999998
Couscous,26/02/2022,1642,11111835.040000001
Couscous,26/02/2023,1458,12364133.759999996
Couscous,26/02/2024,967,7066616.34
Couscous,26/02/2025,1140,10618210.799999997
Couscous,26/02/2026,1460,12852517.199999997
Couscous,26/03/2022,2222,15006743.599999998
Couscous,26/03/2023,1224,11461805.279999997
Couscous,26/03/2024,1704,12737206.08
Couscous,26/03/2025,1032,9612275.039999997
Couscous,26/03/2026,1202.53,11196002.993599996
Couscous,26/04/2021,1264.6299,10767493.503311
Couscous,26/04/2022,1273.2,8741155.2
Couscous,26/04/2023,1312,11094568.639999997
Couscous,26/04/2025,1068,9947586.959999999
Couscous,26/04/2026,696,6482697.119999999
Couscous,26/05/2021,824,7565726.84
Couscous,26/05/2022,1232,11954275.04
Couscous,26/05/2024,1396,11734036.319999998
Couscous,26/05/2025,852,7935715.439999998
Couscous,26/05/2026,636,5923843.919999999
Couscous,26/06/2021,1108,10643286.64
Couscous,26/06/2022,1024.8,9232100.819999998
Couscous,26/06/2023,1128,10506440.16
Couscous,26/06/2024,1044,9724045.679999996
Couscous,26/06/2025,648,6035614.5600000005
Couscous,26/07/2021,740,8093379.6
Couscous,26/07/2022,1108,10666070.319999997
Couscous,26/07/2023,1141.2,10629387.863999998
Couscous,26/07/2025,456,4247284.319999999
Couscous,26/07/2026,840,7823944.799999999
Couscous,26/08/2021,630,7019568.48
Couscous,26/08/2023,2366,17821165.919999998
Couscous,26/08/2024,1048,9388180.559999995
Couscous,26/08/2025,900,8382797.999999996
Couscous,26/08/2026,1608,14977265.759999994
Couscous,26/09/2021,1374,12964486.98
Couscous,26/09/2022,1404,13147364.879999993
Couscous,26/09/2023,1538,14138709.360000001
Couscous,26/09/2024,1896.17,14974855.426399997
Couscous,26/10/2021,886,8582584.299999999
Couscous,26/10/2022,624,5843273.279999999
Couscous,26/10/2023,1002,7206053.039999999
Couscous,26/10/2024,1236,11512375.919999998
Couscous,26/10/2025,1164,10841752.080000002
Couscous,26/11/2022,1368,12810252.959999997
Couscous,26/11/2023,896,7375423.919999998
Couscous,26/11/2024,1080,10059357.6
Couscous,26/11/2025,672,6259155.839999998
Couscous,26/12/2021,1270,11723463.7
Couscous,26/12/2022,964,8740686.079999998
Couscous,26/12/2023,792,7376862.239999997
Couscous,26/12/2024,900,8382798
Couscous,27/01/2021,1344,13161470.399999997
Couscous,27/01/2022,510,4351381.200000001
Couscous,27/01/2024,984,9165192.479999999
Couscous,27/01/2025,1092,10171128.239999998
Couscous,27/01/2026,1248,11624146.559999999
Couscous,27/02/2021,2906,26843126.240000002
Couscous,27/02/2022,1340,9207904.4
Couscous,27/02/2023,1240,10465944.799999997
Couscous,27/02/2024,1308,9944267.759999994
Couscous,27/02/2025,1152,10729981.439999996
Couscous,27/03/2021,1496,12425217.24
Couscous,27/03/2022,1885.3899999999999,12840450.585800001
Couscous,27/03/2023,1515.2,13186189.143999998
Couscous,27/03/2024,1126,8883387.12
Couscous,27/03/2025,1200,11177063.999999998
Couscous,27/04/2021,1368.6,11234096.75
Couscous,27/04/2022,1217.8400000000001,8483571.180800002
Couscous,27/04/2023,1468,13054146.56
Couscous,27/04/2024,1870,15365420.399999995
Couscous,27/04/2025,960,8941651.2
Couscous,27/04/2026,829.1,7722074.16
Couscous,27/05/2021,644,6197615.96
Couscous,27/05/2023,1383,11981015.859999996
Couscous,27/05/2024,1469.2,12191775.491999999
Couscous,27/05/2025,900,8382798
Couscous,27/06/2021,886,8808029.2
Couscous,27/06/2022,1090,9790278.4
Couscous,27/06/2023,588,5476761.359999999
Couscous,27/06/2024,988,8829327.36
Couscous,27/06/2026,744,6929779.68
Couscous,27/07/2021,1610,16921171.439999998
Couscous,27/07/2022,1328,12845533.759999998
Couscous,27/07/2023,1164,10504045.68
Couscous,27/07/2024,1940,16651723.199999996
Couscous,27/07/2025,864,8047486.079999999
Couscous,27/07/2026,1165,10851066.299999997
Couscous,27/08/2022,2150,19724903.599999994
Couscous,27/08/2023,1016.6,8274845.651999996
Couscous,27/08/2024,1152.6,9392330.772
Couscous,27/08/2025,912,8494568.639999997
Couscous,27/08/2026,1620,15089036.399999997
Couscous,27/09/2021,854,8727356.42
Couscous,27/09/2022,1290,11803343.999999996
Couscous,27/09/2023,1284,11959458.479999999
Couscous,27/09/2025,1380,12853623.599999998
Couscous,27/10/2021,1410,13224643.38
Couscous,27/10/2022,516,4831937.52
Couscous,27/10/2024,924,8606339.279999997
Couscous,27/10/2025,972,9053421.839999996
Couscous,27/11/2021,980,10186701.2
Couscous,27/11/2022,949.2,8888517.623999996
Couscous,27/11/2023,640,5587978.8
Couscous,27/11/2024,828,7712174.159999998
Couscous,27/11/2025,793.2,7388039.303999998
Couscous,27/12/2021,444,6027524.5200000005
Couscous,27/12/2022,956,8379350.319999999
Couscous,27/12/2023,900,7935051.599999998
Couscous,27/12/2025,1116,10394669.519999998
Couscous,28/01/2021,1937.01,17324725.0955
Couscous,28/01/2023,1220,10679651.199999996
Couscous,28/01/2024,842.6,7661600.772
Couscous,28/01/2025,816,7600403.520000001
Couscous,28/01/2026,1008,9388733.759999998
Couscous,28/02/2021,1294,11688994
Couscous,28/02/2022,1414,9588339.279999997
Couscous,28/02/2023,1094,9728168.639999997
Couscous,28/02/2024,1254,10000982.879999999
Couscous,28/02/2026,1272,11847687.84
Couscous,28/03/2021,1804,17591417
Couscous,28/03/2022,1472.8,10084255.216
Couscous,28/03/2023,1856.04,16443298.888799997
Couscous,28/03/2024,1472,11844921.839999996
Couscous,28/03/2026,1704,15871430.879999995
Couscous,28/04/2021,888.12,7185223.7299999995
Couscous,28/04/2022,1239.6,8506573.92
Couscous,28/04/2024,1486,12684252.719999999
Couscous,28/04/2025,816,7600403.519999999
Couscous,28/04/2026,955,8521958.1
Couscous,28/05/2022,2100,19981935.119999997
Couscous,28/05/2023,940,8305091.599999998
Couscous,28/05/2024,1382,11342451.839999998
Couscous,28/05/2025,840,7823944.8
Couscous,28/06/2021,1044,10787946.72
Couscous,28/06/2022,1066.4,9248182.639999999
Couscous,28/06/2025,816,7600403.52
Couscous,28/06/2026,984,9165192.479999999
Couscous,28/07/2021,560.2099999999999,5689422.13
Couscous,28/07/2022,1144,10857072.879999995
Couscous,28/07/2024,1288,11623593.360000001
Couscous,28/07/2025,612,5700302.639999999
Couscous,28/07/2026,886,8252398.919999998
Couscous,28/08/2021,676,6588423.84
Couscous,28/08/2022,1418,12434480.959999997
Couscous,28/08/2023,1704,14752064.879999999
Couscous,28/08/2024,1016,8493130.32
Couscous,28/08/2025,804,7488632.879999997
Couscous,28/09/2021,814.84,8852385.25
Couscous,28/09/2022,1536,14383441.919999994
Couscous,28/09/2023,1378,10782824.159999998
Couscous,28/09/2024,1416,13188935.52
Couscous,28/09/2025,1140,10618210.799999997
Couscous,28/10/2021,1169,11983135.64
Couscous,28/10/2023,1736,12960636.72
Couscous,28/10/2024,1142,10450278.239999996
Couscous,28/10/2025,853.2,7946892.503999999
Couscous,28/11/2021,1474,13379299.060000002
Couscous,28/11/2022,1032,9663875.039999997
Couscous,28/11/2023,826,6760740.719999999
Couscous,28/11/2024,900,8382798
Couscous,28/12/2021,420,5713763.28
Couscous,28/12/2022,1186,10389909.919999998
Couscous,28/12/2023,816,7600403.519999999
Couscous,28/12/2024,1068,9947586.959999999
Couscous,28/12/2025,648,6035614.559999998
Couscous,29/01/2022,270,2303672.4000000004
Couscous,29/01/2023,1062,9171462.239999998
Couscous,29/01/2024,837.3,7052143.919999997
Couscous,29/01/2025,864,8047486.079999999
Couscous,29/01/2026,900,8382798.000000001
Couscous,29/02/2024,1434,10558176.479999997
Couscous,29/03/2021,1694,16661324.16
Couscous,29/03/2022,946,6385321.359999999
Couscous,29/03/2023,1350.4,11789941.087999998
Couscous,29/03/2025,876,8159256.719999998
Couscous,29/03/2026,1284.48,11963929.305599995
Couscous,29/04/2021,1030.4,7975958.16
Couscous,29/04/2023,2012,16488834.639999997
Couscous,29/04/2024,1848,15197819.759999998
Couscous,29/04/2025,912,8494568.64
Couscous,29/04/2026,768,7153320.959999999
Couscous,29/05/2021,1125.27,8367064.140000001
Couscous,29/05/2022,1579.6,15716655.519999998
Couscous,29/05/2023,1070,9150091.599999996
Couscous,29/05/2024,1246,10672713.119999997
Couscous,29/05/2025,876,8159256.719999997
Couscous,29/06/2021,630,5781001.5600000005
Couscous,29/06/2022,995.2,8510526.879999999
Couscous,29/06/2024,1832,14750294.639999997
Couscous,29/06/2025,924,8606339.279999997
Couscous,29/06/2026,1152,10729981.439999998
Couscous,29/07/2021,176,1756111.6800000002
Couscous,29/07/2023,1638,14496852.959999999
Couscous,29/07/2024,1674,15032321.279999997
Couscous,29/07/2025,924,8606339.28
Couscous,29/07/2026,876,8159256.719999999
Couscous,29/08/2021,864,9573375.84
Couscous,29/08/2022,1320,12376139.279999994
Couscous,29/08/2023,1260,11735917.2
Couscous,29/08/2024,1056,9835816.319999997
Couscous,29/08/2026,1260,11735917.2
Couscous,29/09/2021,710,7063530.619999998
Couscous,29/09/2022,1140,10675210.799999997
Couscous,29/09/2024,2364,17989098.480000008
Couscous,29/09/2025,1212,11288834.64
Couscous,29/10/2022,780,7304091.599999998
Couscous,29/10/2023,974,8661616.079999996
Couscous,29/10/2024,984,9165192.48
Couscous,29/10/2025,876,8159256.72
Couscous,29/11/2021,1456,15678594.52
Couscous,29/11/2022,792,7416462.239999996
Couscous,29/11/2023,734,6650076.479999999
Couscous,29/11/2025,828,7712174.1599999955
Couscous,29/12/2021,732,9649545.120000003
Couscous,29/12/2022,628,5594308.159999998
Couscous,29/12/2024,816,7600403.519999999
Couscous,29/12/2025,696,6482697.119999998
Couscous,30/01/2021,1430,11369729.72
Couscous,30/01/2022,2170,22121110.799999997
Couscous,30/01/2023,930,7935385.199999999
Couscous,30/01/2024,772,6817455.84
Couscous,30/01/2025,840,7823944.8
Couscous,30/03/2021,1307.24,11303434.93
Couscous,30/03/2022,1188,7978806.479999999
Couscous,30/03/2023,1360,12385917.199999994
Couscous,30/03/2024,2210,18383006.4
Couscous,30/03/2025,444,4135513.6800000006
Couscous,30/03/2026,948,8829880.559999999
Couscous,30/04/2022,2164,15507284.079999998
Couscous,30/04/2023,966.4,8719840.208
Couscous,30/04/2024,1694,13576868.88
Couscous,30/04/2025,1098.35,10230188.559999997
Couscous,30/04/2026,1020,9500504.399999999
Couscous,30/05/2021,836,7982588.959999998
Couscous,30/05/2022,1480.4,14469634.64
Couscous,30/05/2023,1000,9032797.999999998
Couscous,30/05/2024,1308,10615887.359999998
Couscous,30/05/2026,636,5923843.92
Couscous,30/06/2021,570,5109441.84
Couscous,30/06/2022,1322,11787555.440000001
Couscous,30/06/2024,1233,10477003.859999998
Couscous,30/06/2025,1308.12,12184117.466399997
Couscous,30/06/2026,1092,10171128.239999996
Couscous,30/07/2022,1502,13549408.639999997
Couscous,30/07/2023,1676,14203522.72
Couscous,30/07/2024,1188,11065293.359999996
Couscous,30/07/2025,927,8634281.939999998
Couscous,30/07/2026,1054,9817187.879999999
Couscous,30/08/2021,1354,15648349.44
Couscous,30/08/2022,921.2,8223667.783999999
Couscous,30/08/2023,1143,10646153.459999997
Couscous,30/08/2025,1416,13188935.52
Couscous,30/08/2026,1356,12630082.319999997
Couscous,30/09/2021,700,7059543.880000001
Couscous,30/09/2023,1168,9834267.359999996
Couscous,30/09/2024,1544,13634911.680000002
Couscous,30/09/2025,867.77,8082124.382399999
Couscous,30/10/2021,1076,10510575.8
Couscous,30/10/2022,804,7528832.879999996
Couscous,30/10/2023,1212,11288834.639999993
Couscous,30/10/2024,804,7488632.879999999
Couscous,30/10/2025,828,7712174.159999998
Couscous,30/11/2021,1306,14164088.379999999
Couscous,30/11/2022,816,7641203.519999996
Couscous,30/11/2023,912,7599075.839999998
Couscous,30/11/2024,948,8829880.559999999
Couscous,30/11/2025,804,7488632.879999997
Couscous,30/12/2021,478,6514680.120000001
Couscous,30/12/2023,1372,11734368.239999998
Couscous,30/12/2024,924,8606339.28
Couscous,30/12/2025,736,5810524.319999998
Couscous,31/01/2021,1572,14306425.8
Couscous,31/01/2022,190,1621102.8000000003
Couscous,31/01/2023,1078,8863014.559999999
Couscous,31/01/2024,732.2,6595935.84
Couscous,31/01/2026,1116,10394669.520000005
Couscous,31/03/2021,1340,10944481.440000001
Couscous,31/03/2022,1134.4,7652240.607999999
Couscous,31/03/2024,1840,14750184
Couscous,31/03/2026,1035,9640217.7
Couscous,31/05/2021,930,8865057
Couscous,31/05/2022,1294,12702706.959999997
Couscous,31/05/2023,1322,12003834.639999997
Couscous,31/05/2025,804,7488632.879999997
Couscous,31/05/2026,900,8382797.999999997
Couscous,31/07/2021,612,6740590.559999999
Couscous,31/07/2022,524,4736292.800000001
Couscous,31/07/2023,1204,10932898.879999999
Couscous,31/07/2024,1140,10170464.399999997
Couscous,31/07/2025,1272,11847687.84
Couscous,31/08/2021,906.1,10779052.870000001
Couscous,31/08/2022,1302,11609862.239999998
Couscous,31/08/2023,1082,9891425.04
Couscous,31/08/2024,1650,14808780.000000002
Couscous,31/08/2025,1056,9835816.32
Couscous,31/08/2026,1068,9947586.959999999
Couscous,31/10/2021,1754,16382644.22
Couscous,31/10/2022,444,4157713.679999999
Couscous,31/10/2023,1394,11678095.679999996
Couscous,31/10/2024,972,9053421.839999998
Couscous,31/12/2022,1541.56,14148886.451199997
Couscous,31/12/2023,1602,12346838.639999997
Couscous,31/12/2024,984,9165192.48
Couscous,31/12/2025,1722,13016798.64
Farine,01/01/2023,1178,3991594
Farine,01/01/2024,1679,5394035.25
Farine,01/01/2025,1151,3834732
Farine,01/01/2026,1765,5861270
Farine,01/02/2021,1040,2690704
Farine,01/02/2022,2295,6426049.649999999
Farine,01/02/2023,1569,5175848.25
Farine,01/02/2024,1796,5815242
Farine,01/02/2025,1777,6121912
Farine,01/02/2026,1530,5106464
Farine,01/03/2021,1911,5654622
Farine,01/03/2022,2112,6224887.99
Farine,01/03/2023,1495,5225722.25
Farine,01/03/2025,1776,6540411
Farine,01/03/2026,1171,4486983
Farine,01/04/2021,1742.71,5231406.4
Farine,01/04/2023,1275,5719698.75
Farine,01/04/2024,1394,5448416
Farine,01/04/2026,1880,6637612
Farine,01/05/2021,1880,5228320
Farine,01/05/2022,1032,3790454.4900000007
Farine,01/05/2023,2189,7900851
Farine,01/05/2024,1003,2987986
Farine,01/05/2025,1289,3929582
Farine,01/06/2021,2498,6119649
Farine,01/06/2022,1503.9,4967529.576
Farine,01/06/2023,995,3341352.25
Farine,01/06/2024,1184,3507558
Farine,01/06/2025,1498,5178486
Farine,01/06/2026,2111,7143351
Farine,01/07/2021,1099.77,2846988.8
Farine,01/07/2023,1323,4647950.25
Farine,01/07/2024,1609,5373368
Farine,01/07/2025,1668,5540775
Farine,01/07/2026,1367,4917483
Farine,01/08/2021,1356,3440669
Farine,01/08/2022,1626,4895739
Farine,01/08/2023,1643,5081160.25
Farine,01/08/2024,1974,6432326
Farine,01/08/2026,1480,5007992
Farine,01/09/2021,1784,4263438
Farine,01/09/2022,1479,4759850.25
Farine,01/09/2024,1300,4460110
Farine,01/09/2025,2263,7641985
Farine,01/09/2026,1151,3339994
Farine,01/10/2022,1369,4584884
Farine,01/10/2023,1566,4754167.5
Farine,01/10/2024,1411,4813562
Farine,01/10/2025,1709,5864749
Farine,01/11/2021,1581,4939680.8100000005
Farine,01/11/2022,814,2307296
Farine,01/11/2023,1468,4765433
Farine,01/11/2025,1539,5085501
Farine,01/12/2021,1940,5717299.57
Farine,01/12/2022,1501,4981930.25
Farine,01/12/2024,1609,5635958
Farine,01/12/2025,1579,5534842
Farine,02/01/2021,2636,7317372
Farine,02/01/2022,3842,11293902.010000002
Farine,02/01/2023,892,2301002.75
Farine,02/01/2024,2639,9256155
Farine,02/01/2025,1364,4386128
Farine,02/02/2021,1447,3645334
Farine,02/02/2022,2396,7217712.470000001
Farine,02/02/2023,1390,4793239.25
Farine,02/02/2025,1670,5627448
Farine,02/02/2026,1634,5375196
Farine,02/03/2021,1680.1,5088097
Farine,02/03/2022,1855,5412485.450000001
Farine,02/03/2023,1514,5321137.75
Farine,02/03/2024,1546,4848382
Farine,02/03/2025,1407,5336544
Farine,02/03/2026,1305,4675042
Farine,02/04/2022,2176,7468854.62
Farine,02/04/2023,1424,6179099.5
Farine,02/04/2024,1392,5327329
Farine,02/04/2026,2039.45,7021706.9
Farine,02/05/2021,1938.8,5696333.6
Farine,02/05/2023,1720,6647152
Farine,02/05/2024,1026,3108642
Farine,02/05/2026,1869,6354512
Farine,02/06/2021,1892,4781018
Farine,02/06/2022,1509.25,4989035.24
Farine,02/06/2024,1065,3214740
Farine,02/06/2025,1538,5181921
Farine,02/06/2026,2085,7337382
Farine,02/07/2022,811,2855206.07
Farine,02/07/2023,1150,4124393.75
Farine,02/07/2024,2190,6655972
Farine,02/07/2025,1758,6263219
Farine,02/07/2026,1377,4815184
Farine,02/08/2021,1448,3368396
Farine,02/08/2022,1864.98,5129713.89
Farine,02/08/2023,1885,5641140.5
Farine,02/08/2025,1469,4955097
Farine,02/08/2026,1559,5163316
Farine,02/09/2021,1683,4074959
Farine,02/09/2023,1602,4843824.75
Farine,02/09/2024,1223,4246136
Farine,02/09/2025,1824,6542965
Farine,02/09/2026,1142,3359909
Farine,02/10/2021,1905,5253900
Farine,02/10/2022,1575,5490813.75
Farine,02/10/2023,1629,4975045.25
Farine,02/10/2024,1337,4653924
Farine,02/10/2025,1740,6039299
Farine,02/11/2021,1581,5001560.670000002
Farine,02/11/2022,1333,3850481
Farine,02/11/2023,1328,4368847.75
Farine,02/11/2024,1894,6068248
Farine,02/11/2025,1539,5207620
Farine,02/12/2021,2009,5593030.870000002
Farine,02/12/2023,1392,4461297
Farine,02/12/2024,1583,5373857
Farine,02/12/2025,1559.5,5580094
Farine,03/01/2021,2565,6864825
Farine,03/01/2022,2562,7340714.79
Farine,03/01/2023,1623,5626000.5
Farine,03/01/2024,1204,4002972.5
Farine,03/01/2026,1446,5037722
Farine,03/02/2021,1603,4113676
Farine,03/02/2022,2421,7844385.57
Farine,03/02/2024,1694,5668358
Farine,03/02/2025,1464,5130076
Farine,03/02/2026,1449,4998946
Farine,03/03/2021,1239,3964023
Farine,03/03/2022,2030,6050572
Farine,03/03/2024,1580,5362480
Farine,03/03/2025,1802,6197524
Farine,03/03/2026,1262,4804273
Farine,03/04/2021,2358,7582306
Farine,03/04/2022,1830,6111579.66
Farine,03/04/2023,1453,6158323.25
Farine,03/04/2024,1456,5577022
Farine,03/04/2025,1983,7228786
Farine,03/05/2021,1546,4186187
Farine,03/05/2023,1752,6706952
Farine,03/05/2025,1754,5336478
Farine,03/05/2026,1828,6199944
Farine,03/06/2021,1548,4654899
Farine,03/06/2023,1328,4698910
Farine,03/06/2024,1165,3412640
Farine,03/06/2025,1487.33,4839425.6899999995
Farine,03/06/2026,1994,6807271
Farine,03/07/2021,1098,3377946
Farine,03/07/2022,1425,4223544
Farine,03/07/2023,1353,4242462
Farine,03/07/2024,1216,4324334
Farine,03/07/2025,2003,7134040
Farine,03/08/2021,1564,3685023
Farine,03/08/2022,1059,3982511.25
Farine,03/08/2023,1536,4755133.25
Farine,03/08/2024,1954,6578338
Farine,03/08/2025,1635,5514425
Farine,03/08/2026,1498,5144569
Farine,03/09/2022,1485,4664781.75
Farine,03/09/2023,1249,3958427.5
Farine,03/09/2024,1284,4473768
Farine,03/09/2025,2149,6952704
Farine,03/09/2026,1199,3439406
Farine,03/10/2021,1840,5070365
Farine,03/10/2022,2096,7632130
Farine,03/10/2023,1548,4881260.75
Farine,03/10/2024,1412,4922994
Farine,03/11/2021,1918,6591308.810000002
Farine,03/11/2022,1304,3498088.5
Farine,03/11/2024,1540,4643170
Farine,03/11/2025,1457,5069801
Farine,03/12/2022,1708,5779447.25
Farine,03/12/2023,1194,3955082.25
Farine,03/12/2024,1636,5737552
Farine,03/12/2025,1558,5674035
Farine,04/01/2021,1782,4669709
Farine,04/01/2022,1985,6121164.820000002
Farine,04/01/2023,1701,5647713.75
Farine,04/01/2024,1555,4760476.5
Farine,04/01/2025,1373,4569856
Farine,04/01/2026,1599,5276848
Farine,04/02/2021,1632,4460726
Farine,04/02/2023,1493,5070110.5
Farine,04/02/2024,1502,5134184
Farine,04/02/2025,1563,5429881
Farine,04/02/2026,1584,5383091
Farine,04/03/2021,1417.31,4846409.4
Farine,04/03/2024,1392,4528944
Farine,04/03/2025,1156,4652124
Farine,04/03/2026,1119,4388439
Farine,04/04/2021,2908,8015336
Farine,04/04/2022,1596,5634066.87
Farine,04/04/2023,1164,5311096.5
Farine,04/04/2024,1688.9,6139411.8
Farine,04/04/2026,1713,5715034
Farine,04/05/2021,1410.1,3652265.1999999997
Farine,04/05/2022,1183,3768002.7199999997
Farine,04/05/2023,1530,5737050.75
Farine,04/05/2024,1178,3511796
Farine,04/05/2025,1524,4901331
Farine,04/05/2026,2134.5,6931950
Farine,04/06/2022,1572,4931181.51
Farine,04/06/2023,1078,3744921.75
Farine,04/06/2024,1116,3313262
Farine,04/06/2025,1412.8899999999999,4471950.97
Farine,04/06/2026,2149,7175336
Farine,04/07/2021,1363,3502191
Farine,04/07/2022,1336,4155184.9700000007
Farine,04/07/2023,1466,4896636.25
Farine,04/07/2024,1228,4048706
Farine,04/07/2026,1758,6010547
Farine,04/08/2021,1508,3835224
Farine,04/08/2022,1734,5342781.75
Farine,04/08/2024,1541,6013202
Farine,04/08/2025,1432,4794857
Farine,04/08/2026,1832,5694822
Farine,04/09/2021,1488,3795446
Farine,04/09/2022,1322.5,4104559.75
Farine,04/09/2023,1620,5133447.5
Farine,04/09/2024,1158,4160416
Farine,04/09/2025,2129,7040550
Farine,04/10/2021,1850,5090065
Farine,04/10/2022,1591,5013219.5
Farine,04/10/2023,1421,4484220.75
Farine,04/10/2025,2063,7165447
Farine,04/11/2021,2193,6633233.010000001
Farine,04/11/2023,1755,5905095.5
Farine,04/11/2024,2145,6810610
Farine,04/11/2025,2443,6979187
Farine,04/12/2021,1634,5185431.28
Farine,04/12/2022,1457,4813758.25
Farine,04/12/2023,1500,4570116.75
Farine,04/12/2024,1692.27,6138252.11
Farine,04/12/2025,1774,6208650
Farine,05/01/2021,1266,3886719
Farine,05/01/2022,1879,5953195.460000002
Farine,05/01/2023,1706,6027370
Farine,05/01/2025,1583.04,4827798.899999999
Farine,05/01/2026,1412,4928664
Farine,05/02/2022,2322,6662261.640000001
Farine,05/02/2023,1374,4805701.5
Farine,05/02/2024,1500,5216600
Farine,05/02/2025,1292,4601146
Farine,05/02/2026,1761.05,5965166.1
Farine,05/03/2022,1653,5288040.21
Farine,05/03/2024,1438,4741136
Farine,05/03/2025,1039.77,4274254.26
Farine,05/03/2026,955,3848868
Farine,05/04/2021,2552.9,7466138
Farine,05/04/2022,1815,5481266.100000001
Farine,05/04/2023,1337,5645989
Farine,05/04/2025,1902,7319902
Farine,05/04/2026,1452,4910896
Farine,05/05/2021,2222.7,5173102.9
Farine,05/05/2024,1196.51,3537590.1799999997
Farine,05/05/2025,1764,5119232
Farine,05/05/2026,1929,6517032
Farine,05/06/2021,1940,6093664
Farine,05/06/2022,1243,3519155.06
Farine,05/06/2023,1393,4349268.5
Farine,05/06/2024,1217,3619394
Farine,05/06/2025,1195,3504330
Farine,05/07/2021,844,1815272
Farine,05/07/2022,310,610700
Farine,05/07/2023,1472,5026572.25
Farine,05/07/2025,1824,6020095
Farine,05/07/2026,1387,4834884
Farine,05/08/2021,1900,5211463
Farine,05/08/2023,1966,5880051
Farine,05/08/2024,1845,6448485
Farine,05/08/2025,1528,5213255
Farine,05/08/2026,1717,5772336
Farine,05/09/2021,2574,6614773
Farine,05/09/2022,1510,4605838.5
Farine,05/09/2023,1334,4036895.5
Farine,05/09/2024,1228,3997536
Farine,05/09/2026,1256,3504542
Farine,05/10/2021,1975,5307365
Farine,05/10/2022,1480,4824528.5
Farine,05/10/2023,1611,4885127.25
Farine,05/10/2024,1515,5062720
Farine,05/10/2025,1965,6365514
Farine,05/11/2022,1758,5525891.25
Farine,05/11/2023,1278,4270547.75
Farine,05/11/2024,2318,7921686
Farine,05/11/2025,1417,4989091
Farine,05/12/2021,2101,6175600.82
Farine,05/12/2022,1652,5335300
Farine,05/12/2023,1683,5030610.75
Farine,05/12/2024,1381,4810902
Farine,06/01/2021,1182.5,2918510
Farine,06/01/2022,2341,7096388.870000001
Farine,06/01/2024,1518,4665534.75
Farine,06/01/2025,1367,4410044
Farine,06/01/2026,1506,4963652
Farine,06/02/2021,3173,8551001
Farine,06/02/2022,2049,6129010.529999999
Farine,06/02/2023,1404,4700903.25
Farine,06/02/2024,1254,4112088
Farine,06/02/2025,1479,4924210
Farine,06/03/2021,2318,7279396
Farine,06/03/2022,1530.2599999999998,4706702.4424
Farine,06/03/2024,1246,4257982
Farine,06/03/2025,1267,4709805
Farine,06/04/2021,2754.86,7760399.2
Farine,06/04/2022,2077.35,6294328.771999999
Farine,06/04/2023,1362,5846577.75
Farine,06/04/2024,1667,5898876
Farine,06/04/2025,1612,6663942
Farine,06/04/2026,1601,5074759
Farine,06/05/2021,1197.9,3638051.3
Farine,06/05/2023,1855,7231901.75
Farine,06/05/2024,2595,6391440
Farine,06/05/2025,1667.75,4868954
Farine,06/05/2026,1720,5697704
Farine,06/06/2021,3258.3,8171448.1
Farine,06/06/2022,1369,4047929.9300000006
Farine,06/06/2023,1261,4313984.75
Farine,06/06/2024,1100,3298700
Farine,06/06/2026,1981,6519980
Farine,06/07/2021,933,2161496
Farine,06/07/2022,1641,4515208.17
Farine,06/07/2023,1303,4607650.25
Farine,06/07/2024,1336,4213292
Farine,06/07/2025,1448,4802716
Farine,06/07/2026,2008,6469106
Farine,06/08/2022,1870,5499751.25
Farine,06/08/2023,1421,4588512.5
Farine,06/08/2024,1787.5,6355870
Farine,06/08/2025,1565,5444506
Farine,06/08/2026,1618,5476890
Farine,06/09/2021,2387,6055409
Farine,06/09/2022,1439,4665852.25
Farine,06/09/2023,1376,4524765.75
Farine,06/09/2025,1734,6209502
Farine,06/09/2026,1050.45,3132861.9
Farine,06/10/2021,2169,6083613
Farine,06/10/2022,1596,5150017.5
Farine,06/10/2024,1192,4351964
Farine,06/10/2025,2325,7997376
Farine,06/11/2021,1590,5052019.350000001
Farine,06/11/2022,1343,3870706
Farine,06/11/2023,1714,5412182
Farine,06/11/2024,1926,6474012
Farine,06/11/2025,2633,7448017
Farine,06/12/2021,2014,5841110.540000001
Farine,06/12/2022,1380,4689519.75
Farine,06/12/2023,1544,4765079
Farine,06/12/2025,1857,6453718
Farine,07/01/2021,1765.5,4718721.9
Farine,07/01/2023,1695,6171570.75
Farine,07/01/2024,1430,4452916.75
Farine,07/01/2025,1258,4118710
Farine,07/01/2026,1555,5596833
Farine,07/02/2021,1943,5213818
Farine,07/02/2022,1878,6525848.160000001
Farine,07/02/2023,1407,4752768
Farine,07/02/2024,1254,4141208
Farine,07/02/2026,1585,5331126
Farine,07/03/2021,2068,6399136
Farine,07/03/2022,1917.7,5365292
Farine,07/03/2023,1661,6192359.5
Farine,07/03/2024,1463,4804496
Farine,07/03/2026,1199,4646358
Farine,07/04/2021,1985.01,6341202.2
Farine,07/04/2022,1952.35,6884092.772
Farine,07/04/2024,1535,5700072
Farine,07/04/2025,2320,8049205
Farine,07/04/2026,1271,4457556
Farine,07/05/2022,2712,7953893.940000002
Farine,07/05/2023,1765,6113018.75
Farine,07/05/2024,1051.5,3207203.5
Farine,07/05/2025,1680,4574781
Farine,07/05/2026,1925,6244150
Farine,07/06/2021,2255,5915313
Farine,07/06/2022,1295,3775518.67
Farine,07/06/2023,1118,3957413.5
Farine,07/06/2026,2105,7288404
Farine,07/07/2021,1070,2519750
Farine,07/07/2022,1940,5503822.9
Farine,07/07/2024,1175,3403220
Farine,07/07/2025,1621,5307957
Farine,07/07/2026,1708,6043796
Farine,07/08/2021,1642,4060347
Farine,07/08/2022,1739,5385520
Farine,07/08/2023,1308,4415733
Farine,07/08/2024,1876,6505100
Farine,07/08/2025,1435,4566037
Farine,07/09/2021,2447,6455558
Farine,07/09/2022,1455,4930233
Farine,07/09/2023,1451.5,4549427.25
Farine,07/09/2024,1203,3905056
Farine,07/09/2025,1713,6117854
Farine,07/10/2021,2170,5993735
Farine,07/10/2023,1665,5048389.5
Farine,07/10/2024,1535.27,4967726.9399999995
Farine,07/10/2025,1869.5,6573454
Farine,07/11/2021,2089,6039771.53
Farine,07/11/2022,1643,4817509
Farine,07/11/2023,1542,5112600
Farine,07/11/2024,1883,6356096
Farine,07/12/2021,1772,5869944.610000001
Farine,07/12/2022,1622,5635447.25
Farine,07/12/2023,1343,4143783.25
Farine,07/12/2024,1837,6871664
Farine,07/12/2025,2080,7061842
Farine,08/01/2022,1933,5440166.5600000005
Farine,08/01/2023,1449,5047333.5
Farine,08/01/2024,1756,6426376.25
Farine,08/01/2025,1235,4044518
Farine,08/01/2026,1550,5424538
Farine,08/02/2021,1505,4343535
Farine,08/02/2022,1812,5953870.680000001
Farine,08/02/2023,1514,5081501.5
Farine,08/02/2024,1379,4373348
Farine,08/02/2025,1671,5594086
Farine,08/02/2026,1294,4486372
Farine,08/03/2021,2311.99,6639238.8
Farine,08/03/2022,2109.05,5975128.15
Farine,08/03/2023,2081,7483447.75
Farine,08/03/2025,959,4016799
Farine,08/03/2026,1404,4945781
Farine,08/04/2021,1807.2,5276729
Farine,08/04/2023,1501,6176949.5
Farine,08/04/2024,1606,5824707
Farine,08/04/2025,2302.51,8244827.43
Farine,08/04/2026,1444,4632637
Farine,08/05/2021,1926,6280072
Farine,08/05/2022,1714,5243397.63
Farine,08/05/2023,1918,6919471.75
Farine,08/05/2024,1177,3377244
Farine,08/05/2025,1543.5,5196611
Farine,08/06/2021,2825,8880540
Farine,08/06/2022,1360,4000870.0999999996
Farine,08/06/2023,2937,7620830.75
Farine,08/06/2024,1180,3455400
Farine,08/06/2026,2158,6686620
Farine,08/07/2021,1110,2493150
Farine,08/07/2023,1762,6516242.25
Farine,08/07/2024,1034,3184738
Farine,08/07/2025,1805,6318681
Farine,08/07/2026,1755,6329936
Farine,08/08/2021,2696,6954992
Farine,08/08/2022,1645,5160029.75
Farine,08/08/2023,1725,5225655.25
Farine,08/08/2024,1753,6250417
Farine,08/08/2026,1629,5689866
Farine,08/09/2021,2040,5493609
Farine,08/09/2022,1490,5013186.25
Farine,08/09/2024,1011,3448252
Farine,08/09/2025,1860,6586355
Farine,08/10/2022,1485,4848381.75
Farine,08/10/2023,1553,4850401
Farine,08/10/2024,1340,4788520
Farine,08/10/2025,1782,6297950
Farine,08/11/2021,2630,7072812.8500000015
Farine,08/11/2022,1406,4643047.75
Farine,08/11/2023,1416,5072260.5
Farine,08/11/2025,1497,5132014
Farine,08/12/2021,1825,6034417.4
Farine,08/12/2022,1796,6151289.5
Farine,08/12/2024,3640,10184490
Farine,08/12/2025,1774,6061490
Farine,09/01/2021,2557,7011169
Farine,09/01/2022,2570,8197322.950000002
Farine,09/01/2023,1598.5,5892929.075
Farine,09/01/2024,1712.45,6355596.2
Farine,09/01/2025,1511,4697305
Farine,09/02/2021,1897.42,5670837.4
Farine,09/02/2022,2209,6920966.51
Farine,09/02/2023,1310,4635639.25
Farine,09/02/2025,1208.98,4429311.6
Farine,09/02/2026,1524,5024948
Farine,09/03/2021,2356.51,6767698.2
Farine,09/03/2022,2218.7,6154066.900000001
Farine,09/03/2023,1618.5,6308624.25
Farine,09/03/2024,1431,4635942
Farine,09/03/2025,1137.5,4012210
Farine,09/03/2026,1274,4764962
Farine,09/04/2022,1667,5601175.6899999995
Farine,09/04/2023,1251,5550001.5
Farine,09/04/2024,1282,4973899
Farine,09/04/2025,2286,8200736
Farine,09/04/2026,1808,6060919
Farine,09/05/2021,1990.25,5328733
Farine,09/05/2022,2841,9306632.520000001
Farine,09/05/2023,1452,5271355.75
Farine,09/05/2024,1129,3357778
Farine,09/05/2026,1926,6506114
Farine,09/06/2021,1959,5435683
Farine,09/06/2022,1286,3892377.67
Farine,09/06/2024,1191,3449102
Farine,09/06/2025,1300.45,3749875.9
Farine,09/06/2026,1916,6451852
Farine,09/07/2023,1691,5468768.25
Farine,09/07/2024,1345,3766340
Farine,09/07/2025,3346,9525173
Farine,09/07/2026,1856,6691008
Farine,09/08/2021,2502,5532669
Farine,09/08/2022,1739,5302498
Farine,09/08/2023,1816,5402546.25
Farine,09/08/2025,1711,5700325
Farine,09/08/2026,1622,5681605
Farine,09/09/2021,1983,5558182
Farine,09/09/2023,1488,4774067.25
Farine,09/09/2024,1357,4389444
Farine,09/09/2025,1923,6406807
Farine,09/10/2021,1530,4461294
Farine,09/10/2022,1827,6231226.5
Farine,09/10/2023,2486,6674667.5
Farine,09/10/2024,1309,4287518
Farine,09/10/2025,1653,5749966
Farine,09/11/2021,1690,5249019.35
Farine,09/11/2022,1887,5883347.5
Farine,09/11/2023,1305,4307487.75
Farine,09/11/2024,2083,7345886
Farine,09/11/2025,1585,5169358
Farine,09/12/2021,2160,6681104.940000001
Farine,09/12/2023,1416,4552559.25
Farine,09/12/2024,3716,10558012
Farine,09/12/2025,1899,6670192
Farine,10/01/2021,2007,5369949
Farine,10/01/2022,1854,6338209.080000001
Farine,10/01/2023,1375,5213374.25
Farine,10/01/2024,1411.75,4429978.25
Farine,10/01/2026,1660,5833508
Farine,10/02/2021,1856,5389457
Farine,10/02/2022,2071,5948973.17
Farine,10/02/2024,1405,4407610
Farine,10/02/2025,1617.51,5307498.220000001
Farine,10/02/2026,1350.9,4851136.45
Farine,10/03/2021,2034.12,6170407.6
Farine,10/03/2022,1828.65,5893830.91
Farine,10/03/2024,1325.5,4346606
Farine,10/03/2025,1037,4034443
Farine,10/03/2026,1672,6101284
Farine,10/04/2021,1799,5554839
Farine,10/04/2022,1755,6344926.500000001
Farine,10/04/2023,1299,5427151.5
Farine,10/04/2025,2161,7886020
Farine,10/05/2021,1669.9,4890700.3
Farine,10/05/2022,1981.5,6402814.65
Farine,10/05/2023,1640,5548275.5
Farine,10/05/2025,1724,5116623
Farine,10/05/2026,1885,6240172
Farine,10/06/2021,2516,6684775
Farine,10/06/2023,1507,4917620.75
Farine,10/06/2024,1081,3231102
Farine,10/06/2025,1800,6459405
Farine,10/06/2026,1522,5686009
Farine,10/07/2021,1895,4708402
Farine,10/07/2023,1782,5383482.25
Farine,10/07/2024,1090,3278100
Farine,10/07/2025,1719,5931208
Farine,10/08/2021,1818,4359194
Farine,10/08/2022,2275,6636193.25
Farine,10/08/2023,1841,5615897.75
Farine,10/08/2024,1767,6411944
Farine,10/08/2025,1440,5010893
Farine,10/08/2026,1642,5870212
Farine,10/09/2022,1490,4872235
Farine,10/09/2023,1756,5117854.5
Farine,10/09/2024,1309.5,4156343
Farine,10/09/2025,1626,5735510
Farine,10/10/2021,1821,5077497
Farine,10/10/2022,1505,5049317.5
Farine,10/10/2023,1409,4575151.75
Farine,10/10/2024,1444,5202628
Farine,10/11/2021,1864,5855747.180000002
Farine,10/11/2022,1705,5571679.4
Farine,10/11/2024,1713,6068616
Farine,10/11/2025,1554,5388910
Farine,10/12/2022,1477,4998553.25
Farine,10/12/2023,1374,4366479
Farine,10/12/2024,1560,5632110
Farine,10/12/2025,1972,6768805
Farine,11/01/2021,2242,5369144
Farine,11/01/2022,1488.9,4552552.093
Farine,11/01/2023,1595,5646774.25
Farine,11/01/2024,1293,4264294.5
Farine,11/01/2025,1657,5635930
Farine,11/01/2026,1542,5533244
Farine,11/02/2021,1890,5315665
Farine,11/02/2023,1498,4874052.5
Farine,11/02/2024,1280,4119630
Farine,11/02/2025,1405.8,4827413.6
Farine,11/02/2026,1381,4623985
Farine,11/03/2021,1942.73,5756922.6
Farine,11/03/2023,1890,6837366.75
Farine,11/03/2024,1229.17,4332525.41
Farine,11/03/2025,1294.5,4742727
Farine,11/03/2026,1660.45,6037712.35
Farine,11/04/2021,3401.5299999999997,8797158.41
Farine,11/04/2022,2381,8280098.870000001
Farine,11/04/2023,1430,5963029.25
Farine,11/04/2026,1513,5353123
Farine,11/05/2021,1801,5379094
Farine,11/05/2022,1709,5478937.180000001
Farine,11/05/2023,1516,5691195
Farine,11/05/2024,1160,3444220
Farine,11/05/2025,1700,5556039
Farine,11/05/2026,1716,5638156
Farine,11/06/2022,1438,4300608.11
Farine,11/06/2023,1031,3369390
Farine,11/06/2024,1263,3967716
Farine,11/06/2025,1334.6399999999999,4275690.07
Farine,11/06/2026,1924,6300260
Farine,11/07/2021,1729,3838572
Farine,11/07/2022,2104,5550282.030000001
Farine,11/07/2023,1505,5133430.5
Farine,11/07/2024,1286,3921622
Farine,11/07/2026,1620,5678323
Farine,11/08/2021,1705,4299891
Farine,11/08/2022,1552,4824739.25
Farine,11/08/2024,1720,6228850
Farine,11/08/2025,1529,4991791
Farine,11/08/2026,1556,5306576
Farine,11/09/2021,1938,5651791
Farine,11/09/2022,1455,4789281.75
Farine,11/09/2023,1747,5183071.5
Farine,11/09/2024,1169,3974008
Farine,11/09/2025,1877,6270906
Farine,11/10/2021,2600,7742698.300000003
Farine,11/10/2022,1416,4682472.75
Farine,11/10/2023,1680,5054736.25
Farine,11/10/2025,1591,5740288
Farine,11/11/2021,1895,5836336.110000001
Farine,11/11/2023,1624,5434093.25
Farine,11/11/2024,1875.81,6429432.23
Farine,11/11/2025,1359.63,4569156.34
Farine,11/12/2021,1652,5270845.390000001
Farine,11/12/2022,1612,5384526
Farine,11/12/2023,1308,4251834.75
Farine,11/12/2024,1499,5486568
Farine,11/12/2025,1772,6289036
Farine,12/01/2021,2190,5557155
Farine,12/01/2022,1509,4907290.530000001
Farine,12/01/2023,1667,5756662.75
Farine,12/01/2025,1345.28,5030937.16
Farine,12/01/2026,1957,6642054
Farine,12/02/2022,1790,5784306.150000001
Farine,12/02/2023,1540,5472548.75
Farine,12/02/2024,1351,4228732
Farine,12/02/2025,1571,5278025
Farine,12/02/2026,1750.96,6140383.12
Farine,12/03/2022,1638,5361676.859999999
Farine,12/03/2023,1813,7227467
Farine,12/03/2024,1365,4851880
Farine,12/03/2025,1051,3991650
Farine,12/03/2026,1812,6435814
Farine,12/04/2021,2374.51,6707029.1
Farine,12/04/2022,2041,5889323.99
Farine,12/04/2023,1432.5,6292219.75
Farine,12/04/2025,2314,8879690
Farine,12/04/2026,1727,6095595
Farine,12/05/2021,1200,3485357
Farine,12/05/2022,2222,7672501.840000001
Farine,12/05/2024,1105,3294140
Farine,12/05/2025,1665,5597924
Farine,12/05/2026,1867,6543122
Farine,12/06/2021,1008,2955086
Farine,12/06/2022,1379,3996002.7800000003
Farine,12/06/2023,1277.7,4263067.95
Farine,12/06/2024,1325,4358520
Farine,12/06/2025,1779,6366837
Farine,12/07/2021,2271,5620777
Farine,12/07/2022,2263,6681990.5600000005
Farine,12/07/2023,949,2211774
Farine,12/07/2025,2014,6898839
Farine,12/07/2026,1598,5511873
Farine,12/08/2021,1664.24,4046950.6
Farine,12/08/2023,1739,5317917.5
Farine,12/08/2024,1741,6240052
Farine,12/08/2025,1887,5940547
Farine,12/08/2026,1607.5,5549656
Farine,12/09/2021,2164,5915638
Farine,12/09/2022,1446,4741572.75
Farine,12/09/2023,1688,5143347.75
Farine,12/09/2024,1243,4206146
Farine,12/10/2021,2295,7099838.550000001
Farine,12/10/2022,1601,5338687.75
Farine,12/10/2023,1363,4254889.75
Farine,12/10/2024,1387,4886954
Farine,12/10/2025,1780,6407999
Farine,12/11/2022,2058,6800490.75
Farine,12/11/2023,1318,4351413.5
Farine,12/11/2024,1978,6811646
Farine,12/11/2025,1406,4556923
Farine,12/12/2021,2233,6771882.109999999
Farine,12/12/2022,5616,13891877.25
Farine,12/12/2023,1261.5,4137252.375
Farine,12/12/2024,1600,5545960
Farine,13/01/2021,2475,6653255
Farine,13/01/2022,1450,4306012.55
Farine,13/01/2024,1501,4938792
Farine,13/01/2025,1700,5767794
Farine,13/01/2026,1776,6168532
Farine,13/02/2021,3039,8547903
Farine,13/02/2022,2096.75,5952618.31
Farine,13/02/2023,1519,5077348.25
Farine,13/02/2024,1232,4185524
Farine,13/02/2025,1607,5276514
Farine,13/03/2021,2676,8170112
Farine,13/03/2022,1582.97,4980250.029999999
Farine,13/03/2023,1911,7204560.75
Farine,13/03/2024,981,3641832
Farine,13/03/2025,997,4199872
Farine,13/04/2021,1695.5,4762448
Farine,13/04/2022,2108,6973268.310000001
Farine,13/04/2023,2209.35,7713446.7
Farine,13/04/2024,1512,5620169
Farine,13/04/2025,2117,7797938
Farine,13/04/2026,1668,5950097
Farine,13/05/2023,1489,5625187.5
Farine,13/05/2024,1183,3672486
Farine,13/05/2025,1662,5185452
Farine,13/05/2026,2089,6933693
Farine,13/06/2021,2621,7318091
Farine,13/06/2022,1987,6583165.040000001
Farine,13/06/2023,1311,4548376.5
Farine,13/06/2024,1496,5160072
Farine,13/06/2026,1446,4981310
Farine,13/07/2021,1778.17,4229951.49
Farine,13/07/2022,2596,7818511.220000002
Farine,13/07/2023,1346,4208141.5
Farine,13/07/2024,1586,5172422
Farine,13/07/2025,1642.95,5768561.6
Farine,13/07/2026,1674,5388289
Farine,13/08/2022,1551,4845014.25
Farine,13/08/2023,1574,4665274.25
Farine,13/08/2024,1730,6248550
Farine,13/08/2025,1498,5157353
Farine,13/08/2026,1601,5473967
Farine,13/09/2021,2238.45,6200020.65
Farine,13/09/2022,1481,4824526
Farine,13/09/2023,1805,5581847.5
Farine,13/09/2025,1918,6741434
Farine,13/10/2021,1598.4,5219538.250000001
Farine,13/10/2022,1810,6383198.75
Farine,13/10/2024,1270,4565960
Farine,13/10/2025,1602,5465742
Farine,13/11/2021,1627,5251101.89
Farine,13/11/2022,1452,5023066.5
Farine,13/11/2023,1540,4925741
Farine,13/11/2024,1864,6736958
Farine,13/11/2025,1534,4994628
Farine,13/12/2021,2688.04,8567283.800000003
Farine,13/12/2022,1532.5,5210181
Farine,13/12/2023,2044,5834688.75
Farine,13/12/2025,1883.18,6877342.49
Farine,14/01/2021,1785,5161320
Farine,14/01/2023,1416,5428063.5
Farine,14/01/2024,1335,4627830
Farine,14/01/2025,1952.5,6435833
Farine,14/01/2026,1557,5826577
Farine,14/02/2021,2017,5847049
Farine,14/02/2022,3003.7799999999997,8236365.37
Farine,14/02/2023,1514,5007930.25
Farine,14/02/2024,1192,3886234
Farine,14/02/2026,1678,5669156
Farine,14/03/2021,2062,6254144
Farine,14/03/2022,1608.8,4969176.100000001
Farine,14/03/2023,1777,6788713.25
Farine,14/03/2024,1221,4777902
Farine,14/03/2026,1967,6856040
Farine,14/04/2021,1744.57,4942455.8
Farine,14/04/2022,2205,7774485.450000001
Farine,14/04/2024,1510,5707939
Farine,14/04/2025,2425,8008381
Farine,14/04/2026,1545.93,5613812.24
Farine,14/05/2022,1416,4940180.07
Farine,14/05/2023,1621,5321668.25
Farine,14/05/2024,1228,3747926
Farine,14/05/2025,1501,4576568
Farine,14/05/2026,1889,6473093
Farine,14/06/2021,2432.36,7020974.92
Farine,14/06/2022,1274,3603509.38
Farine,14/06/2023,1557,4894522.5
Farine,14/06/2025,1379,4364425
Farine,14/06/2026,1746,6573467
Farine,14/07/2021,1874,4445658
Farine,14/07/2022,2050,6889802.3
Farine,14/07/2024,1549,5207630
Farine,14/07/2025,1791,5642265
Farine,14/07/2026,1395,4771152
Farine,14/08/2021,1535,4028930
Farine,14/08/2022,1752,5211670.75
Farine,14/08/2023,1926,5687065.75
Farine,14/08/2024,1312,4522462
Farine,14/08/2025,1470,4936278
Farine,14/09/2021,1805,4949601
Farine,14/09/2022,1455,4930233
Farine,14/09/2023,1651,4988327.25
Farine,14/09/2024,1251,4224902
Farine,14/09/2025,1778.99,6000707.22
Farine,14/10/2021,2030,6420648.400000002
Farine,14/10/2023,1738,5310673.75
Farine,14/10/2024,1531,5079082
Farine,14/10/2025,1476.9,5114825.2
Farine,14/11/2021,2143.95,6026518.670000001
Farine,14/11/2022,2006,6814021.75
Farine,14/11/2023,1289,4212432.25
Farine,14/11/2024,2099,7396858
Farine,14/12/2021,1910,5901411.8500000015
Farine,14/12/2022,1701,5567835
Farine,14/12/2023,1535,4703670
Farine,14/12/2024,1591,5663012
Farine,14/12/2025,1739,6296774
Farine,15/01/2022,1624,5351541.830000001
Farine,15/01/2023,1806,6032465.25
Farine,15/01/2024,1970,6681134
Farine,15/01/2025,1882,6135082
Farine,15/01/2026,1937,6885885
Farine,15/02/2021,2592.92,7145729.4
Farine,15/02/2022,1852,5493094.34
Farine,15/02/2023,1442,4835721.25
Farine,15/02/2024,1526,5058592
Farine,15/02/2025,1867,6158224
Farine,15/02/2026,1518,5279946
Farine,15/03/2021,1252.9499999999998,4243712.9
Farine,15/03/2022,143,396754
Farine,15/03/2023,1593.25,5512712.5625
Farine,15/03/2025,1235,4725098
Farine,15/03/2026,1902,6592809
Farine,15/04/2021,2090.5299999999997,6162617.41
Farine,15/04/2023,1638,6748568.25
Farine,15/04/2024,1550,5590415
Farine,15/04/2025,2256,8478468
Farine,15/04/2026,3429,9685129
Farine,15/05/2021,390,1084140
Farine,15/05/2022,1282,4202155.34
Farine,15/05/2023,1628,5601200
Farine,15/05/2024,1105,3458490
Farine,15/05/2025,1335,4008161
Farine,15/06/2021,2020,5668630
Farine,15/06/2022,1361,4026124.420000001
Farine,15/06/2023,1409,4246914.5
Farine,15/06/2024,1575,5317650
Farine,15/06/2025,1292.6399999999999,4333864.07
Farine,15/06/2026,1663,5618093
Farine,15/07/2021,2021,4886130
Farine,15/07/2023,1615,5217938.75
Farine,15/07/2024,1606,4697983
Farine,15/07/2025,1663,5212927
Farine,15/07/2026,1574,5314614
Farine,15/08/2021,2199,5890873
Farine,15/08/2022,1536,4620966.75
Farine,15/08/2023,1919.8,5630189.55
Farine,15/08/2024,1374,4647014
Farine,15/08/2026,1549,5291979
Farine,15/09/2021,1404,3780028
Farine,15/09/2022,1481,4973277.25
Farine,15/09/2024,1337,4185094
Farine,15/09/2025,1762,6036751
Farine,15/10/2022,1440,4773735
Farine,15/10/2023,1551,4743220.75
Farine,15/10/2024,1430,4744430
Farine,15/10/2025,1518,5469934
Farine,15/11/2021,2336,7170826.870000001
Farine,15/11/2022,1536.5,5065413.5
Farine,15/11/2023,1224,4070379
Farine,15/11/2025,1226,3460952
Farine,15/12/2021,2179.26,6295090.500000001
Farine,15/12/2022,1594,5374993.25
Farine,15/12/2024,1445,4818510
Farine,15/12/2025,2057,7134118
Farine,16/01/2021,2665,6766535
Farine,16/01/2022,2338,7292015.660000002
Farine,16/01/2023,1179,4299663
Farine,16/01/2024,1761,5722982
Farine,16/01/2025,1797,5934084.68
Farine,16/02/2021,2035,5842930
Farine,16/02/2022,2103,6760368.12
Farine,16/02/2023,1346,4690583.5
Farine,16/02/2025,1583,5386195
Farine,16/02/2026,1589,5498891
Farine,16/03/2021,1101,3686438
Farine,16/03/2022,70,216860
Farine,16/03/2023,1512,5377155.75
Farine,16/03/2024,1102,4364680
Farine,16/03/2025,1215.5,4414481.75
Farine,16/03/2026,2369.8,7600452.6
Farine,16/04/2022,2204,7123545.03
Farine,16/04/2023,1848,6829871.75
Farine,16/04/2024,1653.75,5796565
Farine,16/04/2025,1894,7288726
Farine,16/04/2026,1841,6349694
Farine,16/05/2021,280,867440
Farine,16/05/2022,1322,5116175.59
Farine,16/05/2023,1325,4633738.75
Farine,16/05/2024,1172,3680984
Farine,16/05/2026,1698,6085461
Farine,16/06/2021,2369.12,6570233.8
Farine,16/06/2022,1174,3503535.3800000004
Farine,16/06/2025,1492,5022727
Farine,16/06/2026,1806,6685275
Farine,16/07/2022,2169,6707809.92
Farine,16/07/2023,1300,4278995.5
Farine,16/07/2024,1542,4871029
Farine,16/07/2025,1918,6486884
Farine,16/07/2026,1610,5473821
Farine,16/08/2021,1618,4244291
Farine,16/08/2022,1562,4754914
Farine,16/08/2023,1803,5223502.75
Farine,16/08/2025,1554,5193708
Farine,16/08/2026,1543,5645042
Farine,16/09/2021,1735,4675335
Farine,16/09/2023,1502,4634918.25
Farine,16/09/2024,1280,4119930
Farine,16/09/2025,1824,6466186
Farine,16/10/2021,1624,5193737.780000001
Farine,16/10/2022,1610,5551345
Farine,16/10/2023,1686,5033667.5
Farine,16/10/2024,1345,4756040
Farine,16/10/2025,1554,5169802
Farine,16/11/2021,1940,6564131.950000003
Farine,16/11/2022,1610,5661736.75
Farine,16/11/2023,1316,4151867.5
Farine,16/11/2024,1883,6768536
Farine,16/11/2025,1106.79,3233647.67
Farine,16/12/2021,2063.45,6204912.990000001
Farine,16/12/2023,1427,4516243.75
Farine,16/12/2024,1383,4562236
Farine,16/12/2025,1873.3,6418855.6
Farine,17/01/2021,1103,2947148
Farine,17/01/2022,2537,8135726.24
Farine,17/01/2023,1353,4766304
Farine,17/01/2024,1794.5,5877149
Farine,17/01/2026,1606,5717990
Farine,17/02/2021,2184.36,6119520.92
Farine,17/02/2022,2321,7604645.35
Farine,17/02/2024,1422,4559824
Farine,17/02/2025,1587,5527122
Farine,17/02/2026,1558.5,5810115
Farine,17/03/2021,1702,6399244
Farine,17/03/2022,3490.8900000000003,11096489.734000001
Farine,17/03/2024,1109,4440782
Farine,17/03/2025,1290,4823364
Farine,17/03/2026,1860.5,6905738
Farine,17/04/2021,2596,7770932
Farine,17/04/2022,1540,4975519.35
Farine,17/04/2023,2254,7908499.5
Farine,17/04/2024,1557,5529759
Farine,17/04/2025,1768.9,6428229.2
Farine,17/05/2021,3159.5,9197549
Farine,17/05/2022,2039,6314963.680000001
Farine,17/05/2023,1566,5220421.5
Farine,17/05/2025,1400,4298519
Farine,17/05/2026,1609,5761120
Farine,17/06/2021,1410.81,3603989.2
Farine,17/06/2023,1805,5749237
Farine,17/06/2025,1358,4417159
Farine,17/06/2026,1597.15,5766204.7
Farine,17/07/2021,2199,5685443
Farine,17/07/2022,2174,6143108.98
Farine,17/07/2023,1687.45,5505684.1
Farine,17/07/2024,1318,4282446
Farine,17/07/2025,1804,6309713
Farine,17/08/2021,2126,5383362
Farine,17/08/2022,2253,6756495.75
Farine,17/08/2023,1414,4490838.75
Farine,17/08/2024,1341,4069148
Farine,17/08/2025,1512,5104679
Farine,17/08/2026,1919,6459345
Farine,17/09/2022,1425,4730181.75
Farine,17/09/2023,1489,4667238.75
Farine,17/09/2024,1362,4550134
Farine,17/09/2025,1851,6206050
Farine,17/10/2021,2834,8400050.38
Farine,17/10/2022,1613,5543390.5
Farine,17/10/2023,1764,5311098.5
Farine,17/10/2024,1416,4649622
Farine,17/11/2021,1835.08,6222295.190000001
Farine,17/11/2022,1721,5756733
Farine,17/11/2024,1578.9,5170965.8
Farine,17/11/2025,1274,3572962
Farine,17/12/2022,1739,5582264.5
Farine,17/12/2023,1381,4277333.75
Farine,17/12/2024,1526,5355902
Farine,17/12/2025,1876,6411293
Farine,18/01/2021,856,2318497
Farine,18/01/2022,1705,5114925.95
Farine,18/01/2023,1608,5446555.5
Farine,18/01/2024,1758.72,5808441.41
Farine,18/01/2025,2049,7039560
Farine,18/01/2026,1739.48,5801495.14
Farine,18/02/2021,2210,6175195
Farine,18/02/2023,1536,5228781.75
Farine,18/02/2024,1344,4538998
Farine,18/02/2025,1585,5610838
Farine,18/02/2026,1482,5075227.68
Farine,18/03/2021,1617,5319295
Farine,18/03/2023,1542,5436255.75
Farine,18/03/2024,1398,5066218
Farine,18/03/2025,1078,4300294
Farine,18/03/2026,1540,5873333
Farine,18/04/2021,2990.5299999999997,8158296.41
Farine,18/04/2022,1946,7342224.970000001
Farine,18/04/2023,1602,6098644
Farine,18/04/2024,1623,5780479
Farine,18/04/2026,1669,5840681
Farine,18/05/2021,2189,6170252
Farine,18/05/2022,2293,7047886.160000001
Farine,18/05/2023,1223,4200466.75
Farine,18/05/2024,1181,3398982
Farine,18/05/2025,1057,3054329
Farine,18/05/2026,1802.85,6188234
Farine,18/06/2022,1444,4293702.680000002
Farine,18/06/2023,1239,4032406.25
Farine,18/06/2025,1567,5074131
Farine,18/06/2026,1740.7800000000002,6208499.49
Farine,18/07/2021,2144,5601208
Farine,18/07/2022,2178,6023081.25
Farine,18/07/2023,1638,5489201.75
Farine,18/07/2024,1532,4963126
Farine,18/07/2026,1649,5950488
Farine,18/08/2021,2096,5213898
Farine,18/08/2022,2022,5919124.5
Farine,18/08/2024,1424,4310258
Farine,18/08/2025,1648,5427480
Farine,18/08/2026,1630,5993339
Farine,18/09/2021,2183.0299999999997,6133031.6
Farine,18/09/2022,1460,4813135
Farine,18/09/2023,1519,4786251.75
Farine,18/09/2024,1701,5333232
Farine,18/09/2025,1773,6115622
Farine,18/10/2021,2190,6859258.650000001
Farine,18/10/2022,1474.5,4788567
Farine,18/10/2023,1672,5025018.25
Farine,18/10/2025,1886,6665448
Farine,18/11/2021,1902.54,6263923.500000001
Farine,18/11/2023,1613,4894694.5
Farine,18/11/2024,1806,6084232
Farine,18/11/2025,1022,2999200
Farine,18/12/2021,1477.73,4675268.619999999
Farine,18/12/2022,1503,5061804
Farine,18/12/2023,1352,4382497
Farine,18/12/2024,1603.23,5832077.5600000005
Farine,18/12/2025,1490,4897186
Farine,19/01/2021,1769.75,4784981
Farine,19/01/2022,2290,6803267.750000002
Farine,19/01/2023,1394,4845101.5
Farine,19/01/2025,1622,5854494
Farine,19/01/2026,1537,5565696
Farine,19/02/2022,1519,4617591.2299999995
Farine,19/02/2023,1371,4725830.25
Farine,19/02/2024,1497.5,4840920
Farine,19/02/2025,1524,5685786
Farine,19/02/2026,1504,5364392
Farine,19/03/2022,2452.04,8331415.590800001
Farine,19/03/2023,1190,4610869
Farine,19/03/2024,1185,4738612
Farine,19/03/2025,1161.5,4672820.1499999985
Farine,19/03/2026,1585,5789950
Farine,19/04/2021,2357.42,6540290.74
Farine,19/04/2022,1410,4697419.35
Farine,19/04/2023,1586,6311183.25
Farine,19/04/2025,2279,7378974
Farine,19/04/2026,1522,5662004
Farine,19/05/2021,1347,3628746
Farine,19/05/2022,1608,6125700.8100000005
Farine,19/05/2024,1094,3330258
Farine,19/05/2025,1431,3623576
Farine,19/05/2026,1758,6299750
Farine,19/06/2021,1643,4567916
Farine,19/06/2022,1197,3391247.4899999998
Farine,19/06/2023,1451,4401394.75
Farine,19/06/2024,2417,6887703
Farine,19/06/2025,1680,5142749
Farine,19/07/2021,1520,3823538
Farine,19/07/2022,2000.8600000000001,6149362.7
Farine,19/07/2023,1406,4403920.25
Farine,19/07/2025,1824,6086204
Farine,19/07/2026,1548,5451842
Farine,19/08/2021,1639,4468843
Farine,19/08/2023,1817,5368563.25
Farine,19/08/2024,1301,4021722
Farine,19/08/2025,1375,4791318
Farine,19/08/2026,1627,5823398
Farine,19/09/2021,2633,7258871
Farine,19/09/2022,1975,5828335
Farine,19/09/2023,1401.5,4243801.325
Farine,19/09/2024,1926,6264722
Farine,19/10/2021,1590,5052019.350000001
Farine,19/10/2022,1432,4506112.25
Farine,19/10/2023,1691,5003256.5
Farine,19/10/2024,1387,4504984
Farine,19/10/2025,1582,5673866
Farine,19/11/2022,2292,8129085
Farine,19/11/2023,1363,4346181.5
Farine,19/11/2024,1730.25,5857444
Farine,19/11/2025,1181,3332321
Farine,19/12/2021,2663.4,8104853.819999999
Farine,19/12/2022,1510,5140524.5
Farine,19/12/2023,1614,4842998.5
Farine,19/12/2024,1725,6382360
Farine,20/01/2021,1742,4530409
Farine,20/01/2022,2371,7418049.59
Farine,20/01/2024,1581,5357502
Farine,20/01/2025,2127,7096060
Farine,20/01/2026,1548.75,5809528
Farine,20/02/2021,3491,10226862
Farine,20/02/2022,1535,4766339.27
Farine,20/02/2023,1798,6236812.25
Farine,20/02/2024,1315,4451700
Farine,20/02/2025,1702,6137164
Farine,20/03/2021,3486,10061902
Farine,20/03/2022,2056.14,7434180.180000002
Farine,20/03/2023,1538,5412400
Farine,20/03/2024,1010.5,4393050
Farine,20/03/2025,1374,5314662
Farine,20/04/2021,2230,5950165
Farine,20/04/2022,2218,8150829.860000001
Farine,20/04/2023,1317,5578582.5
Farine,20/04/2024,1630,5748015
Farine,20/04/2025,1685,6368265
Farine,20/04/2026,1692.5,5953320
Farine,20/05/2021,1003.6700000000001,2749202.4
Farine,20/05/2023,1710,6112757.25
Farine,20/05/2024,1196,3471762
Farine,20/05/2025,1250,4005116
Farine,20/05/2026,1644,5565162
Farine,20/06/2021,2657,6393724
Farine,20/06/2022,1746,4991224.32
Farine,20/06/2023,1443,4965663.25
Farine,20/06/2024,1624,5305364
Farine,20/06/2026,1719,6084186
Farine,20/07/2022,1992,5444020.5
Farine,20/07/2023,1604,5256554.25
Farine,20/07/2024,1870,6104781
Farine,20/07/2025,1632.25,5396475
Farine,20/07/2026,1637,5557977
Farine,20/08/2022,1577,4890992.5
Farine,20/08/2023,1340,4150631.5
Farine,20/08/2024,1195,3828960
Farine,20/08/2025,1315.5,4687282
Farine,20/08/2026,1369,4280677
Farine,20/09/2021,2590,7097925
Farine,20/09/2022,1490,4872235
Farine,20/09/2023,1424,4753696.75
Farine,20/09/2025,1625,5830794
Farine,20/10/2021,1601.3,5376807.14
Farine,20/10/2022,1336,4529932.25
Farine,20/10/2024,1176.8,3990139.6
Farine,20/10/2025,1928,6227468
Farine,20/11/2021,1640,5178525.85
Farine,20/11/2022,1793,6626087.95
Farine,20/11/2023,1331,4208107.75
Farine,20/11/2024,1816,6501772
Farine,20/11/2025,1515,4007565
Farine,20/12/2021,2873,8833204.450000003
Farine,20/12/2022,1654,5928875
Farine,20/12/2023,1547,4658645.5
Farine,20/12/2025,1667,6357188
Farine,21/01/2021,1794.88,5049218.2
Farine,21/01/2023,1513,5081504
Farine,21/01/2024,1584.24,5525633.640000001
Farine,21/01/2025,1787.9,6177355.75
Farine,21/01/2026,1845.49,6517389.37
Farine,21/02/2021,1892,4862559
Farine,21/02/2022,1976.81,6761594.75
Farine,21/02/2023,1836.645,6318986.48
Farine,21/02/2024,1417.96,4682962.529999999
Farine,21/02/2026,1632,5625801
Farine,21/03/2021,2415,6958825
Farine,21/03/2022,2782.35,8475424.350000001
Farine,21/03/2023,1856.5249999999999,6232653.29
Farine,21/03/2024,1439.1699999999998,5311308.609999999
Farine,21/04/2021,1810,5289893
Farine,21/04/2022,1782.3000000000002,5979883.750000002
Farine,21/04/2024,1715.35,6096791.499999999
Farine,21/04/2025,2164.45,6943491.4
Farine,21/04/2026,1609,5757966
Farine,21/05/2022,1545,5189529
Farine,21/05/2023,1566.04,5469268.78
Farine,21/05/2024,1263.05,3792349.1
Farine,21/05/2025,1653.59,5262966.27
Farine,21/05/2026,1783,6513421
Farine,21/06/2021,2501,6398325
Farine,21/06/2022,949,3454189.58
Farine,21/06/2023,1364.13,4309063.6
Farine,21/06/2025,1542,4947907
Farine,21/06/2026,1595.0700000000002,5511452.5600000005
Farine,21/07/2022,2300,6378473.5
Farine,21/07/2024,1779.03,6039526.99
Farine,21/07/2025,1588,5462098
Farine,21/07/2026,1418,5076582
Farine,21/08/2021,1618,4336525
Farine,21/08/2022,1652.91,5081530.12
Farine,21/08/2023,2055.48,6001602.96
Farine,21/08/2024,1395.75,4334618.45
Farine,21/08/2025,1717,5593578
Farine,21/09/2021,2338,6454851
Farine,21/09/2022,1589.46,5342848.03
Farine,21/09/2023,1415.7,4423715.45
Farine,21/09/2024,1997.67,6230188.26
Farine,21/09/2025,1561.35,5647261.45
Farine,21/10/2021,2285,7501563.849999999
Farine,21/10/2023,1645.9,5115587.85
Farine,21/10/2024,1618,5231566
Farine,21/10/2025,1852.93,6430450.59
Farine,21/11/2021,2583,7433375.610000001
Farine,21/11/2022,2091.3,7406461.15
Farine,21/11/2023,1298.6799999999998,4427045.0600000005
Farine,21/11/2024,1904.49,7158875.77
Farine,21/12/2021,1785,5795858.250000001
Farine,21/12/2022,1576,5597868.5
Farine,21/12/2023,1579,4824542
Farine,21/12/2024,1752.34,6227913.07
Farine,21/12/2025,1805.4,6367858.05
Farine,22/01/2022,1860,5761632.57
Farine,22/01/2023,1327.65,4724745.35
Farine,22/01/2024,1759,5756998
Farine,22/01/2025,1613,5759161
Farine,22/01/2026,1851,6499760
Farine,22/02/2021,1690,4951165
Farine,22/02/2022,1693,5624062.609999999
Farine,22/02/2023,1580,5195545.75
Farine,22/02/2024,1405.8,4530047.6
Farine,22/02/2025,1911.3799999999999,6758567.390000001
Farine,22/02/2026,1458.96,5540857.229999999
Farine,22/03/2021,2677.95,8182292
Farine,22/03/2022,1752.62,5345048.289999999
Farine,22/03/2023,2222.98,9044009.33
Farine,22/03/2025,1282,5184834
Farine,22/03/2026,60,118200
Farine,22/04/2021,2281,7595199
Farine,22/04/2024,1592,5613719
Farine,22/04/2025,1645,5409364
Farine,22/04/2026,1791.96,6174793.88
Farine,22/05/2021,1643,4718821
Farine,22/05/2022,1476.4700000000003,4243968.710000001
Farine,22/05/2023,1795,6340617
Farine,22/05/2024,1200,3495700
Farine,22/05/2025,1475,4511515
Farine,22/06/2021,2379,5645262
Farine,22/06/2022,820,2647397.45
Farine,22/06/2023,1426,4668238
Farine,22/06/2024,1733.15,5633852.45
Farine,22/06/2025,1233.01,3897794.43
Farine,22/06/2026,1652,5575589
Farine,22/07/2021,1313,3065091
Farine,22/07/2023,2098.57,6398814.49
Farine,22/07/2024,1865,6395934
Farine,22/07/2025,1774.27,6245790.07
Farine,22/07/2026,1766,6062681
Farine,22/08/2021,2633,6783046
Farine,22/08/2022,982,3617373.5
Farine,22/08/2023,1651,5002420.75
Farine,22/08/2024,1280,4010520
Farine,22/08/2026,1441.02,4350046.41
Farine,22/09/2021,2349,6254450
Farine,22/09/2022,1872,6337495.5
Farine,22/09/2024,2913,7986936
Farine,22/09/2025,2265,6921768
Farine,22/10/2022,1549,4748104.25
Farine,22/10/2023,1552.7,4756468.45
Farine,22/10/2024,1594.1299999999999,5284123.29
Farine,22/10/2025,1897,6142821
Farine,22/11/2021,2904.2,8472593.81
Farine,22/11/2022,1475,5278623.25
Farine,22/11/2023,1315,4191663.5
Farine,22/11/2025,1748.78,5542043.29
Farine,22/12/2021,2297,7364675.590000003
Farine,22/12/2022,1940,6548648.5
Farine,22/12/2024,1415,5030670
Farine,22/12/2025,1245,4167404
Farine,23/01/2021,2645,7125850
Farine,23/01/2022,3609,10341685.83
Farine,23/01/2023,1644,5365608
Farine,23/01/2024,1490,5196900
Farine,23/01/2025,1591,5779702
Farine,23/02/2021,1746,4763813
Farine,23/02/2022,2601,7506797.820000001
Farine,23/02/2023,1332,4774638
Farine,23/02/2025,1454.9,5250995.8
Farine,23/02/2026,1709,6201080
Farine,23/03/2021,2162.26,7100064.2
Farine,23/03/2022,1720,5561572.219999999
Farine,23/03/2023,1607.04,6480542.79
Farine,23/03/2024,1318,5078410.68
Farine,23/03/2025,1360.89,5384904.58
Farine,23/03/2026,2003,6829212
Farine,23/04/2022,1840,6199092.950000001
Farine,23/04/2023,1244.77,4960309.890000001
Farine,23/04/2024,1335,5016025
Farine,23/04/2025,2313,7983639
Farine,23/04/2026,1655,5669460
Farine,23/05/2021,2628,6735146
Farine,23/05/2022,1777,6097940.69
Farine,23/05/2023,1438.8,4801662.55
Farine,23/05/2024,1129,3385098
Farine,23/05/2026,1620,5687618
Farine,23/06/2021,2289.07,5782480.140000001
Farine,23/06/2022,1174,3625169.0300000017
Farine,23/06/2024,1354,4684750
Farine,23/06/2025,1884.1,5941169.3
Farine,23/06/2026,1675,6473088
Farine,23/07/2022,1744,5273329.25
Farine,23/07/2023,1742,5117977.5
Farine,23/07/2024,1855,6375334
Farine,23/07/2025,1732,6257276
Farine,23/07/2026,1654.02,5612541.109999999
Farine,23/08/2021,2504,6361073
Farine,23/08/2022,1352,4206241
Farine,23/08/2023,1777,5363656.75
Farine,23/08/2025,1752,6034758
Farine,23/08/2026,1102,3116159
Farine,23/09/2021,1585.27,5028946.1899999995
Farine,23/09/2023,1821.3899999999999,5596361.38
Farine,23/09/2024,1899,6424018
Farine,23/09/2025,1921,6278014
Farine,23/10/2021,1653.3200000000002,5053844.32
Farine,23/10/2022,2012,6253454.75
Farine,23/10/2023,1766,5200874
Farine,23/10/2024,1350,4478320
Farine,23/10/2025,1898,6123953
Farine,23/11/2021,2035,6305611.5
Farine,23/11/2022,1909.25,6340810.6625
Farine,23/11/2023,1268.75,4077796.75
Farine,23/11/2024,2050,7188030
Farine,23/11/2025,1762.51,5428488.63
Farine,23/12/2021,2347.8,7038150.460000002
Farine,23/12/2023,1750.3,5273127.15
Farine,23/12/2024,1637,5408574
Farine,23/12/2025,1228,4151048
Farine,24/01/2021,2181,5916955
Farine,24/01/2022,1255.05,4444685.93
Farine,24/01/2023,1479,4998548.25
Farine,24/01/2024,1387,4920444
Farine,24/01/2026,1324,4254414
Farine,24/02/2021,1535,4304233
Farine,24/02/2022,2397,7423086.840000002
Farine,24/02/2024,1467.03,5028813.66
Farine,24/02/2025,1829.14,6327278.32
Farine,24/02/2026,1243.5,4712050
Farine,24/03/2021,2621.87,8060984.8
Farine,24/03/2022,1829,6974366.98
Farine,24/03/2024,1237,5007869
Farine,24/03/2025,1555,6019268
Farine,24/03/2026,1896,6848516
Farine,24/04/2021,2095,6798285
Farine,24/04/2022,1655,5932665.7
Farine,24/04/2023,1683,6177635
Farine,24/04/2024,1225,4199425.68
Farine,24/04/2025,1735,6045540
Farine,24/05/2021,2136,5264432
Farine,24/05/2022,1892,6260363.540000001
Farine,24/05/2023,1525,5312828.75
Farine,24/05/2025,1491,4799198
Farine,24/05/2026,1638,6023645
Farine,24/06/2021,2573,5842356
Farine,24/06/2023,1611,5019584.75
Farine,24/06/2024,1566,5042954
Farine,24/06/2025,1865,6376818
Farine,24/06/2026,1757,6220282
Farine,24/07/2021,1795,4589405
Farine,24/07/2022,2042.42,6166966.1899999995
Farine,24/07/2023,1806,5430231.5
Farine,24/07/2024,2126,6966436
Farine,24/07/2025,1477,4963176
Farine,24/08/2021,2985,7521430
Farine,24/08/2022,1362,4399485.75
Farine,24/08/2023,1863.8,5374247.05
Farine,24/08/2024,1220.87,3594239.46
Farine,24/08/2025,1659.08,6129927.640000001
Farine,24/08/2026,1220,3462185
Farine,24/09/2022,1490,4872235
Farine,24/09/2023,1456,4569474
Farine,24/09/2024,1612,5645994
Farine,24/09/2025,1392.9,4952615.8
Farine,24/10/2021,1850,5565519.3500000015
Farine,24/10/2022,1795.3700000000001,5614408.9399999995
Farine,24/10/2023,1405,4525589.5
Farine,24/10/2024,1548,5423566
Farine,24/11/2021,2167,6587494.400000001
Farine,24/11/2022,1410,4588862.25
Farine,24/11/2024,1803,6203046
Farine,24/11/2025,1560,4802319
Farine,24/12/2022,1647.68,5976540.3100000005
Farine,24/12/2023,1195,3736268.5
Farine,24/12/2024,1393.5,5184407
Farine,24/12/2025,1478,4582071
Farine,25/01/2021,2268.84,5923405.2
Farine,25/01/2022,2202,6014634.990000002
Farine,25/01/2023,1438,4975763.75
Farine,25/01/2024,1573,5434856
Farine,25/01/2025,1799,6430502
Farine,25/01/2026,1316.1799999999998,4218798.24
Farine,25/02/2021,1596,4475662
Farine,25/02/2023,1580,5383309.75
Farine,25/02/2024,1408,4544406
Farine,25/02/2025,1904,6557137
Farine,25/02/2026,1360,5058541
Farine,25/03/2021,1373.85,3959243.2
Farine,25/03/2023,1344,4996633.5
Farine,25/03/2024,1311,5254367
Farine,25/03/2025,1842,7334230
Farine,25/03/2026,1799,6562255
Farine,25/04/2021,2708.7000000000003,7313604.899999999
Farine,25/04/2022,1760,5666984.350000001
Farine,25/04/2023,1842,7537705.75
Farine,25/04/2024,1354.5,4482659
Farine,25/04/2026,1694,5952957
Farine,25/05/2021,1728,4650145
Farine,25/05/2022,1673,5785767.609999999
Farine,25/05/2023,1333,4395866.75
Farine,25/05/2024,1181,3398982
Farine,25/05/2025,1420,4213505
Farine,25/05/2026,2203,7605858
Farine,25/06/2022,1782.2900000000002,4846064.720000001
Farine,25/06/2023,1446.5,4522618.575
Farine,25/06/2024,1520,4983779
Farine,25/06/2025,1686,5643685
Farine,25/06/2026,1695,5999508
Farine,25/07/2021,1985,4816905
Farine,25/07/2022,2002,5312622
Farine,25/07/2023,1554,4719666
Farine,25/07/2024,2110,6975448
Farine,25/07/2026,1446,4912505
Farine,25/08/2021,3034.3,7712241.2
Farine,25/08/2022,1563,5306778
Farine,25/08/2024,1090,3334540
Farine,25/08/2025,1825,6656812
Farine,25/08/2026,1229,3666758
Farine,25/09/2021,2303.59,6433264.12
Farine,25/09/2022,1901,5651926
Farine,25/09/2023,1653,5076407.5
Farine,25/09/2024,1597.73,5715576.0600000005
Farine,25/09/2025,1941,6415390
Farine,25/10/2021,1691.34,5356012.980000001
Farine,25/10/2022,1279,3999908.75
Farine,25/10/2023,1572.75,4874295.25
Farine,25/10/2025,1502,5369760
Farine,25/11/2021,2081,6289390.15
Farine,25/11/2023,1607,4898850.25
Farine,25/11/2024,1936,6912942
Farine,25/11/2025,1629,5219658
Farine,25/12/2021,2342.26,6768582.9399999995
Farine,25/12/2022,1199,4610846.5
Farine,25/12/2023,1637,5180655
Farine,25/12/2024,1580,5507460
Farine,25/12/2025,1692,5664694
Farine,26/01/2021,1464,3749594
Farine,26/01/2022,2072,6259351.990000001
Farine,26/01/2023,1298,4480052.5
Farine,26/01/2025,1555,5606008
Farine,26/01/2026,1423.91,4472320.99
Farine,26/02/2022,1534,4810784.630000001
Farine,26/02/2023,1443,5131368
Farine,26/02/2024,1464.5,4779994
Farine,26/02/2025,1736.5,6065204
Farine,26/02/2026,1144,4467542
Farine,26/03/2022,2092.98,6762197.53
Farine,26/03/2023,1514,6220507.75
Farine,26/03/2024,1366,5348607
Farine,26/03/2025,1868,7368121
Farine,26/03/2026,2188.15,7592763.8999999985
Farine,26/04/2021,2589.9100000000003,7588953.57
Farine,26/04/2022,1760,5541619
Farine,26/04/2023,1924,7184799.5
Farine,26/04/2025,1978,6944804
Farine,26/04/2026,1590,5582784
Farine,26/05/2021,1662,4353959
Farine,26/05/2022,1593,5600161.109999999
Farine,26/05/2024,1095,3302060
Farine,26/05/2025,1446,4843758
Farine,26/05/2026,1752,5620170
Farine,26/06/2021,2238.98,5714701.4
Farine,26/06/2022,2157,5787713.790000001
Farine,26/06/2023,1754,5367456
Farine,26/06/2024,1470,4932640
Farine,26/06/2025,1618,5467631
Farine,26/07/2021,2438,6349211
Farine,26/07/2022,1737,4973188.5
Farine,26/07/2023,1687.9,5212299.9
Farine,26/07/2025,1661,5718423
Farine,26/07/2026,1463,5045738
Farine,26/08/2021,2779,7129603
Farine,26/08/2023,1750,5239336.25
Farine,26/08/2024,1304,3800398
Farine,26/08/2025,1715,6041351
Farine,26/08/2026,1080,3101781
Farine,26/09/2021,2541.38,6841836.2
Farine,26/09/2022,1740,5364735
Farine,26/09/2023,1436,4530074
Farine,26/09/2024,1460.7,5273218.35
Farine,26/10/2021,1600,4991402.810000001
Farine,26/10/2022,1566.8,5127549.55
Farine,26/10/2023,1540,4613638
Farine,26/10/2024,1460,4836350
Farine,26/10/2025,1896,6388016
Farine,26/11/2022,1738,5950573.25
Farine,26/11/2023,1333,4317288
Farine,26/11/2024,1900,6731950
Farine,26/11/2025,1497,5144547
Farine,26/12/2021,2631,8472018.570000002
Farine,26/12/2022,1282,3972813.5
Farine,26/12/2023,1478,4651541.25
Farine,26/12/2024,1505,5207970
Farine,27/01/2021,1597,4262614
Farine,27/01/2022,2072,5951280.490000002
Farine,27/01/2024,1685,5566968
Farine,27/01/2025,1569,5516042
Farine,27/01/2026,1448,4848474
Farine,27/02/2021,1562,4095747
Farine,27/02/2022,1909,5385891.23
Farine,27/02/2023,1553,5511966.25
Farine,27/02/2024,1301.24,4380845.77
Farine,27/02/2025,1467,5604063
Farine,27/03/2021,1737,5859974
Farine,27/03/2022,1788.5800000000002,5875234.862400001
Farine,27/03/2023,1363.08,5822852.58
Farine,27/03/2024,1278,5295548
Farine,27/03/2025,2202,8020046
Farine,27/04/2021,2096.7,6429435.9
Farine,27/04/2022,1915.13,6520454.047599999
Farine,27/04/2023,1979,7775441
Farine,27/04/2024,1100,2996120
Farine,27/04/2025,1608,5102725
Farine,27/04/2026,1697,6049900
Farine,27/05/2021,1754,4918861
Farine,27/05/2023,1351,4790174.75
Farine,27/05/2024,1185.9,3514547.8
Farine,27/05/2025,1615,5464388
Farine,27/06/2021,3583,8095386
Farine,27/06/2022,2176,5748298.32
Farine,27/06/2023,1393,3978799.75
Farine,27/06/2024,1450,4892340
Farine,27/06/2026,1699,5883046
Farine,27/07/2021,2023,5102551
Farine,27/07/2022,2286.89,6485771.8
Farine,27/07/2023,1890,5531295.5
Farine,27/07/2024,2228,7200896
Farine,27/07/2025,1510,5326375
Farine,27/07/2026,1715,5531243
Farine,27/08/2022,1315,4413901.25
Farine,27/08/2023,1666.99,5035121.99
Farine,27/08/2024,1729.9,4726447.8
Farine,27/08/2025,1496,5655062
Farine,27/08/2026,1261,3500282
Farine,27/09/2021,1903,4141134
Farine,27/09/2022,1505,4915788.25
Farine,27/09/2023,1488,4735054.25
Farine,27/09/2025,1956,6688538
Farine,27/10/2021,1577,5256348.040000002
Farine,27/10/2022,1253,3795706.75
Farine,27/10/2024,1748,5359046
Farine,27/10/2025,1784,6031871
Farine,27/11/2021,1865,5764531.75
Farine,27/11/2022,1371.8,4735374.55
Farine,27/11/2023,1422,4313521.5
Farine,27/11/2024,1746,6337052
Farine,27/11/2025,1644,5568548
Farine,27/12/2021,2462,7415786.86
Farine,27/12/2022,2180,6670057
Farine,27/12/2023,1660,5318326.25
Farine,27/12/2025,1551,4949506
Farine,28/01/2021,1474.38,3945592.38
Farine,28/01/2023,1611,5418541.5
Farine,28/01/2024,1422,4946192
Farine,28/01/2025,1586,5940760
Farine,28/01/2026,1452,4740079
Farine,28/02/2021,1447,4235902
Farine,28/02/2022,1758,5410822.5600000005
Farine,28/02/2023,1354.25,4898577.5
Farine,28/02/2024,1344,4538998
Farine,28/02/2026,1143,4523932
Farine,28/03/2021,1156,3424511
Farine,28/03/2022,1807.7,6107838.250000001
Farine,28/03/2023,1301.01,5857577.76
Farine,28/03/2024,1264,5238873
Farine,28/03/2026,2026,6871190
Farine,28/04/2021,1669.8,5400442.6
Farine,28/04/2022,2257,8208107.240000002
Farine,28/04/2024,1200,3494800
Farine,28/04/2025,1627,4987257
Farine,28/04/2026,1585,5865890
Farine,28/05/2022,1678,5430869.21
Farine,28/05/2023,1102,3506187.5
Farine,28/05/2024,1184,3507558
Farine,28/05/2025,1645,5149915
Farine,28/06/2021,2013,4800170
Farine,28/06/2022,1750,5147627.300000001
Farine,28/06/2025,1963,6636697
Farine,28/06/2026,1469,5526971
Farine,28/07/2021,2019.8200000000002,5557545.84
Farine,28/07/2022,1917,5435201.25
Farine,28/07/2024,1869,6552548
Farine,28/07/2025,1817,6297079
Farine,28/07/2026,1468,4951809
Farine,28/08/2021,1962,5532884
Farine,28/08/2022,1310,4719250
Farine,28/08/2023,1525,4713283
Farine,28/08/2024,1236,4016292
Farine,28/08/2025,1898,6453461
Farine,28/09/2021,2281,5639542
Farine,28/09/2022,1508,4643050.25
Farine,28/09/2023,1582,4801718.25
Farine,28/09/2024,1678,5731736
Farine,28/09/2025,1715,6087450
Farine,28/10/2021,1609.12,5405970.440000001
Farine,28/10/2023,1751,5328525.5
Farine,28/10/2024,1430,4860510
Farine,28/10/2025,1495,5151070
Farine,28/11/2021,2473.5,6724537.310000001
Farine,28/11/2022,1676,5504581.75
Farine,28/11/2023,1354.75,4418756
Farine,28/11/2024,3190,10091020
Farine,28/12/2021,2697,7938347.1899999995
Farine,28/12/2022,1723,5687108.75
Farine,28/12/2023,2891,7701819
Farine,28/12/2024,1596,5357072
Farine,28/12/2025,1591,5443822
Farine,29/01/2022,1685,5371585.9
Farine,29/01/2023,1371,4889728.5
Farine,29/01/2024,1883,6094756
Farine,29/01/2025,1836,6376876
Farine,29/01/2026,1427,4531714
Farine,29/02/2024,1405,4629000
Farine,29/03/2021,1227,3769057
Farine,29/03/2022,1860,5583919.3500000015
Farine,29/03/2023,1463,5986118.5
Farine,29/03/2025,1811,7246888
Farine,29/03/2026,2030.6799999999998,7144979.39
Farine,29/04/2021,1438.8,4044750.5999999996
Farine,29/04/2023,1942,7024940.5
Farine,29/04/2024,1156,3364742
Farine,29/04/2025,1564,4464496
Farine,29/04/2026,1517,5507118
Farine,29/05/2021,2198.3199999999997,6865101.79
Farine,29/05/2022,1156,3523740.3200000003
Farine,29/05/2023,1396,4293248
Farine,29/05/2024,986,3028942
Farine,29/05/2025,1765,5149150
Farine,29/06/2021,1842,5099219
Farine,29/06/2022,1469,4452538.180000002
Farine,29/06/2024,1618,5311856
Farine,29/06/2025,1505,5573941
Farine,29/06/2026,1791,5789657
Farine,29/07/2021,1632,4697304
Farine,29/07/2023,1735,5198248.75
Farine,29/07/2024,1905,6579190
Farine,29/07/2025,1625,5925140
Farine,29/07/2026,1614,5019378
Farine,29/08/2021,2287,6346269
Farine,29/08/2022,1320,4100784
Farine,29/08/2023,1489,4687745.25
Farine,29/08/2024,1186,4220372
Farine,29/08/2026,1213,3482144
Farine,29/09/2021,1858,5405321
Farine,29/09/2022,1490,5013186.25
Farine,29/09/2024,1440,4900860
Farine,29/09/2025,1883,6677758
Farine,29/10/2022,1670,5476196.5
Farine,29/10/2023,1355,4192937.5
Farine,29/10/2024,1283,4592626
Farine,29/10/2025,1584,5483521
Farine,29/11/2021,2556,7175861.070000002
Farine,29/11/2022,1442,4727836
Farine,29/11/2023,1364,4346179
Farine,29/11/2025,1613,5537562
Farine,29/12/2021,2450.4,7233245.609999999
Farine,29/12/2022,2044,8024821.25
Farine,29/12/2024,1543,4904036
Farine,29/12/2025,2073,6176764
Farine,30/01/2021,1096.65,3089389
Farine,30/01/2022,2224.5,6996891.990000003
Farine,30/01/2023,1440,4755847.5
Farine,30/01/2024,1666,5547642
Farine,30/01/2025,1970,6501028
Farine,30/03/2021,2081,6514753
Farine,30/03/2022,2046,6476043.550000001
Farine,30/03/2023,1089,4198101
Farine,30/03/2024,1121,4867534
Farine,30/03/2025,1337,5335514
Farine,30/03/2026,1955,6769757
Farine,30/04/2022,1458,4857436.71
Farine,30/04/2023,1485.7,5684028.2
Farine,30/04/2024,1184,3507558
Farine,30/04/2025,2161.42,6744955.16
Farine,30/04/2026,2007,6517186
Farine,30/05/2021,2530,6797285
Farine,30/05/2022,1487,4704028.09
Farine,30/05/2023,1196,3736249.75
Farine,30/05/2024,1160,3416000
Farine,30/05/2026,1451,4864226
Farine,30/06/2021,2387,5945673
Farine,30/06/2022,1629,4310026.53
Farine,30/06/2024,1498,5351116
Farine,30/06/2025,2063.1,6337515.1
Farine,30/06/2026,1480,5366028
Farine,30/07/2022,1879,5543788.25
Farine,30/07/2023,2262,6401275.75
Farine,30/07/2024,1998,6860041
Farine,30/07/2025,1394,4702642
Farine,30/07/2026,1638,5420313
Farine,30/08/2021,2490,6660250
Farine,30/08/2022,1331,4220408
Farine,30/08/2023,1443,4615301
Farine,30/08/2025,2003,6769008
Farine,30/08/2026,1181,3326995
Farine,30/09/2021,2296,6384177
Farine,30/09/2023,1561,4790327.25
Farine,30/09/2024,1921,5918502
Farine,30/09/2025,1882.47,6286376.3100000005
Farine,30/10/2021,1600,5022342.739999999
Farine,30/10/2022,1516,4693152.5
Farine,30/10/2023,1741,5627862.75
Farine,30/10/2024,1631,5310582
Farine,30/10/2025,1654,5639196
Farine,30/11/2021,1880,5840622.460000001
Farine,30/11/2022,1723,5687108.75
Farine,30/11/2023,1287,4105452
Farine,30/11/2024,2043,7725871
Farine,30/11/2025,2093,6909102
Farine,30/12/2021,1995,6383984.550000001
Farine,30/12/2023,1848,5927742.5
Farine,30/12/2024,1538,5073966
Farine,30/12/2025,2168.9,6297229.8
Farine,31/01/2021,1016,2539277
Farine,31/01/2022,2440,7343850.800000001
Farine,31/01/2023,1328,4731057.25
Farine,31/01/2024,1674.94,5649632.37
Farine,31/01/2026,1426,4913746
Farine,31/03/2021,1910,5724875
Farine,31/03/2022,2566.34,8883887.984800002
Farine,31/03/2024,1416,5526442
Farine,31/03/2026,2019.5,6887866
Farine,31/05/2021,2558,6627098
Farine,31/05/2022,1691.67,5585314.680000001
Farine,31/05/2023,1535,5306022.25
Farine,31/05/2025,1542,5210285
Farine,31/05/2026,1617,6140982
Farine,31/07/2021,2471,6195442
Farine,31/07/2022,1926,5675283.75
Farine,31/07/2023,1819,5234612.75
Farine,31/07/2024,2133,7224180
Farine,31/07/2025,3809,10178298
Farine,31/08/2021,2083.25,5237249
Farine,31/08/2022,1392,4458585.75
Farine,31/08/2023,1400,4459929.75
Farine,31/08/2024,1375,4678410
Farine,31/08/2025,1807,6196675
Farine,31/08/2026,1122,3196228
Farine,31/10/2021,1590,5052019.3500000015
Farine,31/10/2022,1507,4673450
Farine,31/10/2023,1508,4708941.25
Farine,31/10/2024,2053,6173056
Farine,31/12/2021,24,89658.68000000001
Farine,31/12/2022,2257.55,8444051.15
Farine,31/12/2023,1431,4808727
Farine,31/12/2024,1935,5626220
Farine,31/12/2025,1373,4555181
Pain,01/06/2023,26514,275280
Pain,01/06/2025,400,168068
Pain,01/07/2026,150,63025.5
Pain,01/09/2024,150,156000
Pain,02/01/2022,18500,185000
Pain,02/01/2025,33566,410270
Pain,02/06/2022,26890,235540
Pain,02/06/2024,62890,745090
Pain,02/06/2025,38684,477740
Pain,02/07/2023,26123,268920
Pain,02/08/2023,30604,315320
Pain,02/09/2021,179,186160
Pain,02/10/2023,33790,350000
Pain,02/12/2025,146,151840
Pain,03/01/2021,19900,199000
Pain,03/01/2023,21846,218460
Pain,03/01/2024,19264,198960
Pain,03/02/2021,12200,122000
Pain,03/02/2025,23720,237200
Pain,03/03/2022,26680,229360
Pain,03/03/2025,23737,283670
Pain,03/04/2022,21800,218000
Pain,03/05/2021,14700,147000
Pain,03/05/2023,29863,225980
Pain,03/07/2025,32441,446840
Pain,03/09/2023,33594,347000
Pain,03/09/2025,82438,1086755
Pain,03/09/2026,400,416000
Pain,03/10/2021,150,51690
Pain,03/10/2024,47796,542760
Pain,03/12/2023,26390,271800
Pain,03/12/2024,45123,496050
Pain,04/01/2023,22500,225000
Pain,04/02/2023,80,83200
Pain,04/02/2024,25822,431568
Pain,04/02/2025,24195,296870
Pain,04/02/2026,23615,236150
Pain,04/03/2025,11863,201250
Pain,04/03/2026,249,258960
Pain,04/04/2021,17000,170000
Pain,04/04/2022,28890,244620
Pain,04/04/2023,41664,416640
Pain,04/04/2024,35565,400930
Pain,04/05/2021,4314,400576
Pain,04/06/2023,22240,222400
Pain,04/06/2024,22915,229150
Pain,04/06/2025,36168,451335
Pain,04/07/2024,87372,1019790
Pain,04/08/2021,71000,710000
Pain,04/09/2022,22300,223000
Pain,04/09/2024,32031,387500
Pain,04/10/2021,24355,211510
Pain,04/10/2023,38891,388910
Pain,04/11/2021,39300,393000
Pain,04/11/2024,54141,614150
Pain,04/12/2022,26100,237240
Pain,04/12/2023,23710,237100
Pain,05/01/2025,15009,185590
Pain,05/01/2026,311,323440
Pain,05/02/2023,23195,231950
Pain,05/02/2024,24850,248500
Pain,05/02/2025,5054,126350
Pain,05/03/2024,25376,263480
Pain,05/03/2025,170,176800
Pain,05/04/2021,450,468000
Pain,05/08/2021,20308,180616
Pain,05/08/2025,39643,560930
Pain,05/08/2026,7637,76370
Pain,05/10/2021,33171,713840
Pain,05/10/2023,13050,130500
Pain,05/11/2023,47418,482080
Pain,05/11/2024,10829,129950
Pain,05/11/2025,24425,244250
Pain,05/12/2021,49400,461840
Pain,05/12/2022,32700,327000
Pain,06/01/2025,21565,215650
Pain,06/01/2026,22524,229740
Pain,06/02/2022,17400,174000
Pain,06/03/2021,306,318240
Pain,06/03/2022,25600,256000
Pain,06/03/2024,1000,420170
Pain,06/04/2023,7530,94080
Pain,06/05/2021,17322,173220
Pain,06/05/2024,42663,486805
Pain,06/05/2026,56151,721995
Pain,06/07/2022,22810,200980
Pain,06/07/2023,19215,192150
Pain,06/08/2023,27156,280000
Pain,06/08/2026,58172,741720
Pain,06/09/2022,34500,345000
Pain,06/11/2022,16400,164000
Pain,06/11/2024,13965,173330
Pain,07/01/2024,32121,325950
Pain,07/01/2026,60437,766390
Pain,07/02/2022,21220,212200
Pain,07/02/2023,21700,217000
Pain,07/04/2021,25807,229558
Pain,07/04/2022,15800,158000
Pain,07/04/2025,18003,180030
Pain,07/05/2025,83337,1009320
Pain,07/06/2021,41100,720000
Pain,07/06/2026,68962,742880
Pain,07/07/2021,20500,205000
Pain,07/07/2022,60800,608000
Pain,07/07/2025,19212,192120
Pain,07/08/2024,85353,1039210
Pain,07/09/2021,23036,206024
Pain,07/11/2021,21300,213000
Pain,07/11/2022,15100,151000
Pain,07/12/2025,25073,258980
Pain,08/02/2021,8701,59554
Pain,08/02/2022,18900,189000
Pain,08/02/2024,200,208000
Pain,08/03/2023,40440,409800
Pain,08/04/2025,10029,139090
Pain,08/04/2026,18218,182180
Pain,08/05/2022,19010,170660
Pain,08/06/2022,31500,315000
Pain,08/06/2023,25276,262960
Pain,08/06/2026,4219,105475
Pain,08/10/2023,20119,207510
Pain,08/10/2024,23619,282070
Pain,08/12/2021,21000,210000
Pain,08/12/2024,17741,225060
Pain,09/01/2025,27087,333450
Pain,09/02/2021,23000,230000
Pain,09/02/2022,5820,23280
Pain,09/02/2025,21219,301980
Pain,09/02/2026,54108,699265
Pain,09/03/2021,40300,403000
Pain,09/03/2022,26300,263000
Pain,09/04/2026,44560,527940
Pain,09/05/2026,100,104000
Pain,09/06/2022,28500,285000
Pain,09/07/2024,40,41600
Pain,09/08/2023,18720,187200
Pain,09/09/2025,1000,420170
Pain,09/10/2022,53090,503630
Pain,09/10/2025,60343,748765
Pain,09/11/2025,1000,420170
Pain,09/12/2025,500,210085
Pain,10/01/2021,24376,243760
Pain,10/01/2022,16000,160000
Pain,10/01/2023,19300,193000
Pain,10/03/2022,6,6240
Pain,10/03/2026,50070,594810
Pain,10/05/2022,20000,200000
Pain,10/06/2021,4990,28660
Pain,10/06/2025,24869,296150
Pain,10/07/2023,25810,267890
Pain,10/08/2023,2115,431320
Pain,10/11/2021,28090,246580
Pain,10/11/2022,28100,251840
Pain,10/11/2025,62034,785625
Pain,10/12/2023,26052,270000
Pain,11/01/2022,24720,216000
Pain,11/01/2023,47000,470000
Pain,11/03/2024,51317,522050
Pain,11/04/2021,13400,134000
Pain,11/05/2023,33327,351195
Pain,11/08/2021,14200,142000
Pain,11/09/2025,140,58823.8
Pain,11/10/2022,24200,242000
Pain,11/12/2022,20200,202000
Pain,12/02/2024,30072,311500
Pain,12/03/2023,21875,218750
Pain,12/03/2025,14523,203170
Pain,12/03/2026,50,52000
Pain,12/05/2021,7500,75000
Pain,12/06/2024,46579,557750
Pain,12/07/2026,59447,681560
Pain,12/08/2024,28297,337480
Pain,12/08/2025,20051,200510
Pain,12/11/2023,21123,219130
Pain,12/12/2023,200,84034
Pain,12/12/2024,14514,177400
Pain,13/01/2021,9385,464978
Pain,13/02/2021,16000,160000
Pain,13/02/2025,21883,272010
Pain,13/03/2023,600,252102
Pain,13/04/2023,9025,110370
Pain,13/05/2024,25113,251130
Pain,13/06/2021,16838,168380
Pain,13/07/2023,21216,219580
Pain,13/08/2024,19945,199450
Pain,13/08/2025,366,380640
Pain,13/09/2022,22500,225000
Pain,13/10/2025,21066,210660
Pain,14/01/2021,25840,258400
Pain,14/01/2024,25473,264210
Pain,14/02/2021,18200,182000
Pain,14/02/2022,15500,155000
Pain,14/04/2025,300,126051
Pain,14/04/2026,180,187200
Pain,14/05/2024,791,7910
Pain,14/06/2026,296,124370.32
Pain,14/07/2021,42604,403576
Pain,14/07/2022,26700,267000
Pain,14/07/2025,23191,297880
Pain,14/07/2026,1000,420170
Pain,14/08/2025,32498,379310
Pain,14/10/2025,250,105042.5
Pain,14/11/2021,19800,198000
Pain,14/11/2022,23300,233000
Pain,14/11/2024,18586,230720
Pain,15/01/2025,17584,622980
Pain,15/02/2021,282,293280
Pain,15/03/2021,12300,123000
Pain,15/04/2026,1000,420170
Pain,15/05/2023,175,73529.75
Pain,15/05/2025,42160,517640
Pain,15/06/2023,17512,181960
Pain,15/06/2026,198,205920
Pain,15/07/2024,32783,405100
Pain,15/07/2025,400,416000
Pain,15/08/2023,25519,265000
Pain,15/09/2022,23960,210440
Pain,15/10/2023,26500,274480
Pain,16/02/2021,1000,336140
Pain,16/02/2022,16300,163000
Pain,16/02/2023,44300,443000
Pain,16/03/2025,23829,249015
Pain,16/06/2021,18700,187000
Pain,16/06/2022,34500,345000
Pain,16/07/2025,12,12480
Pain,16/09/2021,77100,771000
Pain,16/11/2022,22500,225000
Pain,16/11/2025,2000,840340
Pain,16/12/2021,21660,587400
Pain,17/01/2022,14200,142000
Pain,17/02/2021,23500,235000
Pain,17/02/2025,10452,157760
Pain,17/03/2024,200,208000
Pain,17/04/2022,39300,393000
Pain,17/04/2024,23556,287130
Pain,17/04/2025,17179,205180
Pain,17/05/2022,18100,181000
Pain,17/05/2023,278,116807.26000000001
Pain,17/05/2026,6526,65260
Pain,17/09/2023,25769,267170
Pain,17/09/2024,19185,191850
Pain,17/09/2025,19128,191280
Pain,17/10/2021,34900,349000
Pain,17/10/2024,24269,296510
Pain,17/11/2025,300,126051
Pain,17/12/2024,70,72800
Pain,17/12/2025,58650,755085
Pain,18/01/2021,1000,336140
Pain,18/02/2026,51979,658765
Pain,18/03/2021,7134,45996
Pain,18/05/2021,8200,82000
Pain,18/05/2026,18350,183500
Pain,18/07/2024,1000,420170
Pain,18/09/2023,26787,277350
Pain,18/10/2022,25100,251000
Pain,18/12/2022,18400,184000
Pain,18/12/2023,30796,320600
Pain,18/12/2024,19199,362435
Pain,19/03/2023,24000,249000
Pain,19/03/2024,17172,195010
Pain,19/03/2025,8257,116000
Pain,19/04/2023,9306,115060
Pain,19/05/2026,260,270400
Pain,19/06/2025,34062,471825
Pain,19/09/2024,54312,1074470
Pain,19/11/2023,25033,259810
Pain,20/05/2021,287,298480
Pain,20/05/2024,48712,574110
Pain,20/05/2026,700,294119
Pain,20/08/2023,22960,237500
Pain,20/08/2024,27039,325960
Pain,20/09/2023,157,163280
Pain,20/10/2024,21914,519430
Pain,20/11/2024,14476,181070
Pain,21/01/2021,9800,98000
Pain,21/01/2024,20850,216400
Pain,21/01/2026,51822,657225
Pain,21/02/2024,25800,267720
Pain,21/03/2021,16800,168000
Pain,21/04/2025,29574,363920
Pain,21/04/2026,2879,71975
Pain,21/05/2023,29922,310460
Pain,21/05/2024,200,208000
Pain,21/05/2026,51066,660490
Pain,21/06/2022,367,381680
Pain,21/07/2022,24900,249000
Pain,21/08/2022,71900,719000
Pain,21/10/2025,46810,609830
Pain,21/11/2021,23300,233000
Pain,22/01/2023,19700,197000
Pain,22/01/2025,18332,227330
Pain,22/02/2021,12000,120000
Pain,22/02/2026,46740,587675
Pain,22/03/2022,44093,536720
Pain,22/04/2026,100,104000
Pain,22/05/2023,547,229832.99000000002
Pain,22/05/2025,29088,445365
Pain,22/06/2021,24202,450080
Pain,22/06/2023,34218,356100
Pain,22/07/2024,240,249600
Pain,22/07/2025,25579,325575
Pain,22/10/2023,26041,269890
Pain,22/10/2024,335,140756.95
Pain,22/10/2025,190,79832.3
Pain,22/11/2022,39200,392000
Pain,22/11/2023,200,208000
Pain,22/11/2025,208,216320
Pain,23/01/2022,46600,466000
Pain,23/01/2025,143,148720
Pain,23/02/2022,30500,305000
Pain,23/03/2023,26520,276000
Pain,23/04/2024,25270,273720
Pain,23/04/2026,115,119600
Pain,23/06/2021,26800,268000
Pain,23/06/2025,60,62400
Pain,23/07/2023,29936,308720
Pain,23/07/2026,199,206960
Pain,23/10/2025,1000,420170
Pain,24/01/2021,12800,128000
Pain,24/01/2026,100,104000
Pain,24/02/2021,11100,111000
Pain,24/02/2025,34034,460550
Pain,24/08/2022,46000,460000
Pain,24/09/2023,22864,236540
Pain,24/09/2025,53732,688040
Pain,24/11/2025,22,22880
Pain,24/12/2022,160,166400
Pain,25/01/2021,13000,130000
Pain,25/01/2026,1000,420170
Pain,25/03/2021,39600,396000
Pain,25/03/2026,21837,314550
Pain,25/04/2021,36200,362000
Pain,25/05/2023,26596,278510
Pain,25/06/2025,20287,244860
Pain,25/08/2022,22078,192052
Pain,25/08/2024,37723,453740
Pain,25/09/2025,200,208000
Pain,25/10/2022,17375,251000
Pain,25/11/2024,30745,387950
Pain,25/12/2024,24703,317300
Pain,26/01/2023,23300,233000
Pain,26/03/2024,15203,192265
Pain,26/06/2022,28000,280000
Pain,26/06/2025,109,113360
Pain,26/07/2021,306,318240
Pain,26/09/2021,40400,404000
Pain,26/09/2022,44900,449000
Pain,26/11/2025,55341,714995
Pain,26/12/2022,24800,248000
Pain,27/01/2021,13800,138000
Pain,27/01/2022,14200,142000
Pain,27/02/2023,41760,446400
Pain,27/02/2024,25595,267110
Pain,27/03/2023,200,208000
Pain,27/04/2023,21976,231680
Pain,27/04/2026,48185,552150
Pain,27/05/2021,15300,153000
Pain,27/06/2023,1161,11610
Pain,27/08/2023,22710,235000
Pain,27/10/2021,22800,228000
Pain,27/10/2024,165,69328.05
Pain,27/12/2023,100,104000
Pain,28/01/2024,25830,267780
Pain,28/02/2021,12300,123000
Pain,28/02/2023,1840,20200
Pain,28/02/2024,800,336136
Pain,28/03/2022,17000,170000
Pain,28/04/2022,21900,219000
Pain,28/06/2021,13500,135000
Pain,28/06/2026,68238,825545
Pain,28/07/2026,55533,691595
Pain,28/10/2025,100,104000
Pain,28/11/2024,19020,593555
Pain,28/12/2021,37300,373000
Pain,28/12/2023,44704,466000
Pain,29/01/2025,30964,484297.5
Pain,29/06/2026,100,104000
Pain,29/08/2022,18200,182000
Pain,29/08/2023,159,165360
Pain,29/09/2021,25500,255000
Pain,29/09/2022,30200,302000
Pain,29/09/2024,42760,508130
Pain,29/10/2023,25052,260000
Pain,29/11/2021,14000,140000
Pain,29/11/2022,25000,250000
Pain,29/11/2023,26469,272620
Pain,30/01/2022,5,5200
Pain,30/03/2023,15060,170000
Pain,30/03/2025,25517,358340
Pain,30/04/2025,178,185120
Pain,30/05/2022,37800,378000
Pain,30/07/2025,27224,321560
Pain,30/08/2021,105500,1055000
Pain,30/09/2021,17200,172000
Pain,30/09/2025,310,254218.7
Pain,30/10/2021,375,390000
Pain,30/10/2022,19400,194000
Pain,30/10/2023,1000,420170
Pain,30/10/2024,25587,310400
Pain,30/11/2021,16800,168000
Pain,30/12/2021,16500,165000
Pain,31/03/2021,9200,92000
Pain,31/03/2026,250,105042.5
Pain,31/07/2022,27500,275000
Pain,31/07/2023,1000,420170
Palette,01/06/2026,1,0
Palette,01/07/2026,4,0
Palette,02/05/2026,7,0
Palette,02/06/2026,1,0
Palette,03/05/2026,5,0
Palette,03/06/2026,2,0
Palette,04/05/2026,6,0
Palette,04/06/2026,3,0
Palette,04/08/2026,2,0
Palette,05/05/2026,6,0
Palette,06/05/2026,6,0
Palette,06/06/2026,5,0
Palette,06/07/2026,5,0
Palette,06/08/2026,10,0
Palette,07/04/2026,14,0
Palette,07/05/2026,1,0
Palette,07/06/2026,3,0
Palette,07/07/2026,2,0
Palette,08/04/2026,2,0
Palette,08/06/2026,6,0
Palette,08/07/2026,1,0
Palette,09/04/2026,6,0
Palette,09/05/2026,1,0
Palette,09/06/2026,2,0
Palette,09/07/2026,6,0
Palette,10/05/2026,4,0
Palette,10/06/2026,2,0
Palette,10/10/2021,40,0
Palette,10/11/2021,17,0
Palette,11/04/2026,4,0
Palette,11/05/2026,3,0
Palette,11/06/2026,5,0
Palette,11/07/2026,1,0
Palette,12/04/2026,8,0
Palette,12/05/2026,2,0
Palette,12/08/2026,1,0
Palette,13/04/2026,5,0
Palette,13/05/2026,2,0
Palette,13/06/2026,2,0
Palette,13/07/2026,2,0
Palette,13/10/2021,43,0
Palette,14/04/2026,2,0
Palette,14/05/2026,1,0
Palette,14/06/2026,1,0
Palette,14/11/2021,38,0
Palette,15/06/2026,3,0
Palette,15/08/2026,4,0
Palette,16/05/2026,1,0
Palette,16/07/2026,3,0
Palette,16/08/2026,7,0
Palette,17/06/2026,3,0
Palette,17/08/2026,6,0
Palette,18/05/2026,1,0
Palette,18/06/2026,1,0
Palette,18/07/2026,1,0
Palette,18/08/2026,4,0
Palette,19/05/2026,3,0
Palette,19/08/2026,1,0
Palette,20/04/2026,12,0
Palette,20/05/2026,2,0
Palette,20/06/2026,1,0
Palette,20/08/2026,2,0
Palette,21/04/2026,7,0
Palette,21/05/2026,3,0
Palette,21/06/2026,3,0
Palette,22/04/2026,10,0
Palette,22/06/2026,1,0
Palette,22/07/2026,2,0
Palette,23/04/2026,9,0
Palette,23/05/2026,4,0
Palette,23/06/2026,4,0
Palette,23/07/2026,1,0
Palette,23/10/2021,32,0
Palette,24/05/2026,6,0
Palette,24/06/2026,4,0
Palette,25/04/2026,8,0
Palette,25/05/2026,3,0
Palette,25/07/2026,1,0
Palette,26/04/2026,6,0
Palette,26/05/2026,1,0
Palette,26/07/2026,5,0
Palette,27/04/2026,1,0
Palette,27/06/2026,2,0
Palette,28/04/2026,5,0
Palette,28/06/2026,1,0
Palette,28/07/2026,5,0
Palette,28/10/2021,24,0
Palette,29/06/2026,1,0
Palette,29/07/2026,5,0
Palette,29/09/2021,20,0
Palette,30/04/2026,1,0
Palette,30/05/2026,2,0
Palette,30/06/2026,4,0
Palette,31/05/2026,3,0
Pates,01/01/2023,1545,11975561
Pates,01/01/2024,2525,17685645.799999997
Pates,01/01/2025,1430,11042712.799999997
Pates,01/01/2026,1460,11267266.800000003
Pates,01/02/2021,2935,23979831.5
Pates,01/02/2022,1040,8902762.5
Pates,01/02/2023,1580,11881345.599999998
Pates,01/02/2024,2060,15858480.799999997
Pates,01/02/2025,3030,22805966.400000006
Pates,01/02/2026,2135,16442117.800000003
Pates,01/03/2021,3480,28372493.7
Pates,01/03/2022,2290,14492329.2
Pates,01/03/2023,2295,17005830.999999996
Pates,01/03/2025,2730,20979588.000000004
Pates,01/03/2026,2005,14916855.400000002
Pates,01/04/2021,1590,13276538.6
Pates,01/04/2023,2735,20226407.4
Pates,01/04/2024,2525,17053178.199999996
Pates,01/04/2026,1560,11941606.799999999
Pates,01/05/2021,2095,14600037.95
Pates,01/05/2022,1535,10000765
Pates,01/05/2023,5225,37501075.400000006
Pates,01/05/2024,2685,18844845.4
Pates,01/05/2025,1515,11673756.999999998
Pates,01/06/2021,1835,15145733.3
Pates,01/06/2022,2814.1,22274621.339999996
Pates,01/06/2023,2330,16836456.4
Pates,01/06/2024,4055,28261583.4
Pates,01/06/2025,1665,12867733.399999997
Pates,01/06/2026,2020,15546466
Pates,01/07/2021,1965,16580696.85
Pates,01/07/2023,1825,14053486.999999996
Pates,01/07/2024,3720,25864433.6
Pates,01/07/2025,1240,9530046
Pates,01/07/2026,2100,14797630
Pates,01/08/2021,1955,16680693.7
Pates,01/08/2022,160,1389690.5799999996
Pates,01/08/2023,2334.9999999999995,17195627.896
Pates,01/08/2024,2245,16798272.999999996
Pates,01/08/2026,2025,15597984.599999998
Pates,01/09/2021,2355,23459674.8
Pates,01/09/2022,2490,19648867.200000007
Pates,01/09/2024,2525,19062483.799999997
Pates,01/09/2025,2635,20312262.6
Pates,01/09/2026,2015,15561703.399999999
Pates,01/10/2022,2630,20314362
Pates,01/10/2023,2370,18220409.200000003
Pates,01/10/2024,4090,28804531.6
Pates,01/10/2025,2720,20947757.199999996
Pates,01/11/2021,1085,12617304.95
Pates,01/11/2022,1410,10913813.999999998
Pates,01/11/2023,2975,21579448.999999993
Pates,01/11/2025,1965,15086571
Pates,01/12/2021,1198,13070738.34
Pates,01/12/2022,1880,14582904.8
Pates,01/12/2024,1887,14513411.559999999
Pates,01/12/2025,1815,14017205.8
Pates,02/01/2021,2970,28467902.700000003
Pates,02/01/2022,1130,13291745.1
Pates,02/01/2023,1810,13533033.2
Pates,02/01/2024,1580,11607880.8
Pates,02/01/2025,1550,11947604.400000002
Pates,02/02/2021,3796,31833046.9
Pates,02/02/2022,760,6484411.200000001
Pates,02/02/2023,1555,11687841
Pates,02/02/2025,1805,13911943.399999999
Pates,02/02/2026,2000,15003727.2
Pates,02/03/2021,3300.64416,26767181.970000006
Pates,02/03/2022,2390,15117164.799999999
Pates,02/03/2023,1355,10025824.999999998
Pates,02/03/2024,3970,28358064
Pates,02/03/2025,1417.5,10894000.759999996
Pates,02/03/2026,2120,15286470.399999995
Pates,02/04/2022,2570,16264560.399999999
Pates,02/04/2023,2335,17193668.6
Pates,02/04/2024,2165,14035546.599999996
Pates,02/04/2026,2510.7,18033043.54
Pates,02/05/2021,905.8,7306949.459999999
Pates,02/05/2023,4030,29043578.399999995
Pates,02/05/2024,2560,16580265.2
Pates,02/05/2026,2665,20530141.000000007
Pates,02/06/2021,1545,13297611.5
Pates,02/06/2022,2840,22204239.199999996
Pates,02/06/2024,3740,24917475.600000005
Pates,02/06/2025,1420,10948576.399999997
Pates,02/06/2026,1485,11464779.399999999
Pates,02/07/2022,3855,30525605.000000007
Pates,02/07/2023,1490,11413938.799999997
Pates,02/07/2024,3345,23341559.4
Pates,02/07/2025,1655.5,12256057.740000002
Pates,02/07/2026,665,5129669
Pates,02/08/2021,2390,21229889.000000004
Pates,02/08/2022,520,4070709.999999999
Pates,02/08/2023,3000,22552484.799999997
Pates,02/08/2025,2710,20904800.4
Pates,02/08/2026,2660,20487523.2
Pates,02/09/2021,3751.8,36935859.22
Pates,02/09/2023,2995,22986883.800000004
Pates,02/09/2024,2680,20877260.2
Pates,02/09/2025,1890,14587491.600000001
Pates,02/09/2026,2470,19061639.200000003
Pates,02/10/2021,3335,30723702.15
Pates,02/10/2022,3200,22796734.8
Pates,02/10/2023,3065,23581307.800000004
Pates,02/10/2024,2775,20594135.799999997
Pates,02/10/2025,2445,18217038.599999998
Pates,02/11/2021,2165,22821132.35
Pates,02/11/2022,2420,18767587.200000003
Pates,02/11/2023,3260,21972507.2
Pates,02/11/2024,3055,23569503.799999997
Pates,02/11/2025,1870,14354714.799999997
Pates,02/12/2021,1472.8,16438502.5
Pates,02/12/2023,4000,28713904.800000004
Pates,02/12/2024,1837.5,14171755.6
Pates,02/12/2025,2230,17178424.399999995
Pates,03/01/2021,3945,36454146.6
Pates,03/01/2022,1379,16881198.27
Pates,03/01/2023,4425,32135862.600000005
Pates,03/01/2024,1790,13391795.599999998
Pates,03/01/2026,1425,10993419.4
Pates,03/02/2021,4110,33951396.099999994
Pates,03/02/2022,1340,10710083.600000001
Pates,03/02/2024,4155,28905396.999999993
Pates,03/02/2025,1950,15056626.4
Pates,03/02/2026,2020,15320435.200000001
Pates,03/03/2021,4215,33389102
Pates,03/03/2022,2570,16382300.8
Pates,03/03/2024,3190,22556384
Pates,03/03/2025,1455,11113388.999999998
Pates,03/03/2026,2731.6,20520717.576000005
Pates,03/04/2021,2485,20023515.45
Pates,03/04/2022,1880,11890999.999999998
Pates,03/04/2023,2015,15401488.999999996
Pates,03/04/2024,2105,14142771.399999999
Pates,03/04/2025,835,5404345.8
Pates,03/05/2021,1320,10883079.3
Pates,03/05/2023,3757.4,27825353.724
Pates,03/05/2025,2495,19227999
Pates,03/05/2026,2800,20525746.8
Pates,03/06/2021,1786.4,14496759.69
Pates,03/06/2023,4165,29917845
Pates,03/06/2024,3730,25623026.400000006
Pates,03/06/2025,1811.1,13983029.331999999
Pates,03/06/2026,1450,11208733.6
Pates,03/07/2021,2750,23456369.4
Pates,03/07/2022,1420,10664879.4
Pates,03/07/2023,2020,15579843.999999998
Pates,03/07/2024,2480,18028176.400000006
Pates,03/07/2025,1770,13586916.399999999
Pates,03/08/2021,2710,23574689.6
Pates,03/08/2022,2410,18334520.400000006
Pates,03/08/2023,2145,15250814.200000005
Pates,03/08/2024,3800,27642451.6
Pates,03/08/2025,1825,13739239.399999999
Pates,03/08/2026,2325,17562654.999999996
Pates,03/09/2022,4100,32762006.400000006
Pates,03/09/2023,3020,21517310.000000004
Pates,03/09/2024,2765,21492728.000000004
Pates,03/09/2025,2655,20442680.200000003
Pates,03/09/2026,2430,18751849.599999994
Pates,03/10/2021,3755,32668318.54999999
Pates,03/10/2022,2215,16407437.8
Pates,03/10/2023,4755,34199180.60000001
Pates,03/10/2024,2895,20301804.20000001
Pates,03/11/2021,2692.5,30437906.89
Pates,03/11/2022,2800,21691759.999999996
Pates,03/11/2024,1975,15243012.999999998
Pates,03/11/2025,1665,12823229.400000002
Pates,03/12/2022,4185,32426838.20000001
Pates,03/12/2023,3150,21619846.400000002
Pates,03/12/2024,2492.5,19390950.799999997
Pates,03/12/2025,2780,21223547.199999996
Pates,04/01/2021,5570,45994524.400000006
Pates,04/01/2022,2267.3,27351302.869999997
Pates,04/01/2023,3540,26039395.20000001
Pates,04/01/2024,2840,18227914.400000002
Pates,04/01/2025,2965,22568721.000000007
Pates,04/01/2026,1335,10301955.8
Pates,04/02/2021,3820,30377084.799999997
Pates,04/02/2023,3080,22900800.800000004
Pates,04/02/2024,3950,26423224.000000007
Pates,04/02/2025,2327.2,17902597.055999998
Pates,04/02/2026,1605,12369671
Pates,04/03/2021,3260,22734071
Pates,04/03/2024,3106.5,22186618.080000002
Pates,04/03/2025,2120,16249733.599999996
Pates,04/03/2026,1660,12760584.800000003
Pates,04/04/2021,1065,8805087.899999999
Pates,04/04/2022,1980,12529410.400000002
Pates,04/04/2023,3290,23959807.2
Pates,04/04/2024,955,7314450.599999999
Pates,04/04/2026,2845,21895266.599999998
Pates,04/05/2021,1284,9958314.89
Pates,04/05/2022,3045,19691683.799999997
Pates,04/05/2023,2600,19066891.599999998
Pates,04/05/2024,4155,26825511.4
Pates,04/05/2025,1660,12776161.2
Pates,04/05/2026,2490,18762445.599999998
Pates,04/06/2022,6170,49459177.60000001
Pates,04/06/2023,2770,20269245.6
Pates,04/06/2024,2490,17931736.799999997
Pates,04/06/2025,1570.9,12093859.687999997
Pates,04/06/2026,1815,14012755.399999999
Pates,04/07/2021,3465,27100383.750000004
Pates,04/07/2022,810,6017270.999999999
Pates,04/07/2023,2450,18570596
Pates,04/07/2024,3360,22244531.2
Pates,04/07/2026,1785,13772625.000000004
Pates,04/08/2021,2100,17322420
Pates,04/08/2022,1960,15223079.800000003
Pates,04/08/2024,2470,17938968.4
Pates,04/08/2025,2000,15424949.2
Pates,04/08/2026,2085,15964760.199999996
Pates,04/09/2021,1355,14552531.299999999
Pates,04/09/2022,2815.6,21477127.488
Pates,04/09/2023,3460,24893842.80000001
Pates,04/09/2024,2860,22043146.8
Pates,04/09/2025,2935,22611207.4
Pates,04/10/2021,2980,33158489.45
Pates,04/10/2022,2973,22263488.499999996
Pates,04/10/2023,3065,23583533.000000004
Pates,04/10/2025,3425,26300433.000000007
Pates,04/11/2021,1418,14451581.500000002
Pates,04/11/2023,3925,27789482.6
Pates,04/11/2024,2490,18416533.599999998
Pates,04/11/2025,1890,13912267.200000001
Pates,04/12/2021,2015,21803328.15
Pates,04/12/2022,2755,21343778.2
Pates,04/12/2023,1745,13471736.200000005
Pates,04/12/2024,2620.4,20143003.096
Pates,04/12/2025,2445,18624052.6
Pates,05/01/2021,3581.5,31962862.595
Pates,05/01/2022,1725,21123402.25
Pates,05/01/2023,3810,27600588
Pates,05/01/2025,2216.1,17078994.628000002
Pates,05/01/2026,1465,11296533.399999999
Pates,05/02/2022,1310,8122000
Pates,05/02/2023,1515,11497333.400000002
Pates,05/02/2024,4340,28937571.6
Pates,05/02/2025,2210,17227219
Pates,05/02/2026,2340,17990912.8
Pates,05/03/2022,4390,27952674.4
Pates,05/03/2024,3225,22658726.20000001
Pates,05/03/2025,2213.4,17011655.031999998
Pates,05/03/2026,1965,14643608.600000001
Pates,05/04/2021,2025,18010488.8
Pates,05/04/2022,1000,6328540
Pates,05/04/2023,2530,18969391.2
Pates,05/04/2025,2080,16046753.6
Pates,05/04/2026,2655,20480508.599999998
Pates,05/05/2021,736.5,6057581.33
Pates,05/05/2024,2725.2,17983580.496
Pates,05/05/2025,2085,16069344.600000003
Pates,05/05/2026,2205,16775798.200000003
Pates,05/06/2021,2925,21767179.900000002
Pates,05/06/2022,2889.5,22763294.160000004
Pates,05/06/2023,3315,24480880.6
Pates,05/06/2024,3485,24980886.6
Pates,05/06/2025,615,4743544.6
Pates,05/07/2021,1350,11961959.6
Pates,05/07/2023,1700,13134905.199999997
Pates,05/07/2025,1990,15377542
Pates,05/07/2026,1335,10326432.999999998
Pates,05/08/2021,1375,12112624.3
Pates,05/08/2023,3460,24664630.800000004
Pates,05/08/2024,3710,26332827.599999998
Pates,05/08/2025,2310,17786877.6
Pates,05/08/2026,2070,15879185.599999996
Pates,05/09/2021,1140,12870768
Pates,05/09/2022,2830,22421956.000000004
Pates,05/09/2023,3515,25698033.800000004
Pates,05/09/2024,2360,18179677.60000001
Pates,05/09/2026,2750,21178986.799999997
Pates,05/10/2021,2880,30357058.85
Pates,05/10/2022,3365,25323349.4
Pates,05/10/2023,2735,20988827.799999997
Pates,05/10/2024,3510,26603548.8
Pates,05/10/2025,2395,18132849.4
Pates,05/11/2022,3175,24613118.6
Pates,05/11/2023,3166.5,22649777.8
Pates,05/11/2024,3250,22711749.199999996
Pates,05/11/2025,2067,15907464.760000005
Pates,05/12/2021,1801,17452016.089999996
Pates,05/12/2022,2980,22754439.200000003
Pates,05/12/2023,2365,16995666.599999998
Pates,05/12/2024,2065,15909999.399999995
Pates,06/01/2021,3655,31795429.250000004
Pates,06/01/2022,1075,13140830.15
Pates,06/01/2024,4170,27806143.6
Pates,06/01/2025,2710,20886998.8
Pates,06/01/2026,2067.2,15851247.515999995
Pates,06/02/2021,6850,51887188.2
Pates,06/02/2022,2160,12984000
Pates,06/02/2023,2161.7,15935180.524000004
Pates,06/02/2024,2635,18816846.199999996
Pates,06/02/2025,1525,11785694.999999998
Pates,06/03/2021,5231,37680888.68
Pates,06/03/2022,3010.9,19235065.088
Pates,06/03/2024,3387.5,24379789.159999996
Pates,06/03/2025,1715,13204903.399999995
Pates,06/04/2021,1551.4,13314658.89
Pates,06/04/2022,1540,9713345.2
Pates,06/04/2023,2875,21418942.200000003
Pates,06/04/2024,3085,21503091.400000002
Pates,06/04/2025,2450,18329593.599999994
Pates,06/04/2026,2810,21816207.800000004
Pates,06/05/2021,2008,17412722.849999998
Pates,06/05/2023,5040,37135507.2
Pates,06/05/2024,2690,18555578.800000004
Pates,06/05/2025,2007.1,15450219.307999998
Pates,06/05/2026,1827.2,14121571.515999999
Pates,06/06/2021,1677.8999999999999,13365061.420000002
Pates,06/06/2022,2086.2,16174866.8
Pates,06/06/2023,3120,23285666.8
Pates,06/06/2024,2295,17217775.400000006
Pates,06/06/2026,2025,15629137.399999999
Pates,06/07/2021,2751.4,22051645.940000005
Pates,06/07/2022,1694.5,12463505.200000003
Pates,06/07/2023,1840,14219168.799999999
Pates,06/07/2024,4530,30899596.800000004
Pates,06/07/2025,1805,13929745
Pates,06/07/2026,2140,16533690
Pates,06/08/2022,4390,34896783.60000001
Pates,06/08/2023,2575,18599966.6
Pates,06/08/2024,4024,28923040.099999998
Pates,06/08/2025,2960,22790918.39999999
Pates,06/08/2026,1850,14230972.799999997
Pates,06/09/2021,2035,22149693.5
Pates,06/09/2022,2515,19188212.2
Pates,06/09/2023,2960,21987423.6
Pates,06/09/2025,3155,24312825.000000004
Pates,06/09/2026,3637.6,26129280.96800001
Pates,06/10/2021,2310,23271667.4
Pates,06/10/2022,2306,16903328.94
Pates,06/10/2024,2655,20050385.800000012
Pates,06/10/2025,2925,22252519.8
Pates,06/11/2021,1026,11056231.6
Pates,06/11/2022,2415,18722494.2
Pates,06/11/2023,3570,25442007.999999996
Pates,06/11/2024,3955,26913453.000000004
Pates,06/11/2025,1975,15178482.2
Pates,06/12/2021,2437.5,28952989.479999997
Pates,06/12/2022,3470,26877520.000000007
Pates,06/12/2023,2727,18508894.08
Pates,06/12/2025,3150,24294684.400000006
Pates,07/01/2021,3460,30646802.400000006
Pates,07/01/2023,3610,27547890
Pates,07/01/2024,2545,18047813.799999997
Pates,07/01/2025,3059.2,23584029.840000004
Pates,07/01/2026,1200,9173527.199999996
Pates,07/02/2021,2980,21942217.35
Pates,07/02/2022,930,5766000
Pates,07/02/2023,1800,13415633.6
Pates,07/02/2024,3300,22613389.999999993
Pates,07/02/2026,2685,19847042.200000003
Pates,07/03/2021,3370,27105871.400000006
Pates,07/03/2022,2521.7,16026695.916000001
Pates,07/03/2023,860,6422177.599999998
Pates,07/03/2024,3245,22966055.4
Pates,07/03/2026,1790,13799666.4
Pates,07/04/2021,1265,11362245.25
Pates,07/04/2022,1333.5,8411669.780000001
Pates,07/04/2024,1490,11465118.399999999
Pates,07/04/2025,2775,20306755.400000002
Pates,07/04/2026,2055,15809187.399999999
Pates,07/05/2022,2405,15633667.2
Pates,07/05/2023,3730,27736184
Pates,07/05/2024,2875.2,20377670.348000005
Pates,07/05/2025,1445,11150539.4
Pates,07/05/2026,1940,15002543.599999998
Pates,07/06/2021,3805,34500427.7
Pates,07/06/2022,2441,18850437.8
Pates,07/06/2023,3910,28758276.8
Pates,07/06/2026,2535,18824571
Pates,07/07/2021,2250,18684064.9
Pates,07/07/2022,1690,12479370.000000006
Pates,07/07/2024,2175,16219260.599999996
Pates,07/07/2025,1660,12818440
Pates,07/07/2026,2875,21743102.599999998
Pates,07/08/2021,1305,11913531.899999999
Pates,07/08/2022,2750,21434741.600000005
Pates,07/08/2023,3665,27390158.200000003
Pates,07/08/2024,3980,29427052.000000007
Pates,07/08/2025,2490,19203182.8
Pates,07/09/2021,3459.5,37754200.55
Pates,07/09/2022,2910,22739065.200000007
Pates,07/09/2023,2937,21905788.288
Pates,07/09/2024,2325,17954784.599999998
Pates,07/09/2025,2568,19836422.64
Pates,07/10/2021,2220,21561521.75
Pates,07/10/2023,4655,33045450.20000001
Pates,07/10/2024,3832.9,26624076.488
Pates,07/10/2025,2389.8,18153354.328
Pates,07/11/2021,2183,21613932.25
Pates,07/11/2022,3175,24261717.4
Pates,07/11/2023,3405,25321373.799999993
Pates,07/11/2024,2275,16975933
Pates,07/12/2021,2490,25662048.3
Pates,07/12/2022,3164.8,24537639.864000004
Pates,07/12/2023,2855,19180410.200000003
Pates,07/12/2024,3057.5,23797325.399999995
Pates,07/12/2025,2812,21614814.88000001
Pates,08/01/2022,580,7060552.6
Pates,08/01/2023,5503.5,38759768.24
Pates,08/01/2024,2435,18342092.6
Pates,08/01/2025,2650,20408963.2
Pates,08/01/2026,1649,12589833.720000003
Pates,08/02/2021,5565,44875256.55
Pates,08/02/2022,773.2,4813633.056
Pates,08/02/2023,2211,16579621.940000005
Pates,08/02/2024,3640,24249019.999999993
Pates,08/02/2025,2100,16117090.799999999
Pates,08/02/2026,2095,16125652.599999998
Pates,08/03/2021,4877,44050534.89999999
Pates,08/03/2022,2724.9,17319599.852
Pates,08/03/2023,1530,11427382.799999997
Pates,08/03/2025,2225,17144707.4
Pates,08/03/2026,2040,15276842.800000008
Pates,08/04/2021,1955.4,17021501.189999998
Pates,08/04/2023,3095,23042051.4
Pates,08/04/2024,1765,12940280.599999998
Pates,08/04/2025,2553,19657411.891999997
Pates,08/04/2026,2512.2,18840786.916
Pates,08/05/2021,2540,19921222.2
Pates,08/05/2022,1310,8530380.399999999
Pates,08/05/2023,4440,31790356.000000004
Pates,08/05/2024,3126,21791108.880000006
Pates,08/05/2025,2093.8,16141192.144000001
Pates,08/06/2021,3336.4,29424819.439999998
Pates,08/06/2022,2500,19766918
Pates,08/06/2023,3030,22862969.2
Pates,08/06/2024,3590,27060853.2
Pates,08/06/2026,1866.5,14414780.419999998
Pates,08/07/2021,3470,26269630.5
Pates,08/07/2023,3380,24981924.799999997
Pates,08/07/2024,2730,19477331.199999996
Pates,08/07/2025,2090,16076359.2
Pates,08/07/2026,2590,19948729.200000007
Pates,08/08/2021,4490,35097542.2
Pates,08/08/2022,2070,16637004.80000001
Pates,08/08/2023,2672,20210627.82
Pates,08/08/2024,3710,26750868.399999995
Pates,08/08/2026,2925,22512620.599999998
Pates,08/09/2021,2250,24290187.299999997
Pates,08/09/2022,3155,24543211.000000007
Pates,08/09/2024,2466,19019979.280000005
Pates,08/09/2025,3010,23201520.000000004
Pates,08/10/2022,4080,30786280.000000015
Pates,08/10/2023,2717,20869226.759999998
Pates,08/10/2024,3290,23929469.599999998
Pates,08/10/2025,3005,22918828.199999996
Pates,08/11/2021,1985,20738490.2
Pates,08/11/2022,3232.5,25072831.56000001
Pates,08/11/2023,3575,25776143.4
Pates,08/11/2025,2775,21443255.400000002
Pates,08/12/2021,2100,23997669.15
Pates,08/12/2022,2165,16766020.999999998
Pates,08/12/2024,2082.5,16507192.2
Pates,08/12/2025,3285,25182306.8
Pates,09/01/2021,3468,29435063.14
Pates,09/01/2022,1771.4,19877173.25
Pates,09/01/2023,2796,20371754.139999997
Pates,09/01/2024,2277.9,17024294.492000002
Pates,09/01/2025,2705,20815453.400000002
Pates,09/02/2021,5887.5,51816997.480000004
Pates,09/02/2022,700,4340000
Pates,09/02/2023,2360,17253891.200000003
Pates,09/02/2025,1356.8,10233232.123999998
Pates,09/02/2026,2141.8,15926042.487999994
Pates,09/03/2021,2695,23080488.75
Pates,09/03/2022,3267,20737797.959999997
Pates,09/03/2023,811.2,6079794.175999999
Pates,09/03/2024,4865,34243626.599999994
Pates,09/03/2025,1810,13950110.799999999
Pates,09/03/2026,2080,15661992.4
Pates,09/04/2022,2220,14018486.399999999
Pates,09/04/2023,1730,13283802.399999997
Pates,09/04/2024,4242,26804819.020000003
Pates,09/04/2025,3085,23731752.2
Pates,09/04/2026,1780,13730007.2
Pates,09/05/2021,3570,27226660.699999996
Pates,09/05/2022,1294.5,8428959.88
Pates,09/05/2023,3480,25446744
Pates,09/05/2024,3010,20479952.799999997
Pates,09/05/2026,1835,14185451.8
Pates,09/06/2021,2970.8,25246314.349999998
Pates,09/06/2022,2622,20466932.8
Pates,09/06/2024,2462,18142715.759999998
Pates,09/06/2025,1040.7,8022155.896
Pates,09/06/2026,1765,13635531.800000003
Pates,09/07/2023,2925,22019175
Pates,09/07/2024,2640,19257956
Pates,09/07/2025,1585,12208100.6
Pates,09/07/2026,2795,21520268.2
Pates,09/08/2021,1675,14896369.900000002
Pates,09/08/2022,2630,19818651.60000001
Pates,09/08/2023,3695,26278883.800000004
Pates,09/08/2025,2830,21827493.6
Pates,09/08/2026,2780,21419117.2
Pates,09/09/2021,2720,25908376.300000004
Pates,09/09/2023,4105,28768989.399999995
Pates,09/09/2024,2780,21118220.800000016
Pates,09/09/2025,2656.6000000000004,20641093.096
Pates,09/10/2021,2680,23846901
Pates,09/10/2022,2180,15897369.6
Pates,09/10/2023,2992.5,22976812.159999996
Pates,09/10/2024,2925,21708005
Pates,09/10/2025,3130,23888589.6
Pates,09/11/2021,3275.2,34891924.1
Pates,09/11/2022,3655,28301189
Pates,09/11/2023,2930,20399218
Pates,09/11/2024,3260,25025332.4
Pates,09/11/2025,2610,20139227.2
Pates,09/12/2021,1650,17723722.9
Pates,09/12/2023,3140,23461419.199999996
Pates,09/12/2024,2185,17206693.4
Pates,09/12/2025,2515,19099107
Pates,10/01/2021,3770,34821118
Pates,10/01/2022,3245,33339016.250000004
Pates,10/01/2023,3860,28964116.39999999
Pates,10/01/2024,1858,14327821.856
Pates,10/01/2026,2580,19821214.8
Pates,10/02/2021,4606,37765159.400000006
Pates,10/02/2022,940,5828000
Pates,10/02/2024,4645,32508944.199999996
Pates,10/02/2025,1460,11184934.399999999
Pates,10/02/2026,2420.2,19159048.096
Pates,10/03/2021,2985,24079886.6
Pates,10/03/2022,3041.8,19352555.864
Pates,10/03/2024,2764.5,19558055.060000002
Pates,10/03/2025,2650,18423178.8
Pates,10/03/2026,3025,22127717.799999997
Pates,10/04/2021,1980,15272688.7
Pates,10/04/2022,1320,8331927.600000001
Pates,10/04/2023,2340,17288092.4
Pates,10/04/2025,3037.5,23001942.799999997
Pates,10/05/2021,1980,14626403.7
Pates,10/05/2022,1562.4,10098747.552
Pates,10/05/2023,4266,31542982.999999996
Pates,10/05/2025,1825,14077964.199999997
Pates,10/05/2026,3005,22422115.000000004
Pates,10/06/2021,2115,17432403.549999997
Pates,10/06/2023,3875,29181066.200000003
Pates,10/06/2024,2325,17823497.799999997
Pates,10/06/2025,1785,13763724.2
Pates,10/06/2026,2220,17137692.799999997
Pates,10/07/2021,2130,18447275.1
Pates,10/07/2023,3505,26309531.8
Pates,10/07/2024,3505,25673669.8
Pates,10/07/2025,1905,14653039.399999997
Pates,10/08/2021,1050,9097438.2
Pates,10/08/2022,2073.6,16830095.952
Pates,10/08/2023,3805,26872509
Pates,10/08/2024,6015,42111807.800000004
Pates,10/08/2025,2240,17245858.4
Pates,10/08/2026,3040,22873730.8
Pates,10/09/2022,4565,36285148.800000004
Pates,10/09/2023,2975,22011797
Pates,10/09/2024,2891.3,22315786.504
Pates,10/09/2025,2975,22907645.800000004
Pates,10/10/2021,2740,25333094.599999998
Pates,10/10/2022,3030,22142166.000000007
Pates,10/10/2023,3925,27662794.6
Pates,10/10/2024,3950,28584172.799999997
Pates,10/11/2021,1999.6,23075764.71
Pates,10/11/2022,2912,22554534.960000005
Pates,10/11/2024,2120,16294237.599999994
Pates,10/11/2025,2635,20225479.799999997
Pates,10/12/2022,3395,25669465.4
Pates,10/12/2023,2070,14650166.799999997
Pates,10/12/2024,2407.5,18620747.999999996
Pates,10/12/2025,1925,14738953
Pates,11/01/2021,5995,48461494.550000004
Pates,11/01/2022,2265.9,25227335.013
Pates,11/01/2023,3552.5,26667308.36000001
Pates,11/01/2024,1835,13158942.6
Pates,11/01/2025,2770,21271575.999999996
Pates,11/01/2026,2190,16730672.399999993
Pates,11/02/2021,5540,46223875.2
Pates,11/02/2023,3290,24470832.80000001
Pates,11/02/2024,2940,21048253.200000003
Pates,11/02/2025,1749,13357632.119999997
Pates,11/02/2026,1570,12113625.200000001
Pates,11/03/2021,4850,42603284.1
Pates,11/03/2023,630,4492224
Pates,11/03/2024,2890.3,21017615.644
Pates,11/03/2025,2132.4,16424740.724
Pates,11/03/2026,2510.3,18541742.444000006
Pates,11/04/2021,1341.5,10771731.83
Pates,11/04/2022,878.9,5583648.4
Pates,11/04/2023,1955,15014686.599999996
Pates,11/04/2026,2240,17285912
Pates,11/05/2021,1270,10326768.4
Pates,11/05/2022,2530.5,16466796.359999996
Pates,11/05/2023,2685,20266274.6
Pates,11/05/2024,4760,32565333.200000003
Pates,11/05/2025,2040,15375509.2
Pates,11/05/2026,1990,15384217.600000003
Pates,11/06/2022,5070,39759589.2
Pates,11/06/2023,1959.2,15144923.04
Pates,11/06/2024,2560,19643740.799999997
Pates,11/06/2025,1341.2,10340404.827999998
Pates,11/06/2026,2120,16354318
Pates,11/07/2021,1430,12557842.899999999
Pates,11/07/2022,1535,11676218.600000001
Pates,11/07/2023,2485,19131637.4
Pates,11/07/2024,2720,20265857.199999996
Pates,11/07/2026,2220,17115440.8
Pates,11/08/2021,3035,27567627.1
Pates,11/08/2022,2371,17978799.14
Pates,11/08/2024,3865,27600574.599999994
Pates,11/08/2025,2670,20601686.400000006
Pates,11/08/2026,1795,13757726.599999996
Pates,11/09/2021,3195,31995848.15
Pates,11/09/2022,2585,19503082.200000003
Pates,11/09/2023,3840,28755587.6
Pates,11/09/2024,3127,23309166.088000003
Pates,11/09/2025,3345,25749835
Pates,11/10/2021,2200,20972189.200000003
Pates,11/10/2022,2085,15325033
Pates,11/10/2023,3440,25153329.6
Pates,11/10/2025,2570,19780483.199999996
Pates,11/11/2021,2841.4,29013556.970000003
Pates,11/11/2023,4595,32673746.200000003
Pates,11/11/2024,2161.4,16605857.776
Pates,11/11/2025,2852.1,21947906.668
Pates,11/12/2021,1975,21992747.15
Pates,11/12/2022,2912.5,21966747.960000005
Pates,11/12/2023,1735,12876105.800000003
Pates,11/12/2024,2555,19860769.599999998
Pates,11/12/2025,2910,22554578.200000003
Pates,12/01/2021,3130,24966990.299999997
Pates,12/01/2022,1352,12791785.9
Pates,12/01/2023,2570,19236427.200000007
Pates,12/01/2025,2040.2,15638378.947999999
Pates,12/01/2026,3245,23745402.600000005
Pates,12/02/2021,600,5779818
Pates,12/02/2022,1700,10540000
Pates,12/02/2023,2395,17858736.6
Pates,12/02/2024,2510,18301684.799999997
Pates,12/02/2025,1647.5,12393473.559999995
Pates,12/02/2026,1624.7,12560215.416000001
Pates,12/03/2021,1810,13805566.799999999
Pates,12/03/2022,5155,32768242.200000003
Pates,12/03/2023,1616,12220681.339999996
Pates,12/03/2024,2825,21130320.999999996
Pates,12/03/2025,2030,15139108.399999999
Pates,12/03/2026,2010,14689260.199999997
Pates,12/04/2021,2615.6,23565093.249999996
Pates,12/04/2022,1321.5,8360480
Pates,12/04/2023,2256.1,17271004.392
Pates,12/04/2025,3560,26992063.199999996
Pates,12/04/2026,2210,17048006.799999997
Pates,12/05/2021,745,5903141.2
Pates,12/05/2022,2219.3,14382570.399999997
Pates,12/05/2024,3400,22497256.799999997
Pates,12/05/2025,1677.5,12932110.359999998
Pates,12/05/2026,2750.7,20668644.635999996
Pates,12/06/2021,2250,16167184.899999999
Pates,12/06/2022,2435.5,18737529.6
Pates,12/06/2023,2521,19433367.6
Pates,12/06/2024,2691,20655224.384
Pates,12/06/2025,2235,17216591.800000004
Pates,12/07/2021,1990,17634137.3
Pates,12/07/2022,823,6190894.800000001
Pates,12/07/2023,1615,12408177.399999999
Pates,12/07/2025,2540,19587082
Pates,12/07/2026,2651,20463437.14
Pates,12/08/2021,1565,13018507.5
Pates,12/08/2023,3240,24123677.2
Pates,12/08/2024,5250,36984935.2
Pates,12/08/2025,2700,20837366.399999995
Pates,12/08/2026,2155,16238360.2
Pates,12/09/2021,3393.4,34145106.730000004
Pates,12/09/2022,2375,18632785.8
Pates,12/09/2023,3205,23471051.400000002
Pates,12/09/2024,2965,22632938.599999994
Pates,12/10/2021,1970,18008005.1
Pates,12/10/2022,2675,19788695
Pates,12/10/2023,2860,18996997.2
Pates,12/10/2024,4005,29311108.199999996
Pates,12/10/2025,2285,17375993.400000002
Pates,12/11/2022,4700,36379380.000000015
Pates,12/11/2023,3325,24014801.400000002
Pates,12/11/2024,2531,19052877.199999996
Pates,12/11/2025,2065,15943377.400000004
Pates,12/12/2021,1807.8,18687304.75
Pates,12/12/2022,4200,31961476.399999995
Pates,12/12/2023,1617.5,12483002.359999998
Pates,12/12/2024,2555,20225869.599999998
Pates,13/01/2021,5330,43788101.099999994
Pates,13/01/2022,2765,24908751.45
Pates,13/01/2024,2450,18888942.800000004
Pates,13/01/2025,2620,20093176
Pates,13/01/2026,2015,15200891.399999997
Pates,13/02/2021,4955,38432594.15
Pates,13/02/2022,1490,9238000
Pates,13/02/2023,2332.5,17931223.160000004
Pates,13/02/2024,3467.8,23398647.056
Pates,13/02/2025,2020,15453007.599999998
Pates,13/03/2021,4710,39852812.1
Pates,13/03/2022,4291.1,27262341.227999996
Pates,13/03/2023,1395,10729580.599999994
Pates,13/03/2024,2790,19918972.4
Pates,13/03/2025,1775,12902009.399999999
Pates,13/04/2021,1231.4,10101482.24
Pates,13/04/2022,1782,11260608
Pates,13/04/2023,2907.7,21296538.716000002
Pates,13/04/2024,3545,23404469.8
Pates,13/04/2025,2605,20036528.999999996
Pates,13/04/2026,1810,13956786.400000002
Pates,13/05/2023,4160,30527640.4
Pates,13/05/2024,3505,23833166.200000003
Pates,13/05/2025,2490,19163129.200000003
Pates,13/05/2026,2350,18138946
Pates,13/06/2021,2450.4,20273349.31
Pates,13/06/2022,2305,18273577.799999997
Pates,13/06/2023,2570,19802735.2
Pates,13/06/2024,2060,15869606.800000003
Pates,13/06/2026,1790,13826368.8
Pates,13/07/2021,1408.8,11346474.940000001
Pates,13/07/2022,2750,21734554.40000001
Pates,13/07/2023,2115,15772706.599999998
Pates,13/07/2024,5395,37252049.00000001
Pates,13/07/2025,1910.8000000000002,14773014.888
Pates,13/07/2026,1945,15025134.599999998
Pates,13/08/2022,4040,31134147.600000005
Pates,13/08/2023,3535,25540263.400000002
Pates,13/08/2024,4765,33968734.6
Pates,13/08/2025,2590,19953179.60000001
Pates,13/08/2026,1843.5,14139855.200000001
Pates,13/09/2021,3320.6,37715896.56
Pates,13/09/2022,2900,23147601.200000003
Pates,13/09/2023,4290,30159722.40000001
Pates,13/09/2025,2940,22653825.2
Pates,13/10/2021,2434.7,22141667.200000003
Pates,13/10/2022,2650,19529439.600000005
Pates,13/10/2024,3010,21821978.799999997
Pates,13/10/2025,2270,17474862.8
Pates,13/11/2021,2550,28708236.15
Pates,13/11/2022,2760,21391096.400000002
Pates,13/11/2023,3097.5,23361391.159999996
Pates,13/11/2024,2240,17245858.4
Pates,13/11/2025,2395,18431273.000000004
Pates,13/12/2021,1713,19403660.39
Pates,13/12/2022,3972.7,30437615.559999995
Pates,13/12/2023,1780,13083710.399999999
Pates,13/12/2025,2536.3,18487100.479999997
Pates,14/01/2021,5920,46735808.900000006
Pates,14/01/2023,4590,33981415.6
Pates,14/01/2024,4170,27696944
Pates,14/01/2025,2726.3,21061908.904
Pates,14/01/2026,3110,23035641.200000007
Pates,14/02/2021,3994,32168641.96
Pates,14/02/2022,1740,10846303
Pates,14/02/2023,3391.5,24963749.28
Pates,14/02/2024,3585,24022144.599999998
Pates,14/02/2026,2460,18703643.6
Pates,14/03/2021,4750,39529659.7
Pates,14/03/2022,3380.6,21484542.948
Pates,14/03/2023,1300,10010775.999999996
Pates,14/03/2024,2765,20325477.800000004
Pates,14/03/2026,1835,14255629.199999996
Pates,14/04/2021,2370,17272598.7
Pates,14/04/2022,1262,8001286.279999999
Pates,14/04/2024,2475,17238962.999999996
Pates,14/04/2025,2088.5,16080596.639999997
Pates,14/04/2026,2617.6,19003322.255999997
Pates,14/05/2022,4860,31687580.4
Pates,14/05/2023,2915,21701820.599999998
Pates,14/05/2024,2715,19331676.2
Pates,14/05/2025,1815,14014980.6
Pates,14/05/2026,1930,14863903.199999997
Pates,14/06/2021,2207.3,17965744.120000005
Pates,14/06/2022,2328,18225272
Pates,14/06/2023,3260,24069176.400000006
Pates,14/06/2025,1895,14594506.199999994
Pates,14/06/2026,2120,16363218.799999999
Pates,14/07/2021,1680,15897794.999999998
Pates,14/07/2022,2523.9,20368881.599999998
Pates,14/07/2024,2985,21352975.4
Pates,14/07/2025,1695,13092287.399999997
Pates,14/07/2026,1840,14192466.4
Pates,14/08/2021,2440,22197806.2
Pates,14/08/2022,1540,11433368.4
Pates,14/08/2023,3231,23747090.68
Pates,14/08/2024,3790,27620164.400000006
Pates,14/08/2025,2715,20940742.6
Pates,14/09/2021,5171.3,48859701.03
Pates,14/09/2022,2290,18165325.599999998
Pates,14/09/2023,2565,18857593
Pates,14/09/2024,3450,25644210.800000016
Pates,14/09/2025,2477.95,18606703.996
Pates,14/10/2021,2352.7,24154685.02
Pates,14/10/2023,3980,28629112
Pates,14/10/2024,3019,23441628.599999994
Pates,14/10/2025,3000.8,22884609.14
Pates,14/11/2021,3915.6000000000004,37957752.51
Pates,14/11/2022,3415,26461604.200000003
Pates,14/11/2023,3786.1,27610389.339999996
Pates,14/11/2024,2135,16377587.000000002
Pates,14/12/2021,2005,22243014.8
Pates,14/12/2022,3510,27202660.799999997
Pates,14/12/2023,1190,9157272.799999999
Pates,14/12/2024,3285,25302952.200000003
Pates,14/12/2025,1475,11263833.400000004
Pates,15/01/2022,1680,15298178.700000001
Pates,15/01/2023,3280,24867093.6
Pates,15/01/2024,1797.5,13868154.759999998
Pates,15/01/2025,3130,24032979.999999996
Pates,15/01/2026,3590,27625027.400000006
Pates,15/02/2021,5185,44581674.9
Pates,15/02/2022,2350,14696458.8
Pates,15/02/2023,1835,13717933.399999997
Pates,15/02/2024,5067.5,32524803.960000005
Pates,15/02/2025,2665,20381052.6
Pates,15/02/2026,1905,14684192.199999996
Pates,15/03/2021,2336.6000000000004,16256561.35
Pates,15/03/2022,240,1488000
Pates,15/03/2023,1395,10661715.859999998
Pates,15/03/2025,2370,18048739.2
Pates,15/03/2026,1900,14423752.399999999
Pates,15/04/2021,1711.5,13269677.73
Pates,15/04/2023,2230,17176199.2
Pates,15/04/2024,2540,18294488.400000002
Pates,15/04/2025,3615.5,27819475.520000003
Pates,15/04/2026,2375,18098609.799999997
Pates,15/05/2021,220,2169725.8
Pates,15/05/2022,1640,10800687.599999996
Pates,15/05/2023,3320,24766051.2
Pates,15/05/2024,3424.7,23744166.276000004
Pates,15/05/2025,2135,16430991.799999997
Pates,15/06/2021,3015,26531455.15
Pates,15/06/2022,1871,14625258
Pates,15/06/2023,2490,18449872.00000001
Pates,15/06/2024,2000,15429399.600000001
Pates,15/06/2025,1721.2,12848832.828000002
Pates,15/06/2026,1598,12457586.999999996
Pates,15/07/2021,1830,17486614.9
Pates,15/07/2023,3175,23418242.6
Pates,15/07/2024,2005,15472017.399999997
Pates,15/07/2025,2280,17527511.6
Pates,15/07/2026,2001.5,15481125.940000001
Pates,15/08/2021,3280,28788969.4
Pates,15/08/2022,2430,18264755.200000003
Pates,15/08/2023,2880.5,21660698.060000002
Pates,15/08/2024,3695,25725419
Pates,15/08/2026,2215,17070597.8
Pates,15/09/2021,2328,25670864.059999995
Pates,15/09/2022,2350,18035513.2
Pates,15/09/2024,3245,22904854.20000001
Pates,15/09/2025,2715,20927391.400000002
Pates,15/10/2022,3600,26962059.999999996
Pates,15/10/2023,2395,18449074.599999994
Pates,15/10/2024,3965,28659412.6
Pates,15/10/2025,2600,19833944.4
Pates,15/11/2021,2365,27057663.700000003
Pates,15/11/2022,3403.6,26298489.24
Pates,15/11/2023,4555,32110267.4
Pates,15/11/2025,2520,19398809.2
Pates,15/12/2021,2548,26652825.09
Pates,15/12/2022,2510,19447974.399999995
Pates,15/12/2024,2521,19415343.480000004
Pates,15/12/2025,1675,12583833.4
Pates,16/01/2021,5440,47104610.8
Pates,16/01/2022,2290,19538554.800000004
Pates,16/01/2023,3710,27689406.000000007
Pates,16/01/2024,1930,14886155.199999996
Pates,16/01/2025,2445,18844099.8
Pates,16/02/2021,4707,41287175.599999994
Pates,16/02/2022,7265,44670211
Pates,16/02/2023,2575,19193715
Pates,16/02/2025,1845,14090446.2
Pates,16/02/2026,2270.7,16773775.496000003
Pates,16/03/2021,3520,30022819.5
Pates,16/03/2022,222,1376989.48
Pates,16/03/2023,1770,13549782.8
Pates,16/03/2024,3485,24583185.799999997
Pates,16/03/2025,1435.4,11061681.591999996
Pates,16/03/2026,3030,22559547.200000007
Pates,16/04/2022,2610,16548237.6
Pates,16/04/2023,2140,16455808
Pates,16/04/2024,2822.2,18705724.531999998
Pates,16/04/2025,2835,21830057.8
Pates,16/04/2026,2060,15838454
Pates,16/05/2021,780,7513763.4
Pates,16/05/2022,1755,11453423.6
Pates,16/05/2023,3192.5,23574889.759999998
Pates,16/05/2024,2770,19525486.8
Pates,16/05/2026,2210,17063583.200000003
Pates,16/06/2021,3385,30013106.299999997
Pates,16/06/2022,2170,17015712.4
Pates,16/06/2025,1308.1,10087870.151999999
Pates,16/06/2026,2145,16549605.400000004
Pates,16/07/2022,3570,28527728.000000007
Pates,16/07/2023,2415,18675175.799999997
Pates,16/07/2024,2340,18033683.599999998
Pates,16/07/2025,2705,19765736.199999996
Pates,16/07/2026,1470,11339151.199999996
Pates,16/08/2021,3470,31489593.6
Pates,16/08/2022,2520,19736608.6
Pates,16/08/2023,2280,17502243.200000003
Pates,16/08/2025,3270,25192900.400000002
Pates,16/08/2026,2650,20426764.799999997
Pates,16/09/2021,2485,24684323.249999996
Pates,16/09/2023,3005,23078795
Pates,16/09/2024,3205,23738405.000000022
Pates,16/09/2025,2880,21946841.600000005
Pates,16/10/2021,2648,23873779.18
Pates,16/10/2022,2095,15905604.999999996
Pates,16/10/2023,2837.8,21692901.751999997
Pates,16/10/2024,3165,24426988.200000003
Pates,16/10/2025,2480,19075668.400000002
Pates,16/11/2021,2345,24723536.699999996
Pates,16/11/2022,3065,23718981.399999995
Pates,16/11/2023,2875,20813233
Pates,16/11/2024,2585,19892760.199999996
Pates,16/11/2025,2934.5,22569896.040000007
Pates,16/12/2021,3120.5,30224783.46
Pates,16/12/2023,2035,15674319.400000006
Pates,16/12/2024,2640,19775504.4
Pates,16/12/2025,2134.5,16294998.180000002
Pates,17/01/2021,6981.8,54030125.55
Pates,17/01/2022,1300,11091756
Pates,17/01/2023,2755,20600213.400000002
Pates,17/01/2024,2145,16532471.360000005
Pates,17/01/2026,3700,28490873.199999996
Pates,17/02/2021,2611.8,20643866.650000002
Pates,17/02/2022,7205,44158000
Pates,17/02/2024,4815,33026497.4
Pates,17/02/2025,2065,15769811.799999997
Pates,17/02/2026,2818,21276841.44
Pates,17/03/2021,5010,39875963.8
Pates,17/03/2022,2418,15299961.02
Pates,17/03/2024,3010,21366422.799999997
Pates,17/03/2025,1340,10326771.999999996
Pates,17/03/2026,2561,19448961.479999997
Pates,17/04/2021,3375,23505026
Pates,17/04/2022,915,5791485
Pates,17/04/2023,2955,22772777.799999997
Pates,17/04/2024,3595,23816505.4
Pates,17/04/2025,2150.5,16556008.592
Pates,17/05/2021,3537.4,32351417.009999998
Pates,17/05/2022,1651,10821582.400000002
Pates,17/05/2023,2355,17161712.2
Pates,17/05/2025,2245,17255098.200000003
Pates,17/05/2026,2265,17463397.799999997
Pates,17/06/2021,1435,11880363.549999999
Pates,17/06/2023,3340,25680514.799999997
Pates,17/06/2025,1640,12650194
Pates,17/06/2026,2200.8,16993399.688
Pates,17/07/2021,1660,14363015.600000001
Pates,17/07/2022,2895,22538661.400000006
Pates,17/07/2023,2475.5,18877344.939999994
Pates,17/07/2024,2215,16631096.199999996
Pates,17/07/2025,2325,17908055.4
Pates,17/08/2021,1980,19651673.000000004
Pates,17/08/2022,2410,18895662.4
Pates,17/08/2023,2565,19228904.6
Pates,17/08/2024,6205,41512645
Pates,17/08/2025,2645,20386372.2
Pates,17/08/2026,2840,21672655.2
Pates,17/09/2022,4240,32861856.00000001
Pates,17/09/2023,1991,14104350.68
Pates,17/09/2024,2610,20128101.20000001
Pates,17/09/2025,3300,24970610.200000003
Pates,17/10/2021,2870,29127345.200000003
Pates,17/10/2022,2010,15537253.199999997
Pates,17/10/2023,3085,22842101.00000001
Pates,17/10/2024,3777.5,27969510.959999997
Pates,17/11/2021,3650.7,40125796.35
Pates,17/11/2022,2120,16453642.399999999
Pates,17/11/2024,1650.5,12663656.295999996
Pates,17/11/2025,2775,20905252.2
Pates,17/12/2022,3130,24233983.999999996
Pates,17/12/2023,1135,8202559.3999999985
Pates,17/12/2024,2665,20485637
Pates,17/12/2025,2029.2,15490080.136000004
Pates,18/01/2021,4460,37390845.800000004
Pates,18/01/2022,1250,10665150
Pates,18/01/2023,2885,21537469
Pates,18/01/2024,2359.99,17019237.6672
Pates,18/01/2025,3855,29152541.799999997
Pates,18/01/2026,2511.2,19349502.932000004
Pates,18/02/2021,3765,27801854.7
Pates,18/02/2023,3855,28983554.200000003
Pates,18/02/2024,3590,24840763.6
Pates,18/02/2025,2025,15464472.599999998
Pates,18/02/2026,1675,12901789.399999999
Pates,18/03/2021,4050,32661541.599999998
Pates,18/03/2023,2460,18343295.199999996
Pates,18/03/2024,2390,17061562.799999997
Pates,18/03/2025,2620,19609483.599999998
Pates,18/03/2026,2210,16649755.799999999
Pates,18/04/2021,1904.5,13907477.479999999
Pates,18/04/2022,945,5985733.799999999
Pates,18/04/2023,2474,19065470.72
Pates,18/04/2024,3410,22078460
Pates,18/04/2026,2410,18568027.200000003
Pates,18/05/2021,2150,19518829.650000002
Pates,18/05/2022,1516,10013692.6
Pates,18/05/2023,3370,24654834.400000002
Pates,18/05/2024,4925,32812012.600000005
Pates,18/05/2025,1805,13834061.399999999
Pates,18/05/2026,3135.63,22414670.304399997
Pates,18/06/2022,5230,42294928.80000001
Pates,18/06/2023,2095,16101175.400000002
Pates,18/06/2025,2206,17033049.28
Pates,18/06/2026,1535.4,11838380.791999998
Pates,18/07/2021,2481,17681782.349999994
Pates,18/07/2022,2585,20895906.400000006
Pates,18/07/2023,2200,16951645.200000003
Pates,18/07/2024,2635,19772940.2
Pates,18/07/2026,1835,14136497.399999997
Pates,18/08/2021,1930,19544112.4
Pates,18/08/2022,3500,26792382.80000001
Pates,18/08/2024,3950,27655424
Pates,18/08/2025,2735,21075610.599999998
Pates,18/08/2026,2650,20408963.199999996
Pates,18/09/2021,2960,29169031.2
Pates,18/09/2022,3060,22779364.400000006
Pates,18/09/2023,2340,17659355.6
Pates,18/09/2024,2750,21192338.00000001
Pates,18/09/2025,3270,24929857.39999999
Pates,18/10/2021,2600,28940178.700000003
Pates,18/10/2022,2138.5,16549057.579999994
Pates,18/10/2023,1985,15219213.800000006
Pates,18/10/2025,2700,20803988.400000006
Pates,18/11/2021,2388,24692050.450000003
Pates,18/11/2023,4790,33127178
Pates,18/11/2024,1880,14785023.599999998
Pates,18/11/2025,2045,15483877.800000006
Pates,18/12/2021,1630,16288383.099999998
Pates,18/12/2022,2395,18562149.000000004
Pates,18/12/2023,1475,10393252.999999996
Pates,18/12/2024,2525.9,19397162.035999995
Pates,18/12/2025,1805,13816259.800000003
Pates,19/01/2021,3065.4,23815979.08
Pates,19/01/2022,1190,10153222.8
Pates,19/01/2023,2043.5,15135667.499999998
Pates,19/01/2025,2550,19643390
Pates,19/01/2026,2745,20615013.000000004
Pates,19/02/2022,4925,30251000
Pates,19/02/2023,2375,17700616.6
Pates,19/02/2024,2100.8,15175839.584000003
Pates,19/02/2025,1940,14815626.799999997
Pates,19/02/2026,1755,13508017.399999999
Pates,19/03/2022,5355,33903963.599999994
Pates,19/03/2023,2115,15403003.800000006
Pates,19/03/2024,2790,19598840.400000002
Pates,19/03/2025,1977.6000000000001,14699160.581999999
Pates,19/03/2026,1020,7877382.799999999
Pates,19/04/2021,1954.8,14945778.39
Pates,19/04/2022,1445,9137201.799999999
Pates,19/04/2023,3566.6000000000004,25951332.836000003
Pates,19/04/2025,2600,20045090.799999997
Pates,19/04/2026,3210,24214195.599999994
Pates,19/05/2021,4406.8,41902171.7
Pates,19/05/2022,2202,14563923
Pates,19/05/2024,3420,23044281.2
Pates,19/05/2025,2022.5,15509919.7
Pates,19/05/2026,2885,21996135.000000004
Pates,19/06/2021,2235,17155589.1
Pates,19/06/2022,2375,18947052.60000001
Pates,19/06/2023,2410,18516847.600000005
Pates,19/06/2024,2825,20697330.200000003
Pates,19/06/2025,1430,11029361.599999996
Pates,19/07/2021,780,8229358.8
Pates,19/07/2022,3555,28823819
Pates,19/07/2023,1530,11146779.700000003
Pates,19/07/2025,3355,25881799.799999997
Pates,19/07/2026,1520,11727500.799999997
Pates,19/08/2021,860,8661344
Pates,19/08/2023,3670,26764392.000000004
Pates,19/08/2024,3635,25266454.20000001
Pates,19/08/2025,1680,12944407.2
Pates,19/08/2026,2845,21644066.6
Pates,19/09/2021,3400,36761483.8
Pates,19/09/2022,3456.4,26401423
Pates,19/09/2023,2028,15592068.699999997
Pates,19/09/2024,2870,22127023.80000002
Pates,19/10/2021,1060,11178718.950000001
Pates,19/10/2022,2735,21150055
Pates,19/10/2023,2290,16770467.999999998
Pates,19/10/2024,3870,29830843.6
Pates,19/10/2025,3038,23166505.160000008
Pates,19/11/2022,4940,38252342.8
Pates,19/11/2023,3310,23824477.599999998
Pates,19/11/2024,1663,12903106.583999997
Pates,19/11/2025,2400,18251618.400000006
Pates,19/12/2021,2312.9,21456211.759999998
Pates,19/12/2022,3105,23879143.800000004
Pates,19/12/2023,1985,13814239.400000002
Pates,19/12/2024,2770,21242648.4
Pates,20/01/2021,3610,26903686.4
Pates,20/01/2022,3246.5,36910021.845
Pates,20/01/2024,2950,21696019.199999996
Pates,20/01/2025,3170,24391724
Pates,20/01/2026,2630,19807100.00000001
Pates,20/02/2021,6090,47128469.800000004
Pates,20/02/2022,6845,42031000
Pates,20/02/2023,2360,17741442.000000004
Pates,20/02/2024,3440,23163094.799999997
Pates,20/02/2025,1595,12204328.2
Pates,20/03/2021,3070,21372712.1
Pates,20/03/2022,3699.1,23432751.667999998
Pates,20/03/2023,2005,14880393.399999997
Pates,20/03/2024,2610,18171244.4
Pates,20/03/2025,1670,12326524.799999999
Pates,20/04/2021,2010,14929789.4
Pates,20/04/2022,1742,11039152.8
Pates,20/04/2023,3780,26701079.599999994
Pates,20/04/2024,3570,24334270.800000004
Pates,20/04/2025,2436,18795425.279999994
Pates,20/04/2026,2703.8,20100881.344
Pates,20/05/2021,3117.5,27573160.33
Pates,20/05/2023,4680,33980654.4
Pates,20/05/2024,3455,23835199
Pates,20/05/2025,1857.1,14269749.871999998
Pates,20/05/2026,2090,15840241.200000005
Pates,20/06/2021,2189.2,17529035.380000003
Pates,20/06/2022,2330,19170842.8
Pates,20/06/2023,2820,21686628
Pates,20/06/2024,2355,18150411.000000004
Pates,20/06/2026,2020,15582069.2
Pates,20/07/2022,2905,23789888.600000005
Pates,20/07/2023,2320,15895059.600000005
Pates,20/07/2024,3155,23762376.599999998
Pates,20/07/2025,1962,15161579.360000003
Pates,20/07/2026,1730,13343882.799999997
Pates,20/08/2022,4480,34650731.2
Pates,20/08/2023,2390,18261818.799999997
Pates,20/08/2024,5250,35215489.60000001
Pates,20/08/2025,2680,20635742.4
Pates,20/08/2026,2305,17508636.2
Pates,20/09/2021,2925,32944693.950000003
Pates,20/09/2022,2790,21691980
Pates,20/09/2023,3335,24943915
Pates,20/09/2025,3255,25062821.800000004
Pates,20/10/2021,1894.3000000000002,20264847.550000004
Pates,20/10/2022,1960,15141953.2
Pates,20/10/2024,2323.5,17947784.78000001
Pates,20/10/2025,2576.5,19850238.88
Pates,20/11/2021,2295,25937800.950000003
Pates,20/11/2022,2780,21518063.599999994
Pates,20/11/2023,3305,23885653.00000002
Pates,20/11/2024,1830,14192984.6
Pates,20/11/2025,2720,20701007.600000005
Pates,20/12/2021,2065,22251356.650000002
Pates,20/12/2022,4040,30807282.4
Pates,20/12/2023,1400,10742501.999999998
Pates,20/12/2025,2655,20371473.8
Pates,21/01/2021,5475,44230300.24999999
Pates,21/01/2023,3910,29085089.599999998
Pates,21/01/2024,2032.3000000000002,15676895.588
Pates,21/01/2025,2821.9,21744055.72
Pates,21/01/2026,1746.0700000000002,13458241.701600002
Pates,21/02/2021,2780,22201849.450000003
Pates,21/02/2022,2047.85,12734312.9109
Pates,21/02/2023,3373.75,25128166.328
Pates,21/02/2024,2646.8,18726862.260000005
Pates,21/02/2026,2160,16637405.200000003
Pates,21/03/2021,3240,26223170
Pates,21/03/2022,3698.2,23592822.136
Pates,21/03/2023,1666.46,12897859.622799994
Pates,21/03/2024,2079.45,14890469.750000002
Pates,21/04/2021,2060,15140284.2
Pates,21/04/2022,1885.6,11921330.194
Pates,21/04/2024,3011.42,20356604.5816
Pates,21/04/2025,2463.15,19010084.177999996
Pates,21/04/2026,2880,21659692.4
Pates,21/05/2022,4000,26482526.400000002
Pates,21/05/2023,2654.86,20132712.912
Pates,21/05/2024,3358.5,22826364.48
Pates,21/05/2025,2082.1,16018791.703999996
Pates,21/05/2026,2345,17939575.4
Pates,21/06/2021,2760,24037702.45
Pates,21/06/2022,3340,27348444.599999994
Pates,21/06/2023,2045.3000000000002,15773527.344
Pates,21/06/2025,1355,10436823.799999999
Pates,21/06/2026,1799.85,13864264.225999998
Pates,21/07/2022,2795,22343831
Pates,21/07/2024,2670.27,19505698.8956
Pates,21/07/2025,2510,19380329.6
Pates,21/07/2026,1680,12946632.399999999
Pates,21/08/2021,1295,12185690.8
Pates,21/08/2022,2030.32,15334565.9472
Pates,21/08/2023,3452.15,25810684.000000004
Pates,21/08/2024,4552.3,31837845.172000006
Pates,21/08/2025,3445,26542110.60000001
Pates,21/09/2021,3175,31688408.75
Pates,21/09/2022,2887.01,22757510.801999997
Pates,21/09/2023,2215,17021643.4
Pates,21/09/2024,2828.63,21902461.160400014
Pates,21/09/2025,3447.75,26109407.362
Pates,21/10/2021,2175,23823868.75
Pates,21/10/2023,2968,22804033.18
Pates,21/10/2024,3440,27088309.000000007
Pates,21/10/2025,2330.8300000000004,17915241.984400004
Pates,21/11/2021,2188,23481903.200000003
Pates,21/11/2022,3661.96,28073503.554000005
Pates,21/11/2023,3861.1000000000004,27978997.900000006
Pates,21/11/2024,2888.2,20741041.683999997
Pates,21/12/2021,2717.5,30434406.65
Pates,21/12/2022,3420,26077315.200000003
Pates,21/12/2023,3540,23167451.999999996
Pates,21/12/2024,3303.8,25460758.533999998
Pates,21/12/2025,1938.88,15385412.810399998
Pates,22/01/2022,1250,10697260.000000002
Pates,22/01/2023,2990.88,22349722.162399996
Pates,22/01/2024,2390,18435384.4
Pates,22/01/2025,3130,24104186.399999995
Pates,22/01/2026,2290,17224112.000000007
Pates,22/02/2021,4085,34235796.900000006
Pates,22/02/2022,2070,12758000
Pates,22/02/2023,2820,21141308.400000002
Pates,22/02/2024,2387,17096682.360000003
Pates,22/02/2025,2916.3,22408759.207999997
Pates,22/02/2026,2264.55,17455712.602
Pates,22/03/2021,5000,43019487.25
Pates,22/03/2022,3638.3,23241765.684
Pates,22/03/2023,2180,16136389.600000001
Pates,22/03/2025,2350,18101117.6
Pates,22/04/2021,2225,17028669.65
Pates,22/04/2024,3320.5,22895130.340000004
Pates,22/04/2025,2776,21390808.480000004
Pates,22/04/2026,3063.15,23023801.599999998
Pates,22/05/2021,4050,31480192
Pates,22/05/2022,1798.63,11842252.748399999
Pates,22/05/2023,3930,29138268.799999997
Pates,22/05/2024,3415,23532563.000000004
Pates,22/05/2025,1970,15200395.2
Pates,22/06/2021,1906.6,16690723.8
Pates,22/06/2022,2738.5,22423502.800000004
Pates,22/06/2023,1675,12939617.799999997
Pates,22/06/2024,3054.6000000000004,22421650.411999997
Pates,22/06/2025,1440.2,11116146.147999998
Pates,22/06/2026,1981,15259997.539999997
Pates,22/07/2021,170,1793578.2000000002
Pates,22/07/2023,3373.6,23599479.714
Pates,22/07/2024,2845,21886365.799999997
Pates,22/07/2025,2858.05,22082033.471999995
Pates,22/07/2026,1860,14309532.799999999
Pates,22/08/2021,4240,36971996
Pates,22/08/2022,2697,21287842.939999998
Pates,22/08/2023,2220,16979703.599999998
Pates,22/08/2024,3725,26079199.399999995
Pates,22/08/2026,3063.98,23592257.8344
Pates,22/09/2021,2820,27282195.400000002
Pates,22/09/2022,3945,29196959.000000004
Pates,22/09/2024,2350,18190125.60000001
Pates,22/09/2025,3730,28664331.6
Pates,22/10/2022,3470,26839691.6
Pates,22/10/2023,2407.5,18486860.419999994
Pates,22/10/2024,3319.9500000000003,25582381.461999994
Pates,22/10/2025,2500,19008290.799999997
Pates,22/11/2021,2659.1000000000004,30464810.04
Pates,22/11/2022,3660,28317354.40000001
Pates,22/11/2023,3280,23910198.799999997
Pates,22/11/2025,2655.8500000000004,20664696.121999998
Pates,22/12/2021,2140,21987192.400000002
Pates,22/12/2022,3240,25096968.4
Pates,22/12/2024,2785,20940214.200000003
Pates,22/12/2025,2625,19962534.799999997
Pates,23/01/2021,8560,69851413
Pates,23/01/2022,1732.8,14927735.5
Pates,23/01/2023,2745,20482203.800000004
Pates,23/01/2024,4675,29893665.799999993
Pates,23/01/2025,2935,22617883
Pates,23/02/2021,4265,35056900.75
Pates,23/02/2022,2295,14131000
Pates,23/02/2023,3220,24197607.6
Pates,23/02/2025,1600.2,12290751.496
Pates,23/02/2026,2570,19796059.599999998
Pates,23/03/2021,2775,24892590.4
Pates,23/03/2022,2930,18689689.2
Pates,23/03/2023,1505,11413724.199999997
Pates,23/03/2024,3510,24880832.400000006
Pates,23/03/2025,1355,10439048.999999998
Pates,23/03/2026,1950,14388375.200000001
Pates,23/04/2022,2560,16180610.399999999
Pates,23/04/2023,2740.89,19551573.9156
Pates,23/04/2024,2855,20039864.599999998
Pates,23/04/2025,2855,21976051.800000004
Pates,23/04/2026,2190,16902012.8
Pates,23/05/2021,2347.6,20086900.4
Pates,23/05/2022,1835,12016040.2
Pates,23/05/2023,4195.5,31423544.200000003
Pates,23/05/2024,2825,19976481.000000004
Pates,23/05/2026,2050,15833325.600000003
Pates,23/06/2021,2099.3199999999997,18559706.77
Pates,23/06/2022,1945,15469519
Pates,23/06/2024,2820,19451291.599999994
Pates,23/06/2025,1506.6800000000003,11626267.886399997
Pates,23/06/2026,1931.1,14892326.827999998
Pates,23/07/2022,4565,36361769.40000001
Pates,23/07/2023,2040,14572683.900000002
Pates,23/07/2024,3630,26415653.200000003
Pates,23/07/2025,2575,19825326.200000003
Pates,23/07/2026,2412.7200000000003,18566945.4772
Pates,23/08/2021,2550,23143229.6
Pates,23/08/2022,2865,22773980.6
Pates,23/08/2023,2370,18133626.4
Pates,23/08/2025,2915,22442961.400000006
Pates,23/08/2026,3090,23723190.4
Pates,23/09/2021,2962.4,27436764.46
Pates,23/09/2023,3566.45,27039428.306
Pates,23/09/2024,3490,25633868.400000002
Pates,23/09/2025,2432.2,18608342.516
Pates,23/10/2021,2060,23282434.450000003
Pates,23/10/2022,2985,22472509.400000013
Pates,23/10/2023,3590,25362449.200000003
Pates,23/10/2024,2615,20159593
Pates,23/10/2025,2695,20505720.2
Pates,23/11/2021,2232.8,26249766.130000003
Pates,23/11/2022,3774.5,29217362.179999996
Pates,23/11/2023,2981.5,21744777.019999996
Pates,23/11/2024,2825,22180099.599999998
Pates,23/11/2025,3605.4,27330876.792
Pates,23/12/2021,1075,11347986.45
Pates,23/12/2023,2623.2000000000003,19015475.112
Pates,23/12/2024,2850,21935659.200000007
Pates,23/12/2025,1835,14007435.8
Pates,24/01/2021,4890,41322042.599999994
Pates,24/01/2022,1530.75,13140961.9092
Pates,24/01/2023,3145,23981648.600000005
Pates,24/01/2024,3655,25178785.800000004
Pates,24/01/2026,2150,16563295.600000007
Pates,24/02/2021,3995,34047263.94999999
Pates,24/02/2022,2545,15674000
Pates,24/02/2024,2870,20572407.599999994
Pates,24/02/2025,1985.6,15212690.139999993
Pates,24/02/2026,2305,18069306.200000003
Pates,24/03/2021,3335,28281098.8
Pates,24/03/2022,2430,15496124.8
Pates,24/03/2024,1715,13073287
Pates,24/03/2025,1540,11815639.600000001
Pates,24/03/2026,1735,13139750.999999998
Pates,24/04/2021,2610,17720710.100000005
Pates,24/04/2022,960,6075082.399999999
Pates,24/04/2023,2735,20029820.200000003
Pates,24/04/2024,2130,15694391.999999996
Pates,24/04/2025,2210,16990151.6
Pates,24/05/2021,2950,25733709.25
Pates,24/05/2022,2525,16577626.599999996
Pates,24/05/2023,4430,32653210.800000016
Pates,24/05/2025,2075,16035288.6
Pates,24/05/2026,1525,11770118.600000001
Pates,24/06/2021,1720,15527842.2
Pates,24/06/2023,2225,17158058.599999998
Pates,24/06/2024,2650,19822911.599999994
Pates,24/06/2025,2025,15613561
Pates,24/06/2026,2010,15507959.600000001
Pates,24/07/2021,570,4582885
Pates,24/07/2022,3102.3199999999997,23466965.754400004
Pates,24/07/2023,3940,30382988.800000004
Pates,24/07/2024,3015,23212985
Pates,24/07/2025,2115,16316150.600000001
Pates,24/08/2021,1710,15752575.999999998
Pates,24/08/2022,2320,18749082.799999997
Pates,24/08/2023,2155.6,15991653.147999998
Pates,24/08/2024,4215.4,30459598.244000006
Pates,24/08/2025,2052.75,15843658.962000001
Pates,24/08/2026,2715,20437188.2
Pates,24/09/2022,3395,24239138.20000001
Pates,24/09/2023,4395,31365136.200000014
Pates,24/09/2024,3155,22437509.400000002
Pates,24/09/2025,3235.3,24685076.643999998
Pates,24/10/2021,2865,26464503.05000001
Pates,24/10/2022,2587.67,20052051.1728
Pates,24/10/2023,3795,26631344.599999994
Pates,24/10/2024,2835,21903489.400000002
Pates,24/11/2021,3162.7,32962204.040000007
Pates,24/11/2022,2366.6,18268281.368
Pates,24/11/2024,1975,15682740.799999997
Pates,24/11/2025,3150,23852166.400000002
Pates,24/12/2022,4060.25,30964542.51360001
Pates,24/12/2023,2085,15146150.6
Pates,24/12/2024,2580,19884187.96
Pates,24/12/2025,1890,14529636.399999991
Pates,25/01/2021,4730,40400939
Pates,25/01/2022,500,4266060.000000001
Pates,25/01/2023,3527,26694101.960000012
Pates,25/01/2024,2415,17777101.799999997
Pates,25/01/2025,2585,19986218.600000005
Pates,25/01/2026,2180.2,16800502.296
Pates,25/02/2021,3565,30123870.5
Pates,25/02/2023,4795,35890227.400000006
Pates,25/02/2024,2480,17263779.200000003
Pates,25/02/2025,1980,15198848
Pates,25/02/2026,2200,16929393.200000003
Pates,25/03/2021,2883.3,21493601.490000002
Pates,25/03/2023,1560,12047215.599999998
Pates,25/03/2024,2145,15580951.4
Pates,25/03/2025,1970,15189269.199999997
Pates,25/03/2026,2310,17923103.799999997
Pates,25/04/2021,1411.5,10006355.48
Pates,25/04/2022,1311.5,8298474.8
Pates,25/04/2023,3586.5,26560463.62
Pates,25/04/2024,3203.8,22254077.744
Pates,25/04/2026,2255,17400414.2
Pates,25/05/2021,3530,31975199.2
Pates,25/05/2022,2582,20576200
Pates,25/05/2023,2765,20376831.8
Pates,25/05/2024,4265,29052367.000000007
Pates,25/05/2025,1845,14250660.600000001
Pates,25/05/2026,1640,12612365.6
Pates,25/06/2022,4639.32,36364586.61880001
Pates,25/06/2023,2690,20736554.4
Pates,25/06/2024,2365,18206719
Pates,25/06/2025,1720,13236395.200000001
Pates,25/06/2026,1355,10436823.8
Pates,25/07/2021,1080,10215915.6
Pates,25/07/2022,2480,19209330.799999997
Pates,25/07/2023,3085,23438437.400000006
Pates,25/07/2024,2595,19969095
Pates,25/07/2026,2215,17092849.799999997
Pates,25/08/2021,1357.8,15452800.67
Pates,25/08/2022,2890,22880121.200000003
Pates,25/08/2024,3411.5,24717249.680000007
Pates,25/08/2025,2360,18188578.4
Pates,25/08/2026,1750,13492101.999999996
Pates,25/09/2021,3300.8199999999997,29027099.89
Pates,25/09/2022,1760,12865547.599999998
Pates,25/09/2023,3800,27771842.799999997
Pates,25/09/2024,2440,18703408.400000006
Pates,25/09/2025,3745,28405411.4
Pates,25/10/2021,2345.52,25268032.49
Pates,25/10/2022,2490,19305430.799999997
Pates,25/10/2023,3408.4,24069832.432000004
Pates,25/10/2025,3300,25603342.199999996
Pates,25/11/2021,1205,14701391.750000002
Pates,25/11/2023,4670,33574169.199999996
Pates,25/11/2024,2460,19062157.4
Pates,25/11/2025,2100,16170495.6
Pates,25/12/2021,2275.1,22802527.75
Pates,25/12/2022,3605,27396893.800000004
Pates,25/12/2023,2130,15871303.599999996
Pates,25/12/2024,3010,22657747.2
Pates,25/12/2025,2240,17234732.4
Pates,26/01/2021,5562.4,45762778.300000004
Pates,26/01/2022,1070,9129368.400000002
Pates,26/01/2023,2820,21270683.600000005
Pates,26/01/2025,2211,17053415.08
Pates,26/01/2026,1923,15372916.419999998
Pates,26/02/2022,3130,20007703.599999998
Pates,26/02/2023,3005,22629310.599999998
Pates,26/02/2024,2467,17883390.479999997
Pates,26/02/2025,2097,16105472.124
Pates,26/02/2026,2495,18417384.200000003
Pates,26/03/2022,4920,31361319.599999998
Pates,26/03/2023,1130,8742412.799999997
Pates,26/03/2024,2850,19855773.599999998
Pates,26/03/2025,1830,14120581.999999996
Pates,26/03/2026,2040.6,15706118.904
Pates,26/04/2021,1332.5,9160528.52
Pates,26/04/2022,1754,11090672.399999999
Pates,26/04/2023,3255,24436001.4
Pates,26/04/2025,2780,21407991.2
Pates,26/04/2026,4010,28919106.000000007
Pates,26/05/2021,3482,29746302.61
Pates,26/05/2022,2560,19861067.599999998
Pates,26/05/2024,2675,18820811
Pates,26/05/2025,2270,17508240.8
Pates,26/05/2026,815,6305843.799999999
Pates,26/06/2021,2910,23060049.7
Pates,26/06/2022,2037.6,16019598.320000004
Pates,26/06/2023,2605,20074357.400000002
Pates,26/06/2024,2985,22475811.000000004
Pates,26/06/2025,970,7469006.399999999
Pates,26/07/2021,2190,20353424.6
Pates,26/07/2022,2885,23055997.000000004
Pates,26/07/2023,2961,22837047.840000007
Pates,26/07/2025,2850,21984613.600000005
Pates,26/07/2026,2180,16785624.4
Pates,26/08/2021,2905,26211363.8
Pates,26/08/2023,3680,26255944.400000002
Pates,26/08/2024,2790,21477323.200000007
Pates,26/08/2025,3245,25010964.2
Pates,26/08/2026,2310,17766850.799999997
Pates,26/09/2021,3770,37297118.1
Pates,26/09/2022,3640,28134757.199999996
Pates,26/09/2023,3310,24970207.999999996
Pates,26/09/2024,3505.5,25028343.991999988
Pates,26/10/2021,1895,19818263.6
Pates,26/10/2022,2675,20675694.999999996
Pates,26/10/2023,3510,25487240.399999995
Pates,26/10/2024,2870,22166210.800000004
Pates,26/10/2025,2505,19264280.2
Pates,26/11/2022,4845,37555790.2
Pates,26/11/2023,4005,27714915
Pates,26/11/2024,2282,17635479.2
Pates,26/11/2025,2130,16529757.80000001
Pates,26/12/2021,2998,27967978.04
Pates,26/12/2022,3325,25267771.400000002
Pates,26/12/2023,2265,16369176.600000005
Pates,26/12/2024,2675,20602025.400000002
Pates,27/01/2021,3710,31454145.799999997
Pates,27/01/2022,1110,9470653.200000001
Pates,27/01/2024,4110,29008545.599999994
Pates,27/01/2025,2370,18282714.799999997
Pates,27/01/2026,1830,14071627.6
Pates,27/02/2021,7255,57659664.150000006
Pates,27/02/2022,2965,18922230.2
Pates,27/02/2023,4137.2,31269862.200000007
Pates,27/02/2024,2210.09,16072737.813200003
Pates,27/02/2025,1705,13092965.399999999
Pates,27/03/2021,6070,45217567.60000001
Pates,27/03/2022,2815.8199999999997,18059912.086
Pates,27/03/2023,1673.2,12526338.335999997
Pates,27/03/2024,2985,20469043.799999997
Pates,27/03/2025,1645,12701712.6
Pates,27/04/2021,1620.9,12100136.229999999
Pates,27/04/2022,1637.1,10371098.476000002
Pates,27/04/2023,4750,35615237.2
Pates,27/04/2024,5615,38317061.800000004
Pates,27/04/2025,2100,16197198.000000004
Pates,27/04/2026,2216.1,17099266.199999996
Pates,27/05/2021,2170,18044368.049999997
Pates,27/05/2023,4850,35241698.8
Pates,27/05/2024,3716.7,26327332.376000002
Pates,27/05/2025,2095,16165706.199999996
Pates,27/06/2021,2635,22149822
Pates,27/06/2022,2355.5,18438741.400000002
Pates,27/06/2023,1450,11179806
Pates,27/06/2024,5235,33898671
Pates,27/06/2026,2190,16873085.199999996
Pates,27/07/2021,2100,20744678.2
Pates,27/07/2022,2342,18471778.16
Pates,27/07/2023,2995,22330646.6
Pates,27/07/2024,5080,35242022.400000006
Pates,27/07/2025,2480,19126848
Pates,27/07/2026,2609,20105113.839999996
Pates,27/08/2022,4530,36010809.800000004
Pates,27/08/2023,3482.9,23935499.672000002
Pates,27/08/2024,3375.3999999999996,24733131.895999987
Pates,27/08/2025,2400,18500593.2
Pates,27/08/2026,1535,11835327.399999999
Pates,27/09/2021,2555,26149737.550000004
Pates,27/09/2022,2369,17429833.439999998
Pates,27/09/2023,2730,20937309.199999996
Pates,27/09/2025,3515,27069778.6
Pates,27/10/2021,2504,25700409.1
Pates,27/10/2022,2275,17629005.4
Pates,27/10/2024,2245,17337430.6
Pates,27/10/2025,2690,20849010.599999998
Pates,27/11/2021,2560,24664295.4
Pates,27/11/2022,3716.2,28813919.295999996
Pates,27/11/2023,3205,23156968.600000005
Pates,27/11/2024,2339,18338841.199999996
Pates,27/11/2025,2397.2,18430376.316
Pates,27/12/2021,1915,23190838.700000003
Pates,27/12/2022,4000,29980728.4
Pates,27/12/2023,1895,14076166.600000001
Pates,27/12/2025,2455,18873705.400000002
Pates,28/01/2021,3897.33,31344730.0581
Pates,28/01/2023,3875,29411649.400000006
Pates,28/01/2024,2110.1,15861974.947999995
Pates,28/01/2025,2727.5,21114641.2
Pates,28/01/2026,1545,11913887.399999999
Pates,28/02/2021,3315,26036713.1
Pates,28/02/2022,3020,19141872.6
Pates,28/02/2023,4278.7,31749491.196000002
Pates,28/02/2024,2310,17031545.999999993
Pates,28/02/2026,1770,13566889.599999996
Pates,28/03/2021,3470,27360384.000000004
Pates,28/03/2022,2424,15549414.719999999
Pates,28/03/2023,2658,20147651.44
Pates,28/03/2024,2640,18077100.400000002
Pates,28/03/2026,2250,17297716
Pates,28/04/2021,775,6295976.550000001
Pates,28/04/2022,1990,12589658.8
Pates,28/04/2024,3630,23849372.000000004
Pates,28/04/2025,1800,13858199.599999998
Pates,28/04/2026,2596,18877505.4
Pates,28/05/2022,5160,40030888.800000004
Pates,28/05/2023,2855,20950497
Pates,28/05/2024,3980,27276259.200000003
Pates,28/05/2025,1265,9752035.799999999
Pates,28/06/2021,3015,25528682.35
Pates,28/06/2022,2592.5,21269616.2
Pates,28/06/2025,1490,11465118.399999999
Pates,28/06/2026,1625,12529016.199999997
Pates,28/07/2021,802.9100000000001,6789924.27
Pates,28/07/2022,2530,19534595.6
Pates,28/07/2024,2695,19914476.200000007
Pates,28/07/2025,3110,23993795.599999998
Pates,28/07/2026,2135,16466595
Pates,28/08/2021,1660,13893005.2
Pates,28/08/2022,3170,24632137.20000001
Pates,28/08/2023,3540,26186586
Pates,28/08/2024,3010,22136704.399999995
Pates,28/08/2025,2475,19044176.599999998
Pates,28/09/2021,1767.5,16805035.380000003
Pates,28/09/2022,3110,23986856.000000004
Pates,28/09/2023,3125,21601157.4
Pates,28/09/2024,2820,21806788.80000002
Pates,28/09/2025,3150,23782889.199999996
Pates,28/10/2021,2016,22411012
Pates,28/10/2023,4415,30969104.6
Pates,28/10/2024,3265,24793591.4
Pates,28/10/2025,2432.2,18513104.116000004
Pates,28/11/2021,2041.8,21352458.09
Pates,28/11/2022,3175,24622019.4
Pates,28/11/2023,2815.9,19894552.704
Pates,28/11/2024,2485,19315300
Pates,28/12/2021,1085,13419806.95
Pates,28/12/2022,3940,29603370.8
Pates,28/12/2023,2880,18997710.400000006
Pates,28/12/2024,2785,21472860.999999996
Pates,28/12/2025,1960,15035052.399999995
Pates,29/01/2022,1480,12627537.600000001
Pates,29/01/2023,2430,18271192.4
Pates,29/01/2024,3117.4,22354447.367999997
Pates,29/01/2025,2890,22238773.2
Pates,29/01/2026,1200,9220256.400000002
Pates,29/02/2024,2220,15923310.800000006
Pates,29/03/2021,2700,21111994.900000002
Pates,29/03/2022,2470,15736484.799999997
Pates,29/03/2023,2485,18833317.4
Pates,29/03/2025,1045,8121624.6000000015
Pates,29/03/2026,2420.3,18518703.043999996
Pates,29/04/2021,1097,7902363.26
Pates,29/04/2023,5465,40121678.6
Pates,29/04/2024,3455,22873698.6
Pates,29/04/2025,2490,19189831.6
Pates,29/04/2026,1920,14605349.599999998
Pates,29/05/2021,2793.08,19603838.07
Pates,29/05/2022,2629,21009741.599999998
Pates,29/05/2023,2850,21068582.8
Pates,29/05/2024,3300,23351398.000000007
Pates,29/05/2025,1710,13213465.199999996
Pates,29/06/2021,2734.2,20194799.53
Pates,29/06/2022,2609.6,20749692.600000005
Pates,29/06/2024,5080,35034271.199999996
Pates,29/06/2025,1400,10758078.400000002
Pates,29/06/2026,1915,14778328.599999998
Pates,29/07/2021,310,2746415.2
Pates,29/07/2023,3595,27435124.2
Pates,29/07/2024,3910,28132596.8
Pates,29/07/2025,2630,20262969.199999996
Pates,29/07/2026,1920,14794243.999999996
Pates,29/08/2021,4045,39243538.8
Pates,29/08/2022,2435,20085031.6
Pates,29/08/2023,3240,24754727.2
Pates,29/08/2024,2640,20196234.4
Pates,29/08/2026,2980,22974740.799999997
Pates,29/09/2021,1710,16600356.5
Pates,29/09/2022,2130,16448144.799999997
Pates,29/09/2024,4290,28677567.8
Pates,29/09/2025,3805,29054045.4
Pates,29/10/2022,3790,29318432
Pates,29/10/2023,2350,17218620
Pates,29/10/2024,3630,26925883.200000003
Pates,29/10/2025,2705,20835687.600000005
Pates,29/11/2021,4365,47578750.25
Pates,29/11/2022,2800,21705111.200000014
Pates,29/11/2023,1940,14377707.599999998
Pates,29/11/2025,2670,20574983.999999996
Pates,29/12/2021,1755,21686707.75
Pates,29/12/2022,2670,20212840.000000007
Pates,29/12/2024,2535,19553364.999999996
Pates,29/12/2025,2170,16727091.199999997
Pates,30/01/2021,7755,63655080.05
Pates,30/01/2022,2160.85,18442246.752499998
Pates,30/01/2023,3465,26266581.799999997
Pates,30/01/2024,2775,20569658.6
Pates,30/01/2025,2900,22299531.6
Pates,30/03/2021,2812.1,22223723.18
Pates,30/03/2022,1780,11267499.6
Pates,30/03/2023,2695,20214520.200000003
Pates,30/03/2024,3840,25877284
Pates,30/03/2025,630,4878073.6
Pates,30/03/2026,1405,10747291.399999999
Pates,30/04/2022,3425,22068811.000000007
Pates,30/04/2023,4115,31196697.12
Pates,30/04/2024,3110,20732741.2
Pates,30/04/2025,2559.6,19202738.540000003
Pates,30/04/2026,3280,24307950.4
Pates,30/05/2021,2485,20538067.15
Pates,30/05/2022,2883.3,23304935.2
Pates,30/05/2023,2775,20245107.4
Pates,30/05/2024,4025,27464642.20000001
Pates,30/05/2026,1250,9662010.799999999
Pates,30/06/2021,1980,14316532.899999999
Pates,30/06/2022,2510,20012512.800000016
Pates,30/06/2024,3410,24218739.200000003
Pates,30/06/2025,1920,14763091.200000001
Pates,30/06/2026,1585,12237028.2
Pates,30/07/2022,4215,31794571.800000004
Pates,30/07/2023,3810,27976083.199999996
Pates,30/07/2024,2850,21928983.6
Pates,30/07/2025,2206,17015470.2
Pates,30/07/2026,2255,17358135.400000002
Pates,30/08/2021,4660,44106434.8
Pates,30/08/2022,2582.7,20832851.916
Pates,30/08/2023,3269,25082907.72
Pates,30/08/2025,2890,22256574.799999997
Pates,30/08/2026,2725,20992600.2
Pates,30/09/2021,1905.8,18297073.259999998
Pates,30/09/2023,3510,26736599.200000003
Pates,30/09/2024,3040,22828731.600000005
Pates,30/09/2025,2278,17393490.892000005
Pates,30/10/2021,2170,24834865.400000006
Pates,30/10/2022,2835,21929529
Pates,30/10/2023,3205,24601040.6
Pates,30/10/2024,2545,19680879.4
Pates,30/10/2025,2110,16180074.400000004
Pates,30/11/2021,3715,43095134.64999999
Pates,30/11/2022,2815,21818138.200000003
Pates,30/11/2023,2930,20510164.799999997
Pates,30/11/2024,3125,24234105.2
Pates,30/11/2025,2075,15990784.600000001
Pates,30/12/2021,1470,18006431
Pates,30/12/2023,4650,31214299.600000005
Pates,30/12/2024,2990,23033274
Pates,30/12/2025,2515,19132385.800000004
Pates,31/01/2021,3910,30588091.3
Pates,31/01/2022,960,8190835.200000001
Pates,31/01/2023,3880,29669060.000000007
Pates,31/01/2024,2675.2,20180582.89599999
Pates,31/01/2026,2700,20041816.400000006
Pates,31/03/2021,2136.4,16450196.84
Pates,31/03/2022,1512,9555545.36
Pates,31/03/2024,2315,16674550.999999996
Pates,31/03/2026,2130.5,16274255.140000002
Pates,31/05/2021,3220,28558581.799999997
Pates,31/05/2022,3029,24437419.6
Pates,31/05/2023,4680,34817830.79999999
Pates,31/05/2025,1430,11047163.199999996
Pates,31/05/2026,1225,9437795.800000004
Pates,31/07/2021,1120,10698410
Pates,31/07/2022,1220,8516990.000000006
Pates,31/07/2023,2635,19803240.60000001
Pates,31/07/2024,4955,36217513.8
Pates,31/07/2025,2010,15499058.799999997
Pates,31/08/2021,2410.3999999999996,26331182.5
Pates,31/08/2022,2620,20885395.200000007
Pates,31/08/2023,2670,20040276.800000004
Pates,31/08/2024,3110,24113794.000000007
Pates,31/08/2025,2030,15638377.2
Pates,31/08/2026,1980,15307882.799999997
Pates,31/10/2021,2705,29084409.200000003
Pates,31/10/2022,1885,14585719.000000004
Pates,31/10/2023,2790,20557324.400000002
Pates,31/10/2024,2285,17633869
Pates,31/12/2022,3700.94,28167493.852400005
Pates,31/12/2023,3680,25482794.8
Pates,31/12/2024,3110,23980444.4
Pates,31/12/2025,4375,30519111.000000004
Semoule,01/01/2023,440,1540000
Semoule,01/01/2024,2620,9170000
Semoule,01/01/2025,1000,3500000
Semoule,01/01/2026,970,3395000
Semoule,01/02/2021,4360,15243000
Semoule,01/02/2022,4040,14235000
Semoule,01/02/2023,480,1680000
Semoule,01/02/2024,2700,9450000
Semoule,01/02/2025,4770,16695000
Semoule,01/02/2026,2790,9765000
Semoule,01/03/2021,1900,6645000
Semoule,01/03/2022,470,1754500
Semoule,01/03/2023,650,2275000
Semoule,01/03/2025,5780,20230000
Semoule,01/03/2026,2780,9730000
Semoule,01/04/2021,3914,14444192
Semoule,01/04/2023,3970,13895000
Semoule,01/04/2024,2810,9835000
Semoule,01/04/2026,1840,6440000
Semoule,01/05/2021,4948,17762600
Semoule,01/05/2022,1805,6520750
Semoule,01/05/2023,1770,6195000
Semoule,01/05/2024,1440,5040000
Semoule,01/05/2025,670,2345000
Semoule,01/06/2021,3874,13933800
Semoule,01/06/2022,686.1800000000001,2583084
Semoule,01/06/2023,510,1785000
Semoule,01/06/2024,1680,5880000
Semoule,01/06/2025,2060,7210000
Semoule,01/06/2026,3550,12425000
Semoule,01/07/2021,3093,10999850
Semoule,01/07/2023,580,2030000
Semoule,01/07/2024,2090,7315000
Semoule,01/07/2025,2320,8120000
Semoule,01/07/2026,1946,6811000
Semoule,01/08/2021,4904,17498800
Semoule,01/08/2023,570,1995000
Semoule,01/08/2024,1340,4690000
Semoule,01/08/2026,3034,10619000
Semoule,01/09/2021,4798,17164100
Semoule,01/09/2022,660,2592600
Semoule,01/09/2024,2340,8190000
Semoule,01/09/2025,1710,5985000
Semoule,01/09/2026,4094,14329000
Semoule,01/10/2022,536,2106000
Semoule,01/10/2023,551.5,1936250
Semoule,01/10/2024,2540,8890000
Semoule,01/10/2025,2450,8575000
Semoule,01/11/2021,2104,7711400
Semoule,01/11/2022,246,901500
Semoule,01/11/2023,600,2100000
Semoule,01/11/2025,3270,11445000
Semoule,01/12/2021,4389,16246350
Semoule,01/12/2022,420,1470000
Semoule,01/12/2024,1970,6895000
Semoule,01/12/2025,2830,9905000
Semoule,02/01/2021,5349,19234800
Semoule,02/01/2022,6919,25139150
Semoule,02/01/2023,500,1750000
Semoule,02/01/2024,2450,8575000
Semoule,02/01/2025,1180,4130000
Semoule,02/02/2021,3455,12082500
Semoule,02/02/2022,4050,14330000
Semoule,02/02/2023,470,1645000
Semoule,02/02/2025,2400,8400000
Semoule,02/02/2026,3430,12005000
Semoule,02/03/2021,2264.56,7926869.12
Semoule,02/03/2022,420,1533000
Semoule,02/03/2023,840,2940000
Semoule,02/03/2024,2790,9765000
Semoule,02/03/2025,5110,17885000
Semoule,02/03/2026,3400,11900000
Semoule,02/04/2022,2040,7533000
Semoule,02/04/2023,4180,14630000
Semoule,02/04/2024,2670,9345000
Semoule,02/04/2026,2180,7630000
Semoule,02/05/2021,3760.4,13669480
Semoule,02/05/2023,1680,5880000
Semoule,02/05/2024,1280,4480000
Semoule,02/05/2026,3260,11410000
Semoule,02/06/2021,3193,11438350
Semoule,02/06/2022,810.4,3029640
Semoule,02/06/2024,1490,5215000
Semoule,02/06/2025,1880,6580000
Semoule,02/06/2026,4194,14679000
Semoule,02/07/2022,582,2151900
Semoule,02/07/2023,720,2520000
Semoule,02/07/2024,2050,7175000
Semoule,02/07/2025,1320,4620000
Semoule,02/07/2026,1310,4585000
Semoule,02/08/2021,4178,14997100
Semoule,02/08/2023,670,2345000
Semoule,02/08/2025,990,3465000
Semoule,02/08/2026,4312,15092000
Semoule,02/09/2021,4292,15445272
Semoule,02/09/2023,610,2135000
Semoule,02/09/2024,2540,8890000
Semoule,02/09/2025,1960,6860000
Semoule,02/09/2026,5408,18928000
Semoule,02/10/2021,5820,20888980
Semoule,02/10/2022,552,2179500
Semoule,02/10/2023,550,1925000
Semoule,02/10/2024,2570,8995000
Semoule,02/10/2025,2360,8260000
Semoule,02/11/2021,2176,8103900
Semoule,02/11/2022,634,2427000
Semoule,02/11/2023,540,1890000
Semoule,02/11/2024,2100,7350000
Semoule,02/11/2025,2470,8645000
Semoule,02/12/2021,3624,13398800
Semoule,02/12/2023,600,2100000
Semoule,02/12/2024,1900,6650000
Semoule,02/12/2025,2270.3,7946050
Semoule,03/01/2021,3787,13722400
Semoule,03/01/2022,3265,11477250
Semoule,03/01/2023,530,1855000
Semoule,03/01/2024,2700,9450000
Semoule,03/01/2026,1070,3745000
Semoule,03/02/2021,2124,7457800
Semoule,03/02/2022,2706,9850900
Semoule,03/02/2024,3020,10570000
Semoule,03/02/2025,2420,8470000
Semoule,03/02/2026,2170,7595000
Semoule,03/03/2021,2254.56,8027072
Semoule,03/03/2022,425,1551250
Semoule,03/03/2024,2830,9905000
Semoule,03/03/2025,2780,9735000
Semoule,03/03/2026,3150,11025000
Semoule,03/04/2021,6334,22749300
Semoule,03/04/2022,1936,7175000
Semoule,03/04/2023,4500,15750000
Semoule,03/04/2024,2800,9800000
Semoule,03/04/2025,1210,4235000
Semoule,03/05/2021,2565,9724750
Semoule,03/05/2023,2210,7735000
Semoule,03/05/2025,1900,6650000
Semoule,03/05/2026,2010,7035000
Semoule,03/06/2021,1972,7088400
Semoule,03/06/2023,550,1925000
Semoule,03/06/2024,1570,5495000
Semoule,03/06/2025,990.1,3465400
Semoule,03/06/2026,3294,11529000
Semoule,03/07/2021,6016,21451200
Semoule,03/07/2022,849,3129300
Semoule,03/07/2023,880,3080000
Semoule,03/07/2024,1870,6545000
Semoule,03/07/2025,2200,7700000
Semoule,03/08/2021,4244,15220300
Semoule,03/08/2023,510,1785000
Semoule,03/08/2024,1270,4445000
Semoule,03/08/2025,3290,11515000
Semoule,03/08/2026,2662,9317000
Semoule,03/09/2022,540,2104500
Semoule,03/09/2023,540,1890000
Semoule,03/09/2024,2140,7490000
Semoule,03/09/2025,2880,10080000
Semoule,03/09/2026,1506,5271000
Semoule,03/10/2021,4530,16516000
Semoule,03/10/2022,540,2104500
Semoule,03/10/2023,590,2065000
Semoule,03/10/2024,2310,8085000
Semoule,03/11/2021,3342,12417900
Semoule,03/11/2022,806,3078000
Semoule,03/11/2024,2260,7910000
Semoule,03/11/2025,2690,9415000
Semoule,03/12/2022,660,2310000
Semoule,03/12/2023,540,1890000
Semoule,03/12/2024,1880,6580000
Semoule,03/12/2025,2580,9030000
Semoule,04/01/2021,2195,7726000
Semoule,04/01/2022,3000.2,10580720
Semoule,04/01/2023,590,2065000
Semoule,04/01/2024,2810,9835000
Semoule,04/01/2025,2360,8260000
Semoule,04/01/2026,750,2625000
Semoule,04/02/2021,2355,8234500
Semoule,04/02/2023,590,2065000
Semoule,04/02/2024,2800,9800000
Semoule,04/02/2025,1870.3,6546050
Semoule,04/02/2026,2440,8540000
Semoule,04/03/2021,2855,10548000
Semoule,04/03/2024,2810.5,9837000
Semoule,04/03/2025,3860,13510000
Semoule,04/03/2026,1920,6720000
Semoule,04/04/2021,5018,18591600
Semoule,04/04/2022,1705,6325750
Semoule,04/04/2023,5440,19040000
Semoule,04/04/2024,2760,9660000
Semoule,04/04/2026,3460,12110000
Semoule,04/05/2021,4175.4,15315730
Semoule,04/05/2022,1490,5371500
Semoule,04/05/2023,2020,7070000
Semoule,04/05/2024,1660,5810000
Semoule,04/05/2025,1610,5635000
Semoule,04/05/2026,2360,8260000
Semoule,04/06/2022,540,2032800
Semoule,04/06/2023,540,1890000
Semoule,04/06/2024,1590,5565000
Semoule,04/06/2025,1230.7,4307800
Semoule,04/06/2026,4378,15323000
Semoule,04/07/2021,3798,13466100
Semoule,04/07/2022,200,720000
Semoule,04/07/2023,1040,3640000
Semoule,04/07/2024,1650,5775000
Semoule,04/07/2026,2208,7728000
Semoule,04/08/2021,3738,13349100
Semoule,04/08/2024,1380,4830000
Semoule,04/08/2025,3510,12285000
Semoule,04/08/2026,3846,13461000
Semoule,04/09/2021,4718,16784600
Semoule,04/09/2022,530,2068500
Semoule,04/09/2023,680,2380000
Semoule,04/09/2024,2520,8820000
Semoule,04/09/2025,1790,6265000
Semoule,04/10/2021,3422,12486400
Semoule,04/10/2022,524,2031000
Semoule,04/10/2023,560,1960000
Semoule,04/10/2025,3240,11340000
Semoule,04/11/2021,3167,11803922
Semoule,04/11/2023,590,2065000
Semoule,04/11/2024,2390,8365000
Semoule,04/11/2025,1460,5110000
Semoule,04/12/2021,4895,18016650
Semoule,04/12/2022,760,2660000
Semoule,04/12/2023,530,1855000
Semoule,04/12/2024,1971.3,6900200
Semoule,04/12/2025,2990,10465000
Semoule,05/01/2021,2717,9777900
Semoule,05/01/2022,4800,16910000
Semoule,05/01/2023,600,2100000
Semoule,05/01/2025,1990.8000000000002,6968200
Semoule,05/01/2026,400,1400000
Semoule,05/02/2022,328,1280600
Semoule,05/02/2023,580,2030000
Semoule,05/02/2024,2780,9730000
Semoule,05/02/2025,2070,7245000
Semoule,05/02/2026,3420,11970000
Semoule,05/03/2022,480,1791000
Semoule,05/03/2024,3100,10850000
Semoule,05/03/2025,3431.25,12010000
Semoule,05/03/2026,2250,7875000
Semoule,05/04/2021,2636.3,9788956
Semoule,05/04/2022,2037,7521950
Semoule,05/04/2023,5360,18760000
Semoule,05/04/2025,1910,6685000
Semoule,05/04/2026,2720,9520000
Semoule,05/05/2021,4056.4,14942680
Semoule,05/05/2024,1471.08,5149320
Semoule,05/05/2025,2190,7665000
Semoule,05/05/2026,3470,12145000
Semoule,05/06/2021,1438,5250600
Semoule,05/06/2022,982,3616200
Semoule,05/06/2023,670,2345000
Semoule,05/06/2024,1750,6125000
Semoule,05/06/2025,740,2590000
Semoule,05/07/2021,1678,6086600
Semoule,05/07/2023,1000,3500000
Semoule,05/07/2025,700,2450000
Semoule,05/07/2026,1874,6559000
Semoule,05/08/2021,4079,14584550
Semoule,05/08/2023,600,2100000
Semoule,05/08/2024,1590,5565000
Semoule,05/08/2025,2800,9800000
Semoule,05/08/2026,3202,11207000
Semoule,05/09/2021,3976,14231700
Semoule,05/09/2022,540,2104500
Semoule,05/09/2023,580,2030000
Semoule,05/09/2024,1800,6300000
Semoule,05/09/2026,1556,5446000
Semoule,05/10/2021,3430,12430000
Semoule,05/10/2022,524,2031000
Semoule,05/10/2023,550,1925000
Semoule,05/10/2024,2270,7945000
Semoule,05/10/2025,2480,8680000
Semoule,05/11/2022,850,3300000
Semoule,05/11/2023,550,1925000
Semoule,05/11/2024,2400,8400000
Semoule,05/11/2025,4340,15190000
Semoule,05/12/2021,3106,11569892
Semoule,05/12/2022,640,2240000
Semoule,05/12/2023,590,2065000
Semoule,05/12/2024,1850,6475000
Semoule,06/01/2021,3005.2,10735700
Semoule,06/01/2022,3275,11654750
Semoule,06/01/2024,2890,10115000
Semoule,06/01/2025,2450,8575000
Semoule,06/01/2026,210,735000
Semoule,06/02/2021,4651,16301876
Semoule,06/02/2023,710,2485000
Semoule,06/02/2024,2850,9975000
Semoule,06/02/2025,3030,10605000
Semoule,06/03/2021,5129,18116800
Semoule,06/03/2022,537,2092550
Semoule,06/03/2024,3190,11185000
Semoule,06/03/2025,4080,14280000
Semoule,06/04/2021,2820,10372000
Semoule,06/04/2022,2060.8,7612900
Semoule,06/04/2023,5312,18596800
Semoule,06/04/2024,2890,10115000
Semoule,06/04/2025,1600,5600000
Semoule,06/04/2026,2130,7455000
Semoule,06/05/2021,4511.2,16569440
Semoule,06/05/2023,2140,7490000
Semoule,06/05/2024,1730,6055000
Semoule,06/05/2025,2640,9240000
Semoule,06/05/2026,2890,10115000
Semoule,06/06/2021,3501.32,12373534
Semoule,06/06/2022,867.8,3212880
Semoule,06/06/2023,660,2310000
Semoule,06/06/2024,1670,5845000
Semoule,06/06/2026,4342,15197000
Semoule,06/07/2021,1984,7026800
Semoule,06/07/2022,265.9,957240
Semoule,06/07/2023,810,2835000
Semoule,06/07/2024,1950,6825000
Semoule,06/07/2025,820,2870000
Semoule,06/07/2026,2568,8988000
Semoule,06/08/2023,580,2030000
Semoule,06/08/2024,1770,6195000
Semoule,06/08/2025,1880,6580000
Semoule,06/08/2026,3676,12866000
Semoule,06/09/2021,3780,13727000
Semoule,06/09/2022,508,1965300
Semoule,06/09/2023,640,2240000
Semoule,06/09/2025,1750,6125000
Semoule,06/09/2026,1566,5481000
Semoule,06/10/2021,3310,12134500
Semoule,06/10/2022,530.36,2070750
Semoule,06/10/2024,2230,7805000
Semoule,06/10/2025,2820,9870000
Semoule,06/11/2021,5807,20982250
Semoule,06/11/2022,472,1891500
Semoule,06/11/2023,550,1925000
Semoule,06/11/2024,2220,7770000
Semoule,06/11/2025,4440,15540000
Semoule,06/12/2021,3510,12863300
Semoule,06/12/2022,710,2485000
Semoule,06/12/2023,600,2100000
Semoule,06/12/2025,3280,11480000
Semoule,07/01/2021,4840,17647980
Semoule,07/01/2023,750,2625000
Semoule,07/01/2024,2800,9800000
Semoule,07/01/2025,2300.6,8052100
Semoule,07/01/2026,1160,4060000
Semoule,07/02/2021,1840,6440000
Semoule,07/02/2022,250,900000
Semoule,07/02/2023,670,2345000
Semoule,07/02/2024,3010,10535000
Semoule,07/02/2026,3830,13405000
Semoule,07/03/2021,804,3631800
Semoule,07/03/2022,1055,3981750
Semoule,07/03/2023,1540,5390000
Semoule,07/03/2024,3060,10723000
Semoule,07/03/2026,2430,8505000
Semoule,07/04/2021,2490,9170000
Semoule,07/04/2022,1817,6706150
Semoule,07/04/2023,2990,10465000
Semoule,07/04/2024,2450,8575000
Semoule,07/04/2025,1290,4515000
Semoule,07/04/2026,4620,16170000
Semoule,07/05/2022,585,2135250
Semoule,07/05/2023,1850,6475000
Semoule,07/05/2024,2020.8,7073200
Semoule,07/05/2025,1580,5530000
Semoule,07/05/2026,3540,12390000
Semoule,07/06/2021,3236,11573700
Semoule,07/06/2022,987,3626100
Semoule,07/06/2023,570,2001000
Semoule,07/06/2026,4104,14364000
Semoule,07/07/2021,1090,3877000
Semoule,07/07/2022,259.86,935496
Semoule,07/07/2024,1790,6265000
Semoule,07/07/2025,3850,13475000
Semoule,07/07/2026,3396,11886000
Semoule,07/08/2021,6098,21622600
Semoule,07/08/2022,344,1342500
Semoule,07/08/2023,710,2485000
Semoule,07/08/2024,1700,5950000
Semoule,07/08/2025,2180,7630000
Semoule,07/09/2021,3605.3,13081029.6
Semoule,07/09/2022,606,2358000
Semoule,07/09/2023,700.5,2451750
Semoule,07/09/2024,1630,5705000
Semoule,07/09/2025,3470,12145000
Semoule,07/10/2021,4156,15032700
Semoule,07/10/2023,590,2065000
Semoule,07/10/2024,2210,7735000
Semoule,07/10/2025,2240.5,7841750
Semoule,07/11/2021,3325,12643750
Semoule,07/11/2022,896,3561000
Semoule,07/11/2023,710,2485000
Semoule,07/11/2024,2380,8330000
Semoule,07/12/2021,3890,14227200
Semoule,07/12/2022,510,1785000
Semoule,07/12/2023,1760,6160000
Semoule,07/12/2024,2400,8400000
Semoule,07/12/2025,1940,6790000
Semoule,08/01/2022,6490,22865000
Semoule,08/01/2023,530,1855000
Semoule,08/01/2024,2660,9310000
Semoule,08/01/2025,1840,6440000
Semoule,08/01/2026,1460,5110000
Semoule,08/02/2021,1705,5957500
Semoule,08/02/2022,1115,4020750
Semoule,08/02/2023,560,1960000
Semoule,08/02/2024,2680,9380000
Semoule,08/02/2025,1890,6615000
Semoule,08/02/2026,2410,8435000
Semoule,08/03/2021,2475,9010500
Semoule,08/03/2022,640,2438000
Semoule,08/03/2023,2570,8995000
Semoule,08/03/2025,3830,13405000
Semoule,08/03/2026,2170,7595000
Semoule,08/04/2021,2330,8522000
Semoule,08/04/2023,5180,18130000
Semoule,08/04/2024,2720,9520000
Semoule,08/04/2025,1940.5,6792000
Semoule,08/04/2026,5190,18165000
Semoule,08/05/2021,6020,22010500
Semoule,08/05/2022,1441.6,5233260
Semoule,08/05/2023,2090,7315000
Semoule,08/05/2024,2020,7070000
Semoule,08/05/2025,2360.5,8262000
Semoule,08/06/2021,4260,15180088
Semoule,08/06/2022,1060,3975000
Semoule,08/06/2023,560,1960000
Semoule,08/06/2024,2090,7315000
Semoule,08/06/2026,2622,9177000
Semoule,08/07/2021,1080,3815000
Semoule,08/07/2023,880,3080000
Semoule,08/07/2024,2120,7420000
Semoule,08/07/2025,1600,5600000
Semoule,08/07/2026,2970,10395000
Semoule,08/08/2021,4474,16002800
Semoule,08/08/2022,372,1467600
Semoule,08/08/2023,550,1925000
Semoule,08/08/2024,1440,5040000
Semoule,08/08/2026,4054,14189000
Semoule,08/09/2021,3744,13413300
Semoule,08/09/2022,584,2247000
Semoule,08/09/2024,2320,8130000
Semoule,08/09/2025,4010,14035000
Semoule,08/10/2022,598,2361000
Semoule,08/10/2023,560,1960000
Semoule,08/10/2024,1850,6475000
Semoule,08/10/2025,3160,11060000
Semoule,08/11/2021,1864,7201000
Semoule,08/11/2022,596,2234700
Semoule,08/11/2023,590,2065000
Semoule,08/11/2025,3190,11165000
Semoule,08/12/2021,3899,14628750
Semoule,08/12/2022,530,1855000
Semoule,08/12/2024,2110,7385000
Semoule,08/12/2025,2090,7315000
Semoule,09/01/2021,6831,24178200
Semoule,09/01/2022,3195,11291750
Semoule,09/01/2023,662,2317000
Semoule,09/01/2024,3190,11165000
Semoule,09/01/2025,3050,10675000
Semoule,09/02/2021,2539,9220800
Semoule,09/02/2022,1120,4039000
Semoule,09/02/2023,530,1855000
Semoule,09/02/2025,5383.6,18844400
Semoule,09/02/2026,2110,7385000
Semoule,09/03/2021,3441.6,12518976
Semoule,09/03/2022,680,2600100
Semoule,09/03/2023,5190,18165000
Semoule,09/03/2024,2790,9765000
Semoule,09/03/2025,2173,7627000
Semoule,09/03/2026,1950,6825000
Semoule,09/04/2022,2020,7381500
Semoule,09/04/2023,6160,21560000
Semoule,09/04/2024,1850,6475000
Semoule,09/04/2025,1900,6650000
Semoule,09/04/2026,3940,13790000
Semoule,09/05/2021,4010,14618000
Semoule,09/05/2022,1041.5,3818650
Semoule,09/05/2023,1300,4550000
Semoule,09/05/2024,1810,6335000
Semoule,09/05/2026,3810,13335000
Semoule,09/06/2021,3786,13516592
Semoule,09/06/2022,1056,3921600
Semoule,09/06/2024,1840,6440000
Semoule,09/06/2025,2450,8575000
Semoule,09/06/2026,3348,11718000
Semoule,09/07/2023,730,2555000
Semoule,09/07/2024,1910,6685000
Semoule,09/07/2025,2130,7455000
Semoule,09/07/2026,2060,7210000
Semoule,09/08/2021,3556,12692700
Semoule,09/08/2023,520,1820000
Semoule,09/08/2025,1620,5670000
Semoule,09/08/2026,5462,19117000
Semoule,09/09/2021,3828,13866600
Semoule,09/09/2023,830,2905000
Semoule,09/09/2024,2150,7525000
Semoule,09/09/2025,4330.5,15156750
Semoule,09/10/2021,5522,19813400
Semoule,09/10/2022,544,2031300
Semoule,09/10/2023,610.5,2137000
Semoule,09/10/2024,2160,7560000
Semoule,09/10/2025,1700,5950000
Semoule,09/11/2021,3534,13142500
Semoule,09/11/2022,484,1847000
Semoule,09/11/2023,580,2030000
Semoule,09/11/2024,2180,7630000
Semoule,09/11/2025,3530,12355000
Semoule,09/12/2021,4070,15048600
Semoule,09/12/2023,2020,7070000
Semoule,09/12/2024,1970,6895000
Semoule,09/12/2025,1800,6300000
Semoule,10/01/2021,4174,14851300
Semoule,10/01/2022,3540,12491000
Semoule,10/01/2023,380,1330000
Semoule,10/01/2024,3090.5,10816750
Semoule,10/01/2026,2050,7175000
Semoule,10/02/2021,2371,8606700
Semoule,10/02/2022,1185,4353250
Semoule,10/02/2024,2690,9415000
Semoule,10/02/2025,3260,11410000
Semoule,10/02/2026,4140.8,14493200
Semoule,10/03/2021,4291,15462200
Semoule,10/03/2022,881.4,3315600
Semoule,10/03/2024,2825,9895000
Semoule,10/03/2025,1360,4760000
Semoule,10/03/2026,2270,7945000
Semoule,10/04/2021,3417,12515150
Semoule,10/04/2022,1903,6940350
Semoule,10/04/2023,4570,15995000
Semoule,10/04/2025,1610,5635000
Semoule,10/05/2021,3701.96,13730352
Semoule,10/05/2022,1050,3882300
Semoule,10/05/2023,1270,4445000
Semoule,10/05/2025,4450,15575000
Semoule,10/05/2026,4900,17150000
Semoule,10/06/2021,4214,14965800
Semoule,10/06/2023,560,1960000
Semoule,10/06/2024,2370,8295000
Semoule,10/06/2025,3170,11095000
Semoule,10/06/2026,3172,11102000
Semoule,10/07/2021,3124,11192300
Semoule,10/07/2023,930,3255000
Semoule,10/07/2024,2060,7210000
Semoule,10/07/2025,3340,11690000
Semoule,10/08/2021,4332,15443184
Semoule,10/08/2023,570,1995000
Semoule,10/08/2024,1700,5950000
Semoule,10/08/2025,2990,10465000
Semoule,10/08/2026,4288,15008000
Semoule,10/09/2022,572,2195400
Semoule,10/09/2023,780,2730000
Semoule,10/09/2024,2080.5,7282000
Semoule,10/09/2025,2460,8610000
Semoule,10/10/2021,4182,15172076
Semoule,10/10/2022,560,2097000
Semoule,10/10/2023,630,2205000
Semoule,10/10/2024,2380,8330000
Semoule,10/11/2021,4043,15030050
Semoule,10/11/2022,793.6,3062600
Semoule,10/11/2024,2290,8015000
Semoule,10/11/2025,4760,16660000
Semoule,10/12/2022,520,1820000
Semoule,10/12/2023,1860,6510000
Semoule,10/12/2024,2940,10290000
Semoule,10/12/2025,3000,10500000
Semoule,11/01/2021,2831,10091200
Semoule,11/01/2022,3730.8,13219880
Semoule,11/01/2023,60,210000
Semoule,11/01/2024,3150,11025000
Semoule,11/01/2025,3360,11760000
Semoule,11/01/2026,4010,14035000
Semoule,11/02/2021,2180,7928500
Semoule,11/02/2023,770,2695000
Semoule,11/02/2024,2860,10010000
Semoule,11/02/2025,3770,13195000
Semoule,11/02/2026,3580,12555000
Semoule,11/03/2021,4260,15321960
Semoule,11/03/2023,4130,14455000
Semoule,11/03/2024,2650.75,9278000
Semoule,11/03/2025,1600,5600000
Semoule,11/03/2026,3610.5,12637000
Semoule,11/04/2021,2698,9850948
Semoule,11/04/2022,1916.1,7098110
Semoule,11/04/2023,4230,14805000
Semoule,11/04/2026,1850,6475000
Semoule,11/05/2021,4572,16690900
Semoule,11/05/2022,1041.4,3865490
Semoule,11/05/2023,800,2800000
Semoule,11/05/2024,2080,7280000
Semoule,11/05/2025,4860,17010000
Semoule,11/05/2026,2830,9905000
Semoule,11/06/2022,600,2160000
Semoule,11/06/2023,540,1890000
Semoule,11/06/2024,2460,8610000
Semoule,11/06/2025,1831.6000000000001,6411400
Semoule,11/06/2026,2738,9583000
Semoule,11/07/2021,3264,11726300
Semoule,11/07/2022,270,972000
Semoule,11/07/2023,340,1190000
Semoule,11/07/2024,1680,5880000
Semoule,11/07/2026,1594,5579000
Semoule,11/08/2021,3588,12815600
Semoule,11/08/2022,284,1118700
Semoule,11/08/2024,2200,7700000
Semoule,11/08/2025,3380,11830000
Semoule,11/08/2026,4190,14665000
Semoule,11/09/2021,6054,21682300
Semoule,11/09/2022,556,2106300
Semoule,11/09/2023,830,2905000
Semoule,11/09/2024,2070.5,7246750
Semoule,11/09/2025,2240,7840000
Semoule,11/10/2021,3550,13534500
Semoule,11/10/2022,536,1978200
Semoule,11/10/2023,580,2030000
Semoule,11/10/2025,2560,8960000
Semoule,11/11/2021,3733,13928572
Semoule,11/11/2023,660,2310000
Semoule,11/11/2024,2122.27,7429080
Semoule,11/11/2025,2821,9874000
Semoule,11/12/2021,6538,23755500
Semoule,11/12/2022,600,2100000
Semoule,11/12/2023,1930,6755000
Semoule,11/12/2024,4990,17465000
Semoule,11/12/2025,2380,8330000
Semoule,12/01/2021,3851,13835200
Semoule,12/01/2022,3160,11352500
Semoule,12/01/2023,350,1225000
Semoule,12/01/2025,3270.2,11445800
Semoule,12/01/2026,5100,17850000
Semoule,12/02/2022,1271,4670950
Semoule,12/02/2023,730,2555000
Semoule,12/02/2024,2740,9590000
Semoule,12/02/2025,3030,10605000
Semoule,12/02/2026,5150,18025000
Semoule,12/03/2022,964,3629500
Semoule,12/03/2023,4410,15435000
Semoule,12/03/2024,2820,9870000
Semoule,12/03/2025,2050,7175000
Semoule,12/03/2026,4020,14070000
Semoule,12/04/2021,2287.94,8365278
Semoule,12/04/2022,2167.7,8008370
Semoule,12/04/2023,4260,14910000
Semoule,12/04/2025,8900,31150000
Semoule,12/04/2026,5130,17955000
Semoule,12/05/2021,3623,13261850
Semoule,12/05/2022,1101.5,4070100
Semoule,12/05/2024,1910,6685000
Semoule,12/05/2025,2400,8400000
Semoule,12/05/2026,3140,10990000
Semoule,12/06/2021,3453,12371350
Semoule,12/06/2022,946.1,3405960
Semoule,12/06/2023,770,2695000
Semoule,12/06/2024,2260,7910000
Semoule,12/06/2025,2550,8925000
Semoule,12/07/2021,2778,10017600
Semoule,12/07/2022,191.8,690480
Semoule,12/07/2023,410,1435000
Semoule,12/07/2025,3680,12880000
Semoule,12/07/2026,4270,14945000
Semoule,12/08/2021,3082,10987400
Semoule,12/08/2023,550,1925000
Semoule,12/08/2024,2260,7910000
Semoule,12/08/2025,2040,7140000
Semoule,12/08/2026,5038,17633000
Semoule,12/09/2021,3072,11098900
Semoule,12/09/2022,690,2644500
Semoule,12/09/2023,770,2695000
Semoule,12/09/2024,2010,7035000
Semoule,12/10/2021,3180,11671000
Semoule,12/10/2022,508,1876500
Semoule,12/10/2023,550,1925000
Semoule,12/10/2024,2320,8120000
Semoule,12/10/2025,2920,10220000
Semoule,12/11/2022,492,1834200
Semoule,12/11/2023,630,2209000
Semoule,12/11/2024,2130,7455000
Semoule,12/11/2025,4160,14560000
Semoule,12/12/2021,3275,12117250
Semoule,12/12/2022,660,2310000
Semoule,12/12/2023,1880,6584000
Semoule,12/12/2024,4710,16485000
Semoule,13/01/2021,3022,10675400
Semoule,13/01/2022,3550,12813500
Semoule,13/01/2024,4130,14455000
Semoule,13/01/2025,1570,5495000
Semoule,13/01/2026,3650,12775000
Semoule,13/02/2021,7040,24996500
Semoule,13/02/2022,1220.1,4398860
Semoule,13/02/2023,620,2170000
Semoule,13/02/2024,2980,10430000
Semoule,13/02/2025,2170,7595000
Semoule,13/03/2021,6289,22350800
Semoule,13/03/2022,845,3217250
Semoule,13/03/2023,4670,16345000
Semoule,13/03/2024,2210,7735000
Semoule,13/03/2025,1720,6020000
Semoule,13/04/2021,3533.5,13169650
Semoule,13/04/2022,2143.4,7905490
Semoule,13/04/2023,3664,12824000
Semoule,13/04/2024,2530,8855000
Semoule,13/04/2025,2620,9170000
Semoule,13/04/2026,2770,9695000
Semoule,13/05/2023,1050,3675000
Semoule,13/05/2024,2240,7840000
Semoule,13/05/2025,1860,6510000
Semoule,13/05/2026,2580,9030000
Semoule,13/06/2021,4707,16728650
Semoule,13/06/2022,960,3456000
Semoule,13/06/2023,580,2030000
Semoule,13/06/2024,2040,7140000
Semoule,13/06/2026,4910,17185000
Semoule,13/07/2021,2267.36,8246532
Semoule,13/07/2022,404,1527300
Semoule,13/07/2023,600,2100000
Semoule,13/07/2024,1780,6230000
Semoule,13/07/2025,3100.6,10852400
Semoule,13/07/2026,4326,15141000
Semoule,13/08/2022,640,2464500
Semoule,13/08/2023,590,2065000
Semoule,13/08/2024,2540,8890000
Semoule,13/08/2025,1890,6615000
Semoule,13/08/2026,3426,11991000
Semoule,13/09/2021,3428.5,12375400
Semoule,13/09/2022,640,2464500
Semoule,13/09/2023,650.25,2275875
Semoule,13/09/2025,2370,8295000
Semoule,13/10/2021,4063.54,14858560
Semoule,13/10/2022,590,2284500
Semoule,13/10/2024,2240,7852000
Semoule,13/10/2025,2080,7280000
Semoule,13/11/2021,6244,23029400
Semoule,13/11/2022,460,1697000
Semoule,13/11/2023,620,2170000
Semoule,13/11/2024,2150,7525000
Semoule,13/11/2025,2860,10010000
Semoule,13/12/2021,1520,5633100
Semoule,13/12/2022,550.3,1926050
Semoule,13/12/2023,1990,6965000
Semoule,13/12/2025,3220.7,11272800
Semoule,14/01/2021,2846,10527200
Semoule,14/01/2023,680,2380000
Semoule,14/01/2024,3890,13615000
Semoule,14/01/2025,2980.5,10440000
Semoule,14/01/2026,3750,13125000
Semoule,14/02/2021,4941,17673700
Semoule,14/02/2022,775,2793750
Semoule,14/02/2023,540.25,1890875
Semoule,14/02/2024,2760,9670000
Semoule,14/02/2026,4370,15295000
Semoule,14/03/2021,2680,9902000
Semoule,14/03/2022,800,3039900
Semoule,14/03/2023,4820,16870000
Semoule,14/03/2024,3200,11200000
Semoule,14/03/2026,3740,13090000
Semoule,14/04/2021,3670,13595000
Semoule,14/04/2022,1141,4262550
Semoule,14/04/2023,4150,14525000
Semoule,14/04/2024,2760,9660000
Semoule,14/04/2025,1880,6580000
Semoule,14/04/2026,3690.4,12916600
Semoule,14/05/2022,623,2359750
Semoule,14/05/2023,770,2695000
Semoule,14/05/2024,2370,8295000
Semoule,14/05/2025,930,3255000
Semoule,14/05/2026,3200,11200000
Semoule,14/06/2021,3567.8199999999997,12742264
Semoule,14/06/2022,822,2959200
Semoule,14/06/2023,540,1890000
Semoule,14/06/2025,1760,6160000
Semoule,14/06/2026,3826,13391000
Semoule,14/07/2021,2886,10535072
Semoule,14/07/2022,500,1881000
Semoule,14/07/2024,1960,6860000
Semoule,14/07/2025,1660,5810000
Semoule,14/07/2026,3332,11662000
Semoule,14/08/2021,5730,20489000
Semoule,14/08/2022,640,2464500
Semoule,14/08/2023,610,2135000
Semoule,14/08/2024,2450,8575000
Semoule,14/08/2025,1960,6860000
Semoule,14/09/2021,3395,12288900
Semoule,14/09/2022,662,2496000
Semoule,14/09/2023,580,2030000
Semoule,14/09/2024,2000,7000000
Semoule,14/09/2025,2602.65,9110600
Semoule,14/10/2021,4178,15498400
Semoule,14/10/2023,830,2905000
Semoule,14/10/2024,2350,8225000
Semoule,14/10/2025,1910.1,6685400
Semoule,14/11/2021,3391.98,12362650
Semoule,14/11/2022,616,2164700
Semoule,14/11/2023,640,2240000
Semoule,14/11/2024,2050,7175000
Semoule,14/12/2021,3725,13171750
Semoule,14/12/2022,520,1820000
Semoule,14/12/2023,1870,6545000
Semoule,14/12/2024,2310,8085000
Semoule,14/12/2025,1800,6300000
Semoule,15/01/2022,4087,14801750
Semoule,15/01/2023,710,2485000
Semoule,15/01/2024,4290,15015000
Semoule,15/01/2025,1920,6720000
Semoule,15/01/2026,2920,10220000
Semoule,15/02/2021,3939,14289800
Semoule,15/02/2022,815,2937750
Semoule,15/02/2023,570,1995000
Semoule,15/02/2024,3020,10570000
Semoule,15/02/2025,5590,19565000
Semoule,15/02/2026,2940,10290000
Semoule,15/03/2021,1562.38,5904896
Semoule,15/03/2022,60,297000
Semoule,15/03/2023,3655.75,12803125
Semoule,15/03/2025,1540,5390000
Semoule,15/03/2026,1930,6755000
Semoule,15/04/2021,4528,16468100
Semoule,15/04/2023,3260,11410000
Semoule,15/04/2024,3000,10500000
Semoule,15/04/2025,1980,6930000
Semoule,15/04/2026,3980,13930000
Semoule,15/05/2021,354,1317300
Semoule,15/05/2022,992,3685900
Semoule,15/05/2023,890,3115000
Semoule,15/05/2024,2050,7175000
Semoule,15/05/2025,990,3465000
Semoule,15/06/2021,3397,12045650
Semoule,15/06/2022,874.2,3147120
Semoule,15/06/2023,610,2135000
Semoule,15/06/2024,1770,6195000
Semoule,15/06/2025,1291.6,4521400
Semoule,15/06/2026,2046,7161000
Semoule,15/07/2021,3438,12360600
Semoule,15/07/2023,720,2520000
Semoule,15/07/2024,1560,5460000
Semoule,15/07/2025,2800,9800000
Semoule,15/07/2026,2480,8680000
Semoule,15/08/2021,3640,13075000
Semoule,15/08/2022,640,2464500
Semoule,15/08/2023,610,2135000
Semoule,15/08/2024,2010,7035000
Semoule,15/08/2026,3724,13034000
Semoule,15/09/2021,2480,8945000
Semoule,15/09/2022,622,2352000
Semoule,15/09/2024,1970,6895000
Semoule,15/09/2025,2700,9450000
Semoule,15/10/2022,590,2284500
Semoule,15/10/2023,640,2240000
Semoule,15/10/2024,2130,7455000
Semoule,15/10/2025,2120,7420000
Semoule,15/11/2021,2500,9198400
Semoule,15/11/2022,760,2660000
Semoule,15/11/2023,620,2170000
Semoule,15/11/2025,3210,11235000
Semoule,15/12/2021,3488,12466600
Semoule,15/12/2022,590,2065000
Semoule,15/12/2024,6130,21455000
Semoule,15/12/2025,2190,7665000
Semoule,16/01/2021,6016,21474700
Semoule,16/01/2022,2646,10013000
Semoule,16/01/2023,740,2590000
Semoule,16/01/2024,3985,13952500
Semoule,16/01/2025,2980,10430000
Semoule,16/02/2021,3903.3,14079150
Semoule,16/02/2022,765,2757750
Semoule,16/02/2023,560,1960000
Semoule,16/02/2025,2920,10220000
Semoule,16/02/2026,3890,13617000
Semoule,16/03/2021,2392,8737400
Semoule,16/03/2022,61.68,305316
Semoule,16/03/2023,4190,14665000
Semoule,16/03/2024,2680,9380000
Semoule,16/03/2025,1200.6,4202400
Semoule,16/03/2026,1712,5993000
Semoule,16/04/2022,340,1238000
Semoule,16/04/2023,4650,16275000
Semoule,16/04/2024,2670.3,9346050
Semoule,16/04/2025,1850,6475000
Semoule,16/04/2026,3390,11865000
Semoule,16/05/2021,360,1271000
Semoule,16/05/2022,952,3561050
Semoule,16/05/2023,590,2065000
Semoule,16/05/2024,2080,7280000
Semoule,16/05/2026,3090,10815000
Semoule,16/06/2021,3915,13807750
Semoule,16/06/2022,930,3348000
Semoule,16/06/2025,1290,4515000
Semoule,16/06/2026,5418,18963000
Semoule,16/07/2022,434,1635300
Semoule,16/07/2023,630,2205000
Semoule,16/07/2024,1790,6265000
Semoule,16/07/2025,3690,12915000
Semoule,16/07/2026,2072,7257000
Semoule,16/08/2021,2946,10630200
Semoule,16/08/2022,650,2556600
Semoule,16/08/2023,600,2100000
Semoule,16/08/2025,1720,6020000
Semoule,16/08/2026,3636,12726000
Semoule,16/09/2021,3920,14005500
Semoule,16/09/2023,590,2065000
Semoule,16/09/2024,1990,6965000
Semoule,16/09/2025,2420,8470000
Semoule,16/10/2021,6296,22808660
Semoule,16/10/2022,690,2644500
Semoule,16/10/2023,880,3080000
Semoule,16/10/2024,2060,7210000
Semoule,16/10/2025,3870,13545000
Semoule,16/11/2021,3890,14206500
Semoule,16/11/2022,880,3080000
Semoule,16/11/2023,620,2170000
Semoule,16/11/2024,2010,7035000
Semoule,16/11/2025,3827.5,13400000
Semoule,16/12/2021,4000.6,14353160
Semoule,16/12/2023,1920,6732000
Semoule,16/12/2024,4220,14770000
Semoule,16/12/2025,3390,11865000
Semoule,17/01/2021,1267,4698900
Semoule,17/01/2022,1274,4653000
Semoule,17/01/2023,690,2415000
Semoule,17/01/2024,3225,11288500
Semoule,17/01/2026,3580,12530000
Semoule,17/02/2021,2770,9825500
Semoule,17/02/2022,980,3532000
Semoule,17/02/2024,3090,10815000
Semoule,17/02/2025,3880,13580000
Semoule,17/02/2026,3820,13370000
Semoule,17/03/2021,4357,15701900
Semoule,17/03/2022,1079,4047550
Semoule,17/03/2024,2920,10220000
Semoule,17/03/2025,1700,5950000
Semoule,17/03/2026,1190.4,4166400
Semoule,17/04/2021,5762,20802900
Semoule,17/04/2022,370,1341000
Semoule,17/04/2023,3660,12810000
Semoule,17/04/2024,3500,12250000
Semoule,17/04/2025,1560.2,5460800
Semoule,17/05/2021,2035.3,7252330
Semoule,17/05/2022,927.54,3525394
Semoule,17/05/2023,570,1995000
Semoule,17/05/2025,1290,4515000
Semoule,17/05/2026,2290,8015000
Semoule,17/06/2021,5590,19700500
Semoule,17/06/2023,580,2030000
Semoule,17/06/2025,2830,9905000
Semoule,17/06/2026,5572.5,19504000
Semoule,17/07/2021,5896,21158200
Semoule,17/07/2022,480.14,1825104
Semoule,17/07/2023,851.25,2980000
Semoule,17/07/2024,1580,5530000
Semoule,17/07/2025,3440,12040000
Semoule,17/08/2021,3562,12789400
Semoule,17/08/2022,710,2836500
Semoule,17/08/2023,590,2065000
Semoule,17/08/2024,1970,6895000
Semoule,17/08/2025,2300,8050000
Semoule,17/08/2026,4832,16912000
Semoule,17/09/2022,640,2464500
Semoule,17/09/2023,650,2275000
Semoule,17/09/2024,1980,6930000
Semoule,17/09/2025,3200,11200000
Semoule,17/10/2021,3490,13132500
Semoule,17/10/2022,708,2757000
Semoule,17/10/2023,670,2345000
Semoule,17/10/2024,2190,7665000
Semoule,17/11/2021,3789.3999999999996,14011630
Semoule,17/11/2022,710,2485000
Semoule,17/11/2024,1920,6720000
Semoule,17/11/2025,3200,11200000
Semoule,17/12/2022,570,1995000
Semoule,17/12/2023,3180,11130000
Semoule,17/12/2024,5300,18550000
Semoule,17/12/2025,4330.3,15156050
Semoule,18/01/2021,2153,7812600
Semoule,18/01/2022,3440,12174000
Semoule,18/01/2023,720,2520000
Semoule,18/01/2024,2818.3,9868200
Semoule,18/01/2025,2970,10395000
Semoule,18/01/2026,3191,11169000
Semoule,18/02/2021,2661,9786876
Semoule,18/02/2023,580,2030000
Semoule,18/02/2024,2990,10465000
Semoule,18/02/2025,4260,14910000
Semoule,18/02/2026,3530,12355000
Semoule,18/03/2021,3804,13957800
Semoule,18/03/2023,5250,18375000
Semoule,18/03/2024,2930,10255000
Semoule,18/03/2025,1910,6685000
Semoule,18/03/2026,1920,6720000
Semoule,18/04/2021,4438,16182210
Semoule,18/04/2022,262,943200
Semoule,18/04/2023,4830,16905000
Semoule,18/04/2024,2730,9555000
Semoule,18/04/2026,3765,13177500
Semoule,18/05/2021,1770,6252000
Semoule,18/05/2022,1026,3881850
Semoule,18/05/2023,590,2065000
Semoule,18/05/2024,2020,7070000
Semoule,18/05/2025,460,1610000
Semoule,18/05/2026,3661,12823950
Semoule,18/06/2022,670,2412000
Semoule,18/06/2023,480,1680000
Semoule,18/06/2025,2270,7945000
Semoule,18/06/2026,2856.4,9997600
Semoule,18/07/2021,3176,11420200
Semoule,18/07/2022,592,2291500
Semoule,18/07/2023,410,1435000
Semoule,18/07/2024,1900,6650000
Semoule,18/07/2026,3230,11305000
Semoule,18/08/2021,3890,13950500
Semoule,18/08/2022,700,2800500
Semoule,18/08/2024,1900,6650000
Semoule,18/08/2025,2170,7595000
Semoule,18/08/2026,3462,12117000
Semoule,18/09/2021,4502,16170300
Semoule,18/09/2022,740,2824500
Semoule,18/09/2023,610,2135000
Semoule,18/09/2024,2070,7245000
Semoule,18/09/2025,3160,11060000
Semoule,18/10/2021,3042,11750000
Semoule,18/10/2022,490,1885500
Semoule,18/10/2023,500,1750000
Semoule,18/10/2025,4230,14805000
Semoule,18/11/2021,4369,16214522
Semoule,18/11/2023,620,2170000
Semoule,18/11/2024,2000,7000000
Semoule,18/11/2025,3390,11865000
Semoule,18/12/2021,5969,21504250
Semoule,18/12/2022,580,2030000
Semoule,18/12/2023,2760,9660000
Semoule,18/12/2024,2911.4,10190600
Semoule,18/12/2025,4560,15960000
Semoule,19/01/2021,2539,9260300
Semoule,19/01/2022,3510,12406000
Semoule,19/01/2023,490,1715000
Semoule,19/01/2025,1870,6545000
Semoule,19/01/2026,4700,16450000
Semoule,19/02/2022,1265,4602250
Semoule,19/02/2023,560,1960000
Semoule,19/02/2024,2950.2,10325700
Semoule,19/02/2025,1730,6055000
Semoule,19/02/2026,2850,9975000
Semoule,19/03/2022,1067.8400000000001,3993400
Semoule,19/03/2023,4120,14420000
Semoule,19/03/2024,2810,9835000
Semoule,19/03/2025,1913.4499999999998,6713800
Semoule,19/03/2026,1400,4900000
Semoule,19/04/2021,3897.3599999999997,14112017.280000001
Semoule,19/04/2022,1285,4643750
Semoule,19/04/2023,4590,16065000
Semoule,19/04/2025,2730,9555000
Semoule,19/04/2026,4150,14525000
Semoule,19/05/2021,3230,11602500
Semoule,19/05/2022,902.2,3360720
Semoule,19/05/2024,1940,6790000
Semoule,19/05/2025,1330,4655000
Semoule,19/05/2026,2400,8400000
Semoule,19/06/2021,5755,20390750
Semoule,19/06/2022,972,3499200
Semoule,19/06/2023,690,2415000
Semoule,19/06/2024,2140,7490000
Semoule,19/06/2025,1150,4025000
Semoule,19/07/2021,768,2817100
Semoule,19/07/2022,580,2248500
Semoule,19/07/2023,560,1960000
Semoule,19/07/2025,1430,5005000
Semoule,19/07/2026,3906,13671000
Semoule,19/08/2021,3378,12124100
Semoule,19/08/2023,590,2065000
Semoule,19/08/2024,1940,6790000
Semoule,19/08/2025,1730,6055000
Semoule,19/08/2026,4582,16037000
Semoule,19/09/2021,3282,11933400
Semoule,19/09/2022,681,2612100
Semoule,19/09/2023,570.5,1997000
Semoule,19/09/2024,1950,6825000
Semoule,19/10/2021,3720,13974000
Semoule,19/10/2022,930,3508500
Semoule,19/10/2023,650,2275000
Semoule,19/10/2024,2100,7350000
Semoule,19/10/2025,2830.3999999999996,9906600
Semoule,19/11/2022,620,2170000
Semoule,19/11/2023,600,2100000
Semoule,19/11/2024,2150.3,7526050
Semoule,19/11/2025,3360,11760000
Semoule,19/12/2021,3583.3,12880170
Semoule,19/12/2022,470,1645000
Semoule,19/12/2023,2620,9170000
Semoule,19/12/2024,6320,22120000
Semoule,20/01/2021,2237,8064400
Semoule,20/01/2022,4570,16125500
Semoule,20/01/2024,3020,10570000
Semoule,20/01/2025,2620,9170000
Semoule,20/01/2026,3220.3,11271050
Semoule,20/02/2021,6884,24633496
Semoule,20/02/2022,1235,4453750
Semoule,20/02/2023,550,1925000
Semoule,20/02/2024,3080,10780000
Semoule,20/02/2025,3410,11935000
Semoule,20/03/2021,4899,17731550
Semoule,20/03/2022,504,1980000
Semoule,20/03/2023,3910,13685000
Semoule,20/03/2024,2855,9995000
Semoule,20/03/2025,1780,6240000
Semoule,20/04/2021,3500,12734400
Semoule,20/04/2022,1927.8,6966830
Semoule,20/04/2023,1970,6895000
Semoule,20/04/2024,3090,10815000
Semoule,20/04/2025,1040,3640000
Semoule,20/04/2026,3480.5,12182000
Semoule,20/05/2021,3766,13831700
Semoule,20/05/2023,540,1890000
Semoule,20/05/2024,2620,9170000
Semoule,20/05/2025,3350,11725000
Semoule,20/05/2026,1840,6440000
Semoule,20/06/2021,5395,18967750
Semoule,20/06/2022,920,3312000
Semoule,20/06/2023,600,2100000
Semoule,20/06/2024,1960,6860000
Semoule,20/06/2026,2992,10472000
Semoule,20/07/2022,570,2212500
Semoule,20/07/2023,550,1925000
Semoule,20/07/2024,1830,6405000
Semoule,20/07/2025,2240,7840000
Semoule,20/07/2026,2162,7567000
Semoule,20/08/2022,620,2392500
Semoule,20/08/2023,610,2135000
Semoule,20/08/2024,1960,6860000
Semoule,20/08/2025,2200,7700000
Semoule,20/08/2026,3232,11312000
Semoule,20/09/2021,3416,12513180
Semoule,20/09/2022,690,2644500
Semoule,20/09/2023,580,2030000
Semoule,20/09/2025,1980,6930000
Semoule,20/10/2021,3194.6,11669489.6
Semoule,20/10/2022,588,2245500
Semoule,20/10/2024,2090.8,7322200
Semoule,20/10/2025,2160,7560000
Semoule,20/11/2021,6361,23175250
Semoule,20/11/2022,440,1540000
Semoule,20/11/2023,560,1960000
Semoule,20/11/2024,2070,7245000
Semoule,20/11/2025,4190,14665000
Semoule,20/12/2021,3311.2,11788001
Semoule,20/12/2022,550,1925000
Semoule,20/12/2023,2350,8225000
Semoule,20/12/2025,2470,8645000
Semoule,21/01/2021,2879,10653280
Semoule,21/01/2023,600,2100000
Semoule,21/01/2024,3228.75,11330000
Semoule,21/01/2025,1744.3000000000002,6122200
Semoule,21/01/2026,2833.3499999999995,9928400
Semoule,21/02/2021,3080,10992500
Semoule,21/02/2022,711.12,2564069
Semoule,21/02/2023,826.25,2891875
Semoule,21/02/2024,3078.7,10804800
Semoule,21/02/2026,4350,15225000
Semoule,21/03/2021,4365,15773250
Semoule,21/03/2022,540,2111400
Semoule,21/03/2023,3957.5,13851250
Semoule,21/03/2024,2847.9900000000002,9996960
Semoule,21/04/2021,4404,15978800
Semoule,21/04/2022,1825.8899999999999,6651960.5
Semoule,21/04/2024,2847.89,9986560
Semoule,21/04/2025,1962.4,6879600
Semoule,21/04/2026,2960,10360000
Semoule,21/05/2022,555,2142750
Semoule,21/05/2023,556.46,1966432
Semoule,21/05/2024,2153.14,7557560
Semoule,21/05/2025,2086.6,7316400
Semoule,21/05/2026,3370,11795000
Semoule,21/06/2021,4702,16644900
Semoule,21/06/2022,1026.4,3695040
Semoule,21/06/2023,551.44,1961048
Semoule,21/06/2025,1460,5110000
Semoule,21/06/2026,2810.55,9844200
Semoule,21/07/2022,600,2320500
Semoule,21/07/2024,1661.1,5837400
Semoule,21/07/2025,4180,14630000
Semoule,21/07/2026,2002,7007000
Semoule,21/08/2021,5154,18481800
Semoule,21/08/2022,710.9,2745120
Semoule,21/08/2023,858.75,3020000
Semoule,21/08/2024,2220.55,7787200
Semoule,21/08/2025,1310,4585000
Semoule,21/09/2021,3334,12154300
Semoule,21/09/2022,757.1200000000001,2910459
Semoule,21/09/2023,570,1999000
Semoule,21/09/2024,2004.75,7034000
Semoule,21/09/2025,1920.3500000000001,6731400
Semoule,21/10/2021,3310,12088500
Semoule,21/10/2023,680.2,2410800
Semoule,21/10/2024,2080,7280000
Semoule,21/10/2025,2824.6499999999996,9898600
Semoule,21/11/2021,3675,13528250
Semoule,21/11/2022,704.11,2516529.5
Semoule,21/11/2023,657.7000000000003,2330800
Semoule,21/11/2024,2160.6,7582400
Semoule,21/12/2021,3036,10751500.2
Semoule,21/12/2022,590,2065000
Semoule,21/12/2023,2580,9030000
Semoule,21/12/2024,4299.25,15067000
Semoule,21/12/2025,1364.65,4788600
Semoule,22/01/2022,5455,19271750
Semoule,22/01/2023,662.3499999999999,2318225
Semoule,22/01/2024,2930,10263000
Semoule,22/01/2025,2780,9730000
Semoule,22/01/2026,4670,16345000
Semoule,22/02/2021,3347,12123400
Semoule,22/02/2022,550,2001500
Semoule,22/02/2023,680,2380000
Semoule,22/02/2024,2692,9423000
Semoule,22/02/2025,3151.95,11052800
Semoule,22/02/2026,4408.9,15450600
Semoule,22/03/2021,4557,16220150
Semoule,22/03/2022,630.66,2458800
Semoule,22/03/2023,2877.5,10224250
Semoule,22/03/2025,2040,7140000
Semoule,22/04/2021,4699,17141050
Semoule,22/04/2024,2470,8645000
Semoule,22/04/2025,2090,7315000
Semoule,22/04/2026,3827.35,13404400
Semoule,22/05/2021,5363,19396350
Semoule,22/05/2022,1109.94,4196146
Semoule,22/05/2023,780,2730000
Semoule,22/05/2024,2050,7175000
Semoule,22/05/2025,2740,9590000
Semoule,22/06/2021,3861,13747450
Semoule,22/06/2022,931.5,3353400
Semoule,22/06/2023,520,1820000
Semoule,22/06/2024,2157.63,7570520
Semoule,22/06/2025,2320.5,8122000
Semoule,22/06/2026,3248,11368000
Semoule,22/07/2021,538,1960600
Semoule,22/07/2023,711.25,2505000
Semoule,22/07/2024,1800,6300000
Semoule,22/07/2025,2798.84,9805360
Semoule,22/07/2026,1080,3780000
Semoule,22/08/2021,1182,4394900
Semoule,22/08/2022,640,2464500
Semoule,22/08/2023,480,1680000
Semoule,22/08/2024,1950,6825000
Semoule,22/08/2026,5236.5,18345000
Semoule,22/09/2021,3568,12842600
Semoule,22/09/2022,696,2682000
Semoule,22/09/2024,1920,6720000
Semoule,22/09/2025,1430,5005000
Semoule,22/10/2022,440,1665000
Semoule,22/10/2023,630,2209000
Semoule,22/10/2024,2209.95,7754650
Semoule,22/10/2025,2480,8680000
Semoule,22/11/2021,2651.8599999999997,9955577
Semoule,22/11/2022,620,2170000
Semoule,22/11/2023,570,1995000
Semoule,22/11/2025,3444,12066000
Semoule,22/12/2021,3851,13622750.2
Semoule,22/12/2022,860,3010000
Semoule,22/12/2024,4270,14945000
Semoule,22/12/2025,1040,3640000
Semoule,23/01/2021,6685,23658500
Semoule,23/01/2022,3160,11155000
Semoule,23/01/2023,690,2415000
Semoule,23/01/2024,3020,10570000
Semoule,23/01/2025,3870,13545000
Semoule,23/02/2021,3371,11976200
Semoule,23/02/2022,480,1791000
Semoule,23/02/2023,710,2485000
Semoule,23/02/2025,5380,18830000
Semoule,23/02/2026,4450,15575000
Semoule,23/03/2021,3311,11969450
Semoule,23/03/2022,931,3556750
Semoule,23/03/2023,3464,12298400
Semoule,23/03/2024,2900,10150000
Semoule,23/03/2025,2070,7245000
Semoule,23/03/2026,2550,8925000
Semoule,23/04/2022,855,3105750
Semoule,23/04/2023,1320.33,4665006
Semoule,23/04/2024,2540,8890000
Semoule,23/04/2025,2330,8155000
Semoule,23/04/2026,3310,11585000
Semoule,23/05/2021,4406,15793200
Semoule,23/05/2022,908.2,3435270
Semoule,23/05/2023,550.12,1925750
Semoule,23/05/2024,2150,7525000
Semoule,23/05/2026,2060,7210000
Semoule,23/06/2021,4264.04,15236969.96
Semoule,23/06/2022,936,3369600
Semoule,23/06/2024,1820,6370000
Semoule,23/06/2025,1342.75,4711000
Semoule,23/06/2026,2376,8316000
Semoule,23/07/2022,680,2608500
Semoule,23/07/2023,690,2415000
Semoule,23/07/2024,1870,6545000
Semoule,23/07/2025,2840,9940000
Semoule,23/07/2026,1169.05,4101200
Semoule,23/08/2021,1246,4682200
Semoule,23/08/2022,540,2104500
Semoule,23/08/2023,630,2205000
Semoule,23/08/2025,1590,5565000
Semoule,23/08/2026,4948,17318000
Semoule,23/09/2021,3840,13773500
Semoule,23/09/2023,613,2167000
Semoule,23/09/2024,420,1470000
Semoule,23/09/2025,1480,5180000
Semoule,23/10/2021,6094,21989700
Semoule,23/10/2022,460,1737000
Semoule,23/10/2023,610,2135000
Semoule,23/10/2024,2150,7525000
Semoule,23/10/2025,1900,6650000
Semoule,23/11/2021,3705,13664250
Semoule,23/11/2022,650.25,2275875
Semoule,23/11/2023,570,1995000
Semoule,23/11/2024,2190,7665000
Semoule,23/11/2025,3550.2,12425800
Semoule,23/12/2021,3615,12799750
Semoule,23/12/2023,2537.9000000000005,8916600
Semoule,23/12/2024,3480,12180000
Semoule,23/12/2025,2580,9030000
Semoule,24/01/2021,3952,14188400
Semoule,24/01/2022,2823.04,10008907.64
Semoule,24/01/2023,650,2275000
Semoule,24/01/2024,2820,9870000
Semoule,24/01/2026,3750,13125000
Semoule,24/02/2021,4034,14539300
Semoule,24/02/2022,445,1624250
Semoule,24/02/2024,3090,10815000
Semoule,24/02/2025,5150.6,18027400
Semoule,24/02/2026,3594.3,12582050
Semoule,24/03/2021,4418,16150600
Semoule,24/03/2022,1001,3800950
Semoule,24/03/2024,2490,8715000
Semoule,24/03/2025,2070,7245000
Semoule,24/03/2026,2050,7175000
Semoule,24/04/2021,6174,22259300
Semoule,24/04/2022,1117.8,4052830
Semoule,24/04/2023,1980,6930000
Semoule,24/04/2024,2990,10465000
Semoule,24/04/2025,1460,5110000
Semoule,24/05/2021,3936,14622700
Semoule,24/05/2022,1019,3834150
Semoule,24/05/2023,520,1820000
Semoule,24/05/2025,3730,13055000
Semoule,24/05/2026,2800,9800000
Semoule,24/06/2021,3401,12112126
Semoule,24/06/2023,580,2030000
Semoule,24/06/2024,2140,7490000
Semoule,24/06/2025,2040,7140000
Semoule,24/06/2026,2246,7861000
Semoule,24/07/2021,3972,14223400
Semoule,24/07/2022,732.28,2818956
Semoule,24/07/2023,650,2275000
Semoule,24/07/2024,1870,6545000
Semoule,24/07/2025,2770,9695000
Semoule,24/08/2021,3382,12034900
Semoule,24/08/2022,640,2464500
Semoule,24/08/2023,650,2275000
Semoule,24/08/2024,2280.7,7982800
Semoule,24/08/2025,2424.2,8496800
Semoule,24/08/2026,3556,12446000
Semoule,24/09/2022,690,2644500
Semoule,24/09/2023,580,2030000
Semoule,24/09/2024,1370,4795000
Semoule,24/09/2025,1380,4830000
Semoule,24/10/2021,1710,6305500
Semoule,24/10/2022,557.1500000000003,2153617.5
Semoule,24/10/2023,580,2030000
Semoule,24/10/2024,2010,7035000
Semoule,24/11/2021,3638.3599999999997,13642726
Semoule,24/11/2022,500,1750000
Semoule,24/11/2024,2140,7490000
Semoule,24/11/2025,3310,11585000
Semoule,24/12/2022,990.0300000000002,3465946
Semoule,24/12/2023,2590,9065000
Semoule,24/12/2024,3620,12680000
Semoule,24/12/2025,1800,6300000
Semoule,25/01/2021,2966,10983700
Semoule,25/01/2022,3460,12295000
Semoule,25/01/2023,630,2205000
Semoule,25/01/2024,2860,10010000
Semoule,25/01/2025,2490,8715000
Semoule,25/01/2026,3660.2,12810800
Semoule,25/02/2021,4205,14844000
Semoule,25/02/2023,680,2380000
Semoule,25/02/2024,2890,10115000
Semoule,25/02/2025,4620,16170000
Semoule,25/02/2026,2620,9170000
Semoule,25/03/2021,3686.46,13569254.42
Semoule,25/03/2023,4450.04,15808168
Semoule,25/03/2024,2810,9835000
Semoule,25/03/2025,1940,6790000
Semoule,25/03/2026,4880,17080000
Semoule,25/04/2021,3281.4,11990930
Semoule,25/04/2022,1442.5,5221500
Semoule,25/04/2023,1800,6300000
Semoule,25/04/2024,3270.5,11455000
Semoule,25/04/2026,3610,12635000
Semoule,25/05/2021,4198,15180600
Semoule,25/05/2022,1023,3848550
Semoule,25/05/2023,470,1645000
Semoule,25/05/2024,2120,7420000
Semoule,25/05/2025,1600,5600000
Semoule,25/05/2026,2180,7630000
Semoule,25/06/2022,652.6200000000001,2372139
Semoule,25/06/2023,670,2345000
Semoule,25/06/2024,1950,6825000
Semoule,25/06/2025,2060,7210000
Semoule,25/06/2026,3622,12677000
Semoule,25/07/2021,2452,8733900
Semoule,25/07/2022,690,2644500
Semoule,25/07/2023,580,2030000
Semoule,25/07/2024,1660,5810000
Semoule,25/07/2026,2620,9170000
Semoule,25/08/2021,4291.389999999999,15317775.5
Semoule,25/08/2022,640,2464500
Semoule,25/08/2024,2530,8855000
Semoule,25/08/2025,2240,7840000
Semoule,25/08/2026,2648,9268000
Semoule,25/09/2021,6446.54,23193533
Semoule,25/09/2022,690,2644500
Semoule,25/09/2023,570,1995000
Semoule,25/09/2024,1740.3,6091200
Semoule,25/09/2025,1690,5915000
Semoule,25/10/2021,1975.25,7357620
Semoule,25/10/2022,640,2385000
Semoule,25/10/2023,600.5,2101750
Semoule,25/10/2025,2620,9170000
Semoule,25/11/2021,3800,14120200
Semoule,25/11/2023,600,2100000
Semoule,25/11/2024,1910,6685000
Semoule,25/11/2025,3490,12215000
Semoule,25/12/2021,5886.8099999999995,21091130.92
Semoule,25/12/2022,1070,3745000
Semoule,25/12/2023,2490,8715000
Semoule,25/12/2024,4030,14105000
Semoule,25/12/2025,760,2660000
Semoule,26/01/2021,2460,8993500
Semoule,26/01/2022,3520,12434000
Semoule,26/01/2023,500,1750000
Semoule,26/01/2025,2620,9170000
Semoule,26/01/2026,2770.4,9696600
Semoule,26/02/2022,485,1809250
Semoule,26/02/2023,650,2275000
Semoule,26/02/2024,2852,9983000
Semoule,26/02/2025,4020,14080000
Semoule,26/02/2026,3370,11795000
Semoule,26/03/2022,1037.42,4098975
Semoule,26/03/2023,3210,11379000
Semoule,26/03/2024,2900,10150000
Semoule,26/03/2025,2010,7035000
Semoule,26/03/2026,1531.4,5370600
Semoule,26/04/2021,2806.88,10229215.64
Semoule,26/04/2022,1957.8,7082330
Semoule,26/04/2023,1560,5460000
Semoule,26/04/2025,2390,8365000
Semoule,26/04/2026,2500,8750000
Semoule,26/05/2021,5168,18464600
Semoule,26/05/2022,1030,3873000
Semoule,26/05/2024,1930,6755000
Semoule,26/05/2025,3140,10990000
Semoule,26/05/2026,1360,4760000
Semoule,26/06/2021,5787,20638650
Semoule,26/06/2022,918.6,3306960
Semoule,26/06/2023,740,2590000
Semoule,26/06/2024,2060,7210000
Semoule,26/06/2025,600,2100000
Semoule,26/07/2021,4228,15013100
Semoule,26/07/2022,690,2644500
Semoule,26/07/2023,1000,3500000
Semoule,26/07/2025,2160,7560000
Semoule,26/07/2026,2616,9156000
Semoule,26/08/2021,4102,14661576
Semoule,26/08/2023,810,2835000
Semoule,26/08/2024,2600,9100000
Semoule,26/08/2025,1790,6265000
Semoule,26/08/2026,2658,9303000
Semoule,26/09/2021,4032,14644900
Semoule,26/09/2022,660,2536500
Semoule,26/09/2023,550,1925000
Semoule,26/09/2024,2060.4,7211600
Semoule,26/10/2021,3711,13641750
Semoule,26/10/2022,766,2854500
Semoule,26/10/2023,580,2030000
Semoule,26/10/2024,2100,7350000
Semoule,26/10/2025,3170,11095000
Semoule,26/11/2022,600,2100000
Semoule,26/11/2023,570,1995000
Semoule,26/11/2024,1920,6720000
Semoule,26/11/2025,3060,10710000
Semoule,26/12/2021,4050,14314000
Semoule,26/12/2022,1130,3955000
Semoule,26/12/2023,2780,9730000
Semoule,26/12/2024,4550,15925000
Semoule,27/01/2021,2261,8178200
Semoule,27/01/2022,3935,13916750
Semoule,27/01/2024,2940,10290000
Semoule,27/01/2025,3690,12915000
Semoule,27/01/2026,4295,15032500
Semoule,27/02/2021,7599,27056300
Semoule,27/02/2022,480,1791000
Semoule,27/02/2023,700,2450000
Semoule,27/02/2024,2740,9590000
Semoule,27/02/2025,3470,12145000
Semoule,27/03/2021,6681,23810450
Semoule,27/03/2022,938.9600000000002,3556121.46
Semoule,27/03/2023,3889,13762000
Semoule,27/03/2024,2950,10325000
Semoule,27/03/2025,1790,6265000
Semoule,27/04/2021,4056.3999999999996,14806680
Semoule,27/04/2022,1972.4,7129390
Semoule,27/04/2023,1720,6020000
Semoule,27/04/2024,3140,10990000
Semoule,27/04/2025,2230,7805000
Semoule,27/04/2026,3000,10500000
Semoule,27/05/2021,4921,17706126
Semoule,27/05/2023,680,2380000
Semoule,27/05/2024,2250,7875000
Semoule,27/05/2025,2620,9170000
Semoule,27/06/2021,6842,24223900
Semoule,27/06/2022,801.5,2885400
Semoule,27/06/2023,720,2520000
Semoule,27/06/2024,1740,6090000
Semoule,27/06/2026,1582,5537000
Semoule,27/07/2021,4166,14890200
Semoule,27/07/2022,700,2680500
Semoule,27/07/2023,1020,3570000
Semoule,27/07/2024,1840,6440000
Semoule,27/07/2025,3130,10955000
Semoule,27/07/2026,3170,11095000
Semoule,27/08/2022,590,2284500
Semoule,27/08/2023,700,2450000
Semoule,27/08/2024,2740,9590000
Semoule,27/08/2025,1920,6720000
Semoule,27/08/2026,3862,13517000
Semoule,27/09/2021,3710,13577000
Semoule,27/09/2022,630,2428500
Semoule,27/09/2023,560,1960000
Semoule,27/09/2025,2120,7420000
Semoule,27/10/2021,3490,13121000
Semoule,27/10/2022,370,1413000
Semoule,27/10/2024,2200,7700000
Semoule,27/10/2025,1960,6860000
Semoule,27/11/2021,7206,26489900
Semoule,27/11/2022,480,1680000
Semoule,27/11/2023,550,1925000
Semoule,27/11/2024,1990,6965000
Semoule,27/11/2025,2270,7945000
Semoule,27/12/2021,3652,12968900
Semoule,27/12/2022,1450,5075000
Semoule,27/12/2023,2670,9345000
Semoule,27/12/2025,570,1995000
Semoule,28/01/2021,2260.71,8122560.92
Semoule,28/01/2023,670,2345000
Semoule,28/01/2024,2810.1,9851350
Semoule,28/01/2025,2790,9765000
Semoule,28/01/2026,1590,5565000
Semoule,28/02/2021,2260,7995000
Semoule,28/02/2022,450,1642500
Semoule,28/02/2023,712.75,2494625
Semoule,28/02/2024,3050,10675000
Semoule,28/02/2026,4100,14350000
Semoule,28/03/2021,3370,12394000
Semoule,28/03/2022,1015,3858850
Semoule,28/03/2023,4004,14184600
Semoule,28/03/2024,2790,9765000
Semoule,28/03/2026,2270,7945000
Semoule,28/04/2021,4262.4,15705380
Semoule,28/04/2022,3215.4,11618190
Semoule,28/04/2024,2440,8540000
Semoule,28/04/2025,1310,4585000
Semoule,28/04/2026,3530,12355000
Semoule,28/05/2022,575,2186950
Semoule,28/05/2023,780,2730000
Semoule,28/05/2024,1820,6380000
Semoule,28/05/2025,1980,6930000
Semoule,28/06/2021,2942,10564488
Semoule,28/06/2022,918.1,3305160
Semoule,28/06/2025,650,2275000
Semoule,28/06/2026,1872,6552000
Semoule,28/07/2021,3933.76,14107612
Semoule,28/07/2022,400,1521000
Semoule,28/07/2024,1920,6720000
Semoule,28/07/2025,3150,11025000
Semoule,28/07/2026,3118,10913000
Semoule,28/08/2021,6236,22251700
Semoule,28/08/2022,590,2284500
Semoule,28/08/2023,820,2876000
Semoule,28/08/2024,2490,8715000
Semoule,28/08/2025,3070,10745000
Semoule,28/09/2021,4058,14584600
Semoule,28/09/2022,630,2428500
Semoule,28/09/2023,580,2030000
Semoule,28/09/2024,1970,6895000
Semoule,28/09/2025,1740,6090000
Semoule,28/10/2021,3776,13730376
Semoule,28/10/2023,600,2100000
Semoule,28/10/2024,2070,7245000
Semoule,28/10/2025,3470,12145000
Semoule,28/11/2021,3970.25,14718412.5
Semoule,28/11/2022,730,2555000
Semoule,28/11/2023,560.3,1961050
Semoule,28/11/2024,2360,8268000
Semoule,28/12/2021,3555,13014250
Semoule,28/12/2022,1400,4900000
Semoule,28/12/2023,2500,8750000
Semoule,28/12/2024,4080,14280000
Semoule,28/12/2025,2140,7490000
Semoule,29/01/2022,4770,17058300
Semoule,29/01/2023,550,1925000
Semoule,29/01/2024,2830,9905000
Semoule,29/01/2025,3770,13195000
Semoule,29/01/2026,2520,8820000
Semoule,29/02/2024,3160,11060000
Semoule,29/03/2021,2752,10020400
Semoule,29/03/2022,1221,4600750
Semoule,29/03/2023,3802,13427400
Semoule,29/03/2025,1530,5355000
Semoule,29/03/2026,430.3,1506200
Semoule,29/04/2021,4392.4,15914880
Semoule,29/04/2023,5010,17535000
Semoule,29/04/2024,1820,6370000
Semoule,29/04/2025,1000,3500000
Semoule,29/04/2026,2030,7105000
Semoule,29/05/2021,4628.65,17024067.5
Semoule,29/05/2022,1009.4,3766240
Semoule,29/05/2023,770,2695000
Semoule,29/05/2024,1670,5845000
Semoule,29/05/2025,4720,16520000
Semoule,29/06/2021,3002,10779400
Semoule,29/06/2022,690.2,2484720
Semoule,29/06/2024,1840,6440000
Semoule,29/06/2025,1640,5740000
Semoule,29/06/2026,2198,7693000
Semoule,29/07/2021,4230,15127000
Semoule,29/07/2023,1100,3850000
Semoule,29/07/2024,1710,5985000
Semoule,29/07/2025,1540,5390000
Semoule,29/07/2026,2888,10108000
Semoule,29/08/2021,4182,15039900
Semoule,29/08/2022,670,2628600
Semoule,29/08/2023,750,2625000
Semoule,29/08/2024,2460,8610000
Semoule,29/08/2026,3606,12621000
Semoule,29/09/2021,4048,14626600
Semoule,29/09/2022,670,2652000
Semoule,29/09/2024,2000,7000000
Semoule,29/09/2025,2380,8330000
Semoule,29/10/2022,550,2061000
Semoule,29/10/2023,570,1995000
Semoule,29/10/2024,2210,7735000
Semoule,29/10/2025,3350,11725000
Semoule,29/11/2021,1746.8400000000001,6518931.4399999995
Semoule,29/11/2022,480,1680000
Semoule,29/11/2023,560,1960000
Semoule,29/11/2025,2810,9835000
Semoule,29/12/2021,4359,15774650
Semoule,29/12/2022,1510,5285000
Semoule,29/12/2024,2860,10010000
Semoule,29/12/2025,1920,6720000
Semoule,30/01/2021,8011,28075700
Semoule,30/01/2022,3845.5,13789800
Semoule,30/01/2023,700,2450000
Semoule,30/01/2024,2930,10255000
Semoule,30/01/2025,2050,7175000
Semoule,30/03/2021,2210.2,8240220
Semoule,30/03/2022,1751,6508750
Semoule,30/03/2023,3450,12082000
Semoule,30/03/2024,2880,10080000
Semoule,30/03/2025,830,2905000
Semoule,30/03/2026,2430,8505000
Semoule,30/04/2022,3365,12155750
Semoule,30/04/2023,3320,11620000
Semoule,30/04/2024,2430,8505000
Semoule,30/04/2025,1730.3,6062200
Semoule,30/04/2026,1040,3640000
Semoule,30/05/2021,3617,12972150
Semoule,30/05/2022,777.3,2809130
Semoule,30/05/2023,500,1750000
Semoule,30/05/2024,1700,5950000
Semoule,30/05/2026,3960,13860000
Semoule,30/06/2021,2784,9940300
Semoule,30/06/2022,931,3351500
Semoule,30/06/2024,1880,6580000
Semoule,30/06/2025,400.25,1401000
Semoule,30/06/2026,1250,4375000
Semoule,30/07/2023,840,2940000
Semoule,30/07/2024,1620,5670000
Semoule,30/07/2025,1650,5775000
Semoule,30/07/2026,3734,13069000
Semoule,30/08/2021,3080,11224000
Semoule,30/08/2022,660,2592600
Semoule,30/08/2023,760,2660000
Semoule,30/08/2025,1620,5670000
Semoule,30/08/2026,3062,10717000
Semoule,30/09/2021,4622,16676900
Semoule,30/09/2023,590,2065000
Semoule,30/09/2024,2530,8855000
Semoule,30/09/2025,2014.2,7051800
Semoule,30/10/2021,5347,19646250
Semoule,30/10/2022,450,1701000
Semoule,30/10/2023,610,2135000
Semoule,30/10/2024,2100,7350000
Semoule,30/10/2025,2570,8995000
Semoule,30/11/2021,3580,13314700
Semoule,30/11/2022,490,1715000
Semoule,30/11/2023,520,1820000
Semoule,30/11/2024,1850,6475000
Semoule,30/11/2025,1810,6335000
Semoule,30/12/2021,3458,12268000
Semoule,30/12/2023,2730,9555000
Semoule,30/12/2024,3430,12005000
Semoule,30/12/2025,3700,12954000
Semoule,31/01/2021,4630,16195000
Semoule,31/01/2022,3612.2799999999997,12988886
Semoule,31/01/2023,680,2380000
Semoule,31/01/2024,2930.4,10256600
Semoule,31/01/2026,3250,11375000
Semoule,31/03/2021,4447,16090150
Semoule,31/03/2022,2080.98,7717925
Semoule,31/03/2023,3600,12600000
Semoule,31/03/2024,2890,10115000
Semoule,31/03/2026,4420,15470000
Semoule,31/05/2021,2978,10742100
Semoule,31/05/2022,794,2932050
Semoule,31/05/2023,590,2065000
Semoule,31/05/2025,1720,6020000
Semoule,31/05/2026,1880,6580000
Semoule,31/07/2021,7301,25978950
Semoule,31/07/2022,374,1450500
Semoule,31/07/2023,930,3255000
Semoule,31/07/2024,1600,5600000
Semoule,31/07/2025,1630,5705000
Semoule,31/08/2021,4434.2,15848020
Semoule,31/08/2022,680,2664600
Semoule,31/08/2023,640,2240000
Semoule,31/08/2024,2540,8890000
Semoule,31/08/2025,2080,7280000
Semoule,31/08/2026,4048,14168000
Semoule,31/10/2021,4115,14839750
Semoule,31/10/2022,544,2110800
Semoule,31/10/2023,570,1995000
Semoule,31/10/2024,2000,7000000
Semoule,31/12/2021,51,195750
Semoule,31/12/2022,842.0799999999999,2948411
Semoule,31/12/2023,2480,8680000
Semoule,31/12/2024,2090,7315000
Semoule,31/12/2025,1820,6370000
Son,01/01/2021,3769.5999999999995,5590913.3
Son,01/01/2022,996.2,1667329.8
Son,01/01/2023,1146.2,1733742.1199999999
Son,01/01/2024,793,1427400
Son,01/01/2025,1493.6,2688480
Son,01/01/2026,532.4,958320
Son,01/02/2021,3817.6,6176758.1
Son,01/02/2022,396.4,599594.64
Son,01/02/2023,855.8,1294483.0799999998
Son,01/02/2024,1797.3999999999996,3235320
Son,01/02/2025,2262.2,4071960
Son,01/02/2026,941.4,1694520
Son,01/03/2021,3678.8,6340269.2
Son,01/03/2022,364,550586.3999999999
Son,01/03/2023,564.8,854316.48
Son,01/03/2024,1545.6000000000001,2782080
Son,01/03/2025,1601,2881800
Son,01/03/2026,2164.8,3896640
Son,01/04/2021,2244.6,3931216.4799999995
Son,01/04/2023,1690.6000000000001,2557201.5599999996
Son,01/04/2024,1832.3999999999999,3298320
Son,01/04/2026,1924.2,3463560
Son,01/05/2021,2205.4,3666664.9200000004
Son,01/05/2022,222.4,336402.24
Son,01/05/2023,1088,1645708.7999999998
Son,01/05/2024,1011.4,1820520
Son,01/05/2025,1173.6,2112480
Son,01/05/2026,1903.4000000000003,3426120
Son,01/06/2021,2924.8,5943001.84
Son,01/06/2022,631.4000000000001,955055.6399999999
Son,01/06/2023,833,1499400
Son,01/06/2024,1787.6000000000001,3217680
Son,01/06/2025,1358.8010000000002,2445841.8
Son,01/06/2026,2045.7999999999997,3682440
Son,01/07/2021,968.8,1670894.72
Son,01/07/2022,579.4,876400.44
Son,01/07/2023,648.6,1167480
Son,01/07/2024,1832.6,3298680
Son,01/07/2025,1126.8,2028240
Son,01/07/2026,1781.9999999999998,3207600
Son,01/08/2021,950,1746999.72
Son,01/08/2022,248.4,375729.83999999997
Son,01/08/2023,673,1211400
Son,01/08/2024,1516.2,2729160
Son,01/08/2025,2337.0000000000005,4206600
Son,01/08/2026,2955.4,5319720
Son,01/09/2021,1606,2979864.3600000003
Son,01/09/2022,1089.6,1648128.96
Son,01/09/2023,1111.4,2000520
Son,01/09/2024,1285.6000000000001,2314080
Son,01/09/2025,2224.6000000000004,4004280
Son,01/09/2026,1882.6,3388680
Son,01/10/2021,2195,4371485.5200000005
Son,01/10/2022,931.8,1409440.6799999997
Son,01/10/2023,831.8,1497240
Son,01/10/2024,1983.6,3570480
Son,01/10/2025,2327.4,4189320
Son,01/11/2021,1206.8,1825405.68
Son,01/11/2022,1222.4,1849002.24
Son,01/11/2023,878.6,1581480
Son,01/11/2024,1926.8,3468240
Son,01/11/2025,2695.2,4851360
Son,01/12/2021,1926.8,3273849
Son,01/12/2022,1331.2,2013573.1199999999
Son,01/12/2023,594.4000000000001,1069920
Son,01/12/2024,1918,3452400
Son,01/12/2025,1258.8,2265840
Son,02/01/2021,3532.4,5094180.4
Son,02/01/2022,477.20000000000005,921058.8
Son,02/01/2023,1651.4,2497907.6399999997
Son,02/01/2024,1539.2,2770560
Son,02/01/2025,2231.401,4016521.8
Son,02/02/2021,3401,5834276
Son,02/02/2022,571,863694.6
Son,02/02/2023,968.4,1464801.8399999999
Son,02/02/2024,1048.4,1887120
Son,02/02/2025,1158,2084400
Son,02/02/2026,1547.9999999999998,2786400
Son,02/03/2021,3077.7999999999997,5289263.080000001
Son,02/03/2023,1159.1999999999998,1753405.92
Son,02/03/2024,2331.6000000000004,4196880
Son,02/03/2025,936,1684800
Son,02/03/2026,1687.1999999999998,3036960
Son,02/04/2021,2080.4,3146813.04
Son,02/04/2022,450.4,681275.04
Son,02/04/2023,1797.2,2718444.7199999997
Son,02/04/2024,2050.2,3690360
Son,02/04/2026,1716.1999999999998,3089160
Son,02/05/2021,1599.2,2884182.24
Son,02/05/2023,1213.4,1835388.8399999996
Son,02/05/2024,1620.3999999999999,2916720
Son,02/05/2026,2700,4860000
Son,02/06/2021,2457,5198427.32
Son,02/06/2022,1169,1768229.4
Son,02/06/2023,731.8,1317240
Son,02/06/2024,1315.3999999999999,2367720
Son,02/06/2025,1731.6000000000001,3116880
Son,02/06/2026,1522.6,2740680
Son,02/07/2021,373.20000000000005,630983.6799999999
Son,02/07/2022,176.8,267427.68
Son,02/07/2023,1334.2,2401560
Son,02/07/2024,1698.3999999999999,3057120
Son,02/07/2025,1667,3000600
Son,02/07/2026,1800.4,3240720
Son,02/08/2021,626.01,1017278.12
Son,02/08/2022,121.2,183327.12
Son,02/08/2023,1514.8,2726640
Son,02/08/2024,900.8,1621440
Son,02/08/2025,1863.3999999999999,3354120
Son,02/08/2026,2459.8,4427640
Son,02/09/2021,1851.4,3433997.28
Son,02/09/2022,1264.6,1912833.96
Son,02/09/2023,695,1251000
Son,02/09/2024,1680.8,3025440
Son,02/09/2025,1823.3999999999999,3282120
Son,02/09/2026,1374.4,2473920
Son,02/10/2021,2256.6000000000004,4615975.92
Son,02/10/2022,1079.8,1633305.4799999997
Son,02/10/2023,482.4,868320
Son,02/10/2024,1846.9999999999998,3324600
Son,02/10/2025,2147.4,3865320
Son,02/11/2021,1871,2938273.68
Son,02/11/2022,851.2,1287525.1199999999
Son,02/11/2023,1179.801,2123641.8
Son,02/11/2024,2696.6,4853880
Son,02/11/2025,1396,2512800
Son,02/12/2021,1651.6,2816228.5200000005
Son,02/12/2022,1197.6,1811489.7599999998
Son,02/12/2023,1076.2,1937160
Son,02/12/2024,2245.6,4042080
Son,02/12/2025,1565.2,2817360
Son,03/01/2021,1390.4,2228541.4
Son,03/01/2022,575.4,870350.04
Son,03/01/2023,1692.2000000000003,2559621.7199999997
Son,03/01/2024,1780.4000000000003,3204720
Son,03/01/2025,1160.2,2088360
Son,03/02/2021,3269.8,6064545.2
Son,03/02/2022,660.4000000000001,998921.04
Son,03/02/2023,769.8,1164399.48
Son,03/02/2024,1739.8000000000002,3131640
Son,03/02/2025,1739,3130200
Son,03/02/2026,2042,3675600
Son,03/03/2021,2977,5465920.120000001
Son,03/03/2022,615.2,930551.5199999999
Son,03/03/2023,508.6,769308.36
Son,03/03/2024,1523.7999999999997,2742840
Son,03/03/2025,1936.1999999999998,3485160
Son,03/03/2026,2273.2000000000003,4091760
Son,03/04/2021,3133.7999999999997,5314302.360000001
Son,03/04/2022,543.8,822551.88
Son,03/04/2023,1152.6,1743422.76
Son,03/04/2024,1445.9999999999998,2602800
Son,03/04/2025,268.8,483840
Son,03/04/2026,1802.7999999999997,3245040
Son,03/05/2021,2535.0000000000005,4461899.72
Son,03/05/2023,1347.6,2038379.7599999998
Son,03/05/2024,960.8,1729440
Son,03/05/2025,1374.4,2473920
Son,03/05/2026,3610.8,6499440
Son,03/06/2021,1787.3999999999999,3985739.12
Son,03/06/2023,1056.3999999999999,1901520
Son,03/06/2024,1346,2422800
Son,03/06/2025,2018.6000000000001,3633480
Son,03/06/2026,2215.2000000000003,3987360
Son,03/07/2021,1202.8,2127294.6
Son,03/07/2022,125.4,189680.04
Son,03/07/2023,1105.4,1989720
Son,03/07/2024,1271,2287800
Son,03/07/2025,933.2,1679760
Son,03/07/2026,1781.3999999999999,3206520
Son,03/08/2021,852.2,1289037.72
Son,03/08/2022,397.20000000000005,600804.72
Son,03/08/2023,586.8,1056240
Son,03/08/2024,1695.2,3051360
Son,03/08/2025,2323.8,4182840
Son,03/08/2026,2349.6,4229280
Son,03/09/2021,726.2,1401078.6
Son,03/09/2022,958.1999999999998,1449373.3199999998
Son,03/09/2023,1048.2,1886760
Son,03/09/2024,1508,2714400
Son,03/09/2025,1345.2,2421360
Son,03/09/2026,1781.4,3206520
Son,03/10/2021,1979,3814620.5999999996
Son,03/10/2022,848.2,1282987.3199999998
Son,03/10/2023,1162,2091600
Son,03/10/2024,1506.2,2711160
Son,03/10/2025,1527.6000000000001,2749680
Son,03/11/2021,1483.4,2243790.84
Son,03/11/2022,1378.8000000000002,2085572.88
Son,03/11/2023,1056,1900800
Son,03/11/2024,1803.4,3246120
Son,03/11/2025,1934.6,3482280
Son,03/12/2021,1496.8000000000002,2418898.3200000003
Son,03/12/2022,1201.8000000000002,1817842.6799999997
Son,03/12/2023,759.6,1367280
Son,03/12/2024,1950.6,3511080
Son,03/12/2025,2086.2,3755160
Son,04/01/2021,1814,2593291.5999999996
Son,04/01/2022,1323.8000000000002,2002379.8799999997
Son,04/01/2023,1609.2,2434075.92
Son,04/01/2024,1424.6,2564280
Son,04/01/2025,846.5999999999999,1523880
Son,04/02/2021,3617.6000000000004,6551606.199999999
Son,04/02/2022,1019.5999999999999,1542246.96
Son,04/02/2023,1546.6000000000001,2339387.1599999997
Son,04/02/2024,1832.0000000000002,3297600
Son,04/02/2025,1901.6,3422880
Son,04/02/2026,1932.3999999999999,3478320
Son,04/03/2021,3200.6,5385510.88
Son,04/03/2022,610.4,923291.0399999999
Son,04/03/2024,1637.8000000000002,2948040
Son,04/03/2025,1708.6,3075480
Son,04/03/2026,1137.4,2047320
Son,04/04/2021,1162.6,1758548.76
Son,04/04/2022,218.4,330351.83999999997
Son,04/04/2023,1755.4,2655218.0399999996
Son,04/04/2024,1956.8,3522240
Son,04/04/2025,276.6,497880.00000000006
Son,04/04/2026,2979.2000000000003,5362560
Son,04/05/2021,2505,4466564.44
Son,04/05/2023,865,1308399
Son,04/05/2024,1317.8000000000002,2372040
Son,04/05/2025,946,1702800
Son,04/05/2026,3057.6000000000004,5503680
Son,04/06/2021,2305.6,4509809.600000001
Son,04/06/2022,326.6,494015.1599999999
Son,04/06/2023,1133.6,2040480
Son,04/06/2024,1967.4,3541320
Son,04/06/2025,2332.3999999999996,4198320
Son,04/06/2026,2260.8,4069440
Son,04/07/2021,1207.8,2271914.48
Son,04/07/2022,110.4,166991.04
Son,04/07/2023,1503.8,2706840
Son,04/07/2024,1418.1999999999998,2552760
Son,04/07/2025,1833.3999999999999,3300120
Son,04/07/2026,751.5999999999999,1352880
Son,04/08/2021,356.6,539393.16
Son,04/08/2022,612.8,926921.2799999999
Son,04/08/2023,735,1323000
Son,04/08/2024,2033,3659400
Son,04/08/2025,2237,4026600
Son,04/08/2026,2797.2,5034960
Son,04/09/2021,1107,2204165.52
Son,04/09/2022,796,1204029.5999999999
Son,04/09/2023,708.4,1275120
Son,04/09/2024,1445.8,2602440
Son,04/09/2025,1616.0000000000002,2908800
Son,04/09/2026,1759.6000000000001,3167280
Son,04/10/2021,2053.7999999999997,3777976.08
Son,04/10/2022,1209.6,1829640.96
Son,04/10/2023,666.2,1199160
Son,04/10/2024,2058,3704400
Son,04/10/2025,1656.2,2981160
Son,04/11/2021,1884,2849738.4
Son,04/11/2022,563.4,852198.84
Son,04/11/2023,635,1143000
Son,04/11/2024,1937.1999999999998,3486960
Son,04/11/2025,2034.3999999999999,3661920
Son,04/12/2021,1127.2,1705002.72
Son,04/12/2022,1391,2104026.5999999996
Son,04/12/2023,387,696600
Son,04/12/2024,2085.2,3753360
Son,04/12/2025,2502.8,4505040
Son,05/01/2021,1894.1999999999998,2494570.8
Son,05/01/2022,1294.3999999999999,1957909.44
Son,05/01/2023,1409.4,2131858.44
Son,05/01/2024,1050,1890000
Son,05/01/2025,1207.8,2174040
Son,05/01/2026,700.1999999999999,1260360
Son,05/02/2021,2616.8,5030089.6
Son,05/02/2022,507.4,767493.24
Son,05/02/2023,910.2,1376768.52
Son,05/02/2024,875.8,1576440
Son,05/02/2025,1583.2,2849760
Son,05/02/2026,2568.8,4623840
Son,05/03/2021,2626.0000000000005,4382602.880000001
Son,05/03/2022,671.6,1015862.1599999999
Son,05/03/2023,710.8,1075156.0799999998
Son,05/03/2024,1511.6,2720880
Son,05/03/2025,2353.9000000000005,4237020
Son,05/03/2026,1560.4,2808720
Son,05/04/2021,1588.3999999999999,2546417.92
Son,05/04/2022,725.4000000000001,1097240.04
Son,05/04/2023,2262,3421501.1999999993
Son,05/04/2024,1014.2,1825560
Son,05/04/2025,1498.8000000000002,2697840
Son,05/04/2026,2150.6000000000004,3871080
Son,05/05/2021,2458.6,4309217.4799999995
Son,05/05/2023,1241,1877136.5999999999
Son,05/05/2024,1019.2,1834560
Son,05/05/2025,1194,2149200
Son,05/05/2026,2292,4125600
Son,05/06/2021,2383.2,4963781.68
Son,05/06/2023,480.6,865080
Son,05/06/2024,1764.4,3175920
Son,05/06/2025,2076.4,3737520
Son,05/06/2026,1137.1999999999998,2046960
Son,05/07/2021,448.2,677947.3200000001
Son,05/07/2023,584.6,1052280
Son,05/07/2024,1861.4,3350520
Son,05/07/2025,1721.2000000000003,3098160
Son,05/07/2026,488.4,879120
Son,05/08/2021,906.4000000000001,1465474.56
Son,05/08/2022,244.6,369981.95999999996
Son,05/08/2023,813.4,1464120
Son,05/08/2024,1827.6,3289680
Son,05/08/2025,1931.3999999999999,3476520
Son,05/08/2026,1699,3058200
Son,05/09/2021,1316,2327161.8
Son,05/09/2022,633.8,958685.8799999999
Son,05/09/2023,738.2,1328760
Son,05/09/2024,1748,3146400
Son,05/09/2025,1000.6,1801080
Son,05/09/2026,2133.3999999999996,3840120
Son,05/10/2021,2727.4,5062603.2
Son,05/10/2022,1253.2,1895590.3199999998
Son,05/10/2023,1189.1999999999998,2140560
Son,05/10/2024,2202.2,3963960
Son,05/10/2025,1457.6,2623680
Son,05/11/2021,1596.3999999999999,2494601.04
Son,05/11/2022,803.8000000000001,1215827.88
Son,05/11/2023,1240.6,2233080
Son,05/11/2024,2038.2000000000003,3668760
Son,05/11/2025,1987.2,3576960
Son,05/12/2021,1932.2,3292942.68
Son,05/12/2022,1424.8,2155152.48
Son,05/12/2023,1023.4000000000001,1842120
Son,05/12/2024,2231,4015800
Son,05/12/2025,1938.4,3489120
Son,06/01/2021,2987.399999999999,4075172.4
Son,06/01/2022,1255.8,1899523.08
Son,06/01/2023,1662,2513941.1999999997
Son,06/01/2024,1322.2,2379960
Son,06/01/2025,2125,3825000
Son,06/01/2026,599.2,1078560
Son,06/02/2021,3093.2,5744622.7
Son,06/02/2022,132.8,200873.28
Son,06/02/2023,1112.3999999999999,1682616.2399999998
Son,06/02/2024,1745.7999999999997,3142440
Son,06/02/2025,1586.2,2855160
Son,06/02/2026,891.2,1604160
Son,06/03/2021,3494.8,5568068.48
Son,06/03/2022,372.6,563594.76
Son,06/03/2024,1565.6000000000001,2818080
Son,06/03/2025,2138.3999999999996,3849120
Son,06/03/2026,853.2,1535760
Son,06/04/2021,1682.6000000000001,2664845.84
Son,06/04/2022,1108,1675960.7999999998
Son,06/04/2023,2736.6000000000004,4139381.159999999
Son,06/04/2024,2229.2000000000003,4012560
Son,06/04/2025,1753.8,3156840
Son,06/04/2026,2009.9999999999998,3618000
Son,06/05/2021,2622.3999999999996,4468856.68
Son,06/05/2022,1126.2,1703490.1199999999
Son,06/05/2023,1980.2,2995250.52
Son,06/05/2024,1369.8000000000002,2465640
Son,06/05/2025,1213.2,2183760
Son,06/05/2026,2059.2,3706560
Son,06/06/2021,3333.3999999999996,6091256.2
Son,06/06/2022,138.6,209646.36
Son,06/06/2023,802,1443600
Son,06/06/2024,1582.0000000000002,2847600
Son,06/06/2026,2949.6,5309280
Son,06/07/2021,670.4000000000001,1014047.0399999999
Son,06/07/2023,1443.3999999999999,2598120
Son,06/07/2024,1671.6,3008880
Son,06/07/2025,588.4,1059120
Son,06/07/2026,735.4,1323720
Son,06/08/2021,735,1111761
Son,06/08/2022,1157.8,1751288.2799999998
Son,06/08/2023,1234.2,2221560
Son,06/08/2024,1378.8,2481840
Son,06/08/2025,1796,3232800
Son,06/08/2026,1864.3999999999996,3355920
Son,06/09/2021,1931.4,3527045.04
Son,06/09/2022,1440.6,2179051.5599999996
Son,06/09/2023,591.6,1064880
Son,06/09/2024,446,802800
Son,06/09/2025,3759.3999999999996,6766920
Son,06/09/2026,1319,2374200
Son,06/10/2021,1900.2,3650785.3200000003
Son,06/10/2022,1156.2,1748868.1199999999
Son,06/10/2023,718.6,1293480
Son,06/10/2024,6039.599999999999,10871280
Son,06/10/2025,1744.1999999999998,3139560
Son,06/11/2021,1890,2997675.36
Son,06/11/2022,1512.8,2288261.28
Son,06/11/2023,952,1713600
Son,06/11/2024,1413.6,2544480
Son,06/11/2025,1856.6000000000001,3341880
Son,06/12/2021,625.2,1043185.92
Son,06/12/2022,1679,2539655.3999999994
Son,06/12/2023,620.8,1117440
Son,06/12/2024,1168,2102400
Son,06/12/2025,1270.6,2287080
Son,07/01/2021,3847.6000000000004,5529486
Son,07/01/2022,1291,2048512.7999999998
Son,07/01/2023,1492,2256799.1999999997
Son,07/01/2024,1941.2,3494160
Son,07/01/2025,2157.7999999999997,3884040
Son,07/01/2026,1960.6,3529080
Son,07/02/2021,2852,5062409.8
Son,07/02/2022,497.70000000000005,752821.02
Son,07/02/2023,675.2,1021307.52
Son,07/02/2024,2007.2,3612960
Son,07/02/2025,1843.4,3318120
Son,07/02/2026,1224.4,2203920
Son,07/03/2021,1501.2,2435691.12
Son,07/03/2022,905.3999999999999,1369508.04
Son,07/03/2023,140.4,212369.04
Son,07/03/2024,1479.3999999999999,2662920
Son,07/03/2025,1573.4,2832120
Son,07/03/2026,1946.6000000000001,3503880
Son,07/04/2021,2383.6,4081389.1200000006
Son,07/04/2022,741.6,1121744.16
Son,07/04/2023,1831.8000000000002,2770780.6799999997
Son,07/04/2024,1184.2,2131560
Son,07/04/2025,2192.2000000000003,3945960
Son,07/04/2026,2489,4480200
Son,07/05/2021,2275.4,3940959.92
Son,07/05/2022,889,1344701.4
Son,07/05/2023,1716.3999999999999,2596226.6399999997
Son,07/05/2024,1618.2,2912760
Son,07/05/2025,1190.201,2142361.8
Son,07/05/2026,2315,4167000
Son,07/06/2021,2310,4681858.68
Son,07/06/2022,1293,1955791.8
Son,07/06/2023,1372.4,2470320
Son,07/06/2024,1185.3999999999999,2133720
Son,07/06/2026,2649.4,4768920
Son,07/07/2021,561.4000000000001,849173.64
Son,07/07/2022,629,951425.3999999999
Son,07/07/2023,1168.2,2102760
Son,07/07/2024,1304.8,2348640
Son,07/07/2025,1539.6000000000001,2771280
Son,07/07/2026,2545.2,4581360
Son,07/08/2021,1207.6,2287724.76
Son,07/08/2022,473,715459.7999999999
Son,07/08/2023,842,1515600
Son,07/08/2024,1725.0000000000002,3105000
Son,07/08/2025,1775.8,3196440
Son,07/08/2026,1726.7999999999997,3108240
Son,07/09/2021,1861.2000000000003,3453989.88
Son,07/09/2022,950.8,1438180.0799999998
Son,07/09/2023,831.5999999999999,1496880
Son,07/09/2024,1703.2,3065760
Son,07/09/2025,2274.0000000000005,4093200
Son,07/10/2021,2003.2,3669718.92
Son,07/10/2022,1001.1999999999999,1514415.1199999996
Son,07/10/2023,1142.6000000000001,2056680
Son,07/10/2024,1842.6,3316680
Son,07/10/2025,1976.6,3557880
Son,07/11/2021,1148.6,1811502.2399999998
Son,07/11/2022,840.2,1270886.5199999998
Son,07/11/2023,632.8000000000001,1139040
Son,07/11/2024,2305.2,4149360
Son,07/11/2025,1592.4,2866320
Son,07/12/2021,1034,1841398.6800000002
Son,07/12/2022,1950.8,2950780.08
Son,07/12/2023,1643,2957400
Son,07/12/2024,1574.6000000000004,2834280
Son,07/12/2025,2107.3999999999996,3793320
Son,08/01/2021,3910.4000000000005,5849736.7
Son,08/01/2022,1608.1999999999996,2515974.1199999996
Son,08/01/2023,1524.1999999999998,2305504.92
Son,08/01/2024,700.2,1260360
Son,08/01/2025,2095.2,3771360
Son,08/01/2026,2402.6,4324680
Son,08/02/2021,3159.2000000000007,5868488.2
Son,08/02/2022,606.4,917240.6399999999
Son,08/02/2023,629.4000000000001,952030.44
Son,08/02/2024,1684.3999999999999,3031920
Son,08/02/2025,1984.2,3571560
Son,08/02/2026,2187,3936600
Son,08/03/2021,3006.2000000000003,5080738
Son,08/03/2022,358.6,542418.36
Son,08/03/2023,1325.4,2004800.0399999998
Son,08/03/2024,1268.8,2283840
Son,08/03/2025,2285.7999999999997,4114440
Son,08/03/2026,1571.3999999999999,2828520
Son,08/04/2021,1795.4,2998793.36
Son,08/04/2022,549.5999999999999,831324.96
Son,08/04/2023,2979.9999999999995,4507548
Son,08/04/2024,1210.2,2178360
Son,08/04/2025,1705.1999999999998,3069360
Son,08/04/2026,2063.3999999999996,3714120
Son,08/05/2021,2158.2,3659335.88
Son,08/05/2022,785.2,1187693.52
Son,08/05/2023,1251.6000000000001,1893170.16
Son,08/05/2024,1705.6,3070080
Son,08/05/2025,2191,3943800
Son,08/05/2026,967,1740600
Son,08/06/2021,1925.6000000000004,3803120.52
Son,08/06/2022,1156,1748565.5999999999
Son,08/06/2023,849.5999999999999,1529280
Son,08/06/2024,901.2,1622160
Son,08/06/2026,2045.3999999999999,3681720
Son,08/07/2021,683.4,1171397.4
Son,08/07/2022,262.8,397511.27999999997
Son,08/07/2023,1312.6000000000001,2362680
Son,08/07/2024,1333.0000000000002,2399400
Son,08/07/2025,1248.2,2246760
Son,08/07/2026,1207.2,2172960
Son,08/08/2021,1991.1999999999998,3463129.8
Son,08/08/2022,292.6,442586.76
Son,08/08/2023,832.4,1498320
Son,08/08/2024,1726.1999999999998,3107160
Son,08/08/2025,1618.8,2913840
Son,08/08/2026,2602,4683600
Son,08/09/2021,1533.8,2907778.3200000003
Son,08/09/2022,783.8,1185575.88
Son,08/09/2023,825.2,1485360
Son,08/09/2024,1038.4,1869120
Son,08/09/2025,2280.8,4105440
Son,08/10/2021,1502.6,2887958.04
Son,08/10/2022,912.8,1380701.28
Son,08/10/2023,624.5999999999999,1124280
Son,08/10/2024,1342.6,2416680
Son,08/10/2025,1905.1999999999998,3429360
Son,08/11/2021,477.6,722417.76
Son,08/11/2022,1613.4,2440428.84
Son,08/11/2023,997.6,1795680
Son,08/11/2024,1918.7999999999997,3453840
Son,08/11/2025,2269.4,4084920
Son,08/12/2021,1383,2563138.08
Son,08/12/2022,1648.6,2493672.3600000003
Son,08/12/2023,890.4000000000001,1602720
Son,08/12/2024,1298.6,2337480
Son,08/12/2025,1650.9999999999998,2971800
Son,09/01/2021,3627.2,5494242.100000001
Son,09/01/2022,1200,1889954.76
Son,09/01/2023,1186.6,1794851.16
Son,09/01/2024,1664.2,2995560
Son,09/01/2025,2156.3999999999996,3881520
Son,09/01/2026,1843.1999999999998,3317760
Son,09/02/2021,3000.8,5221871.2
Son,09/02/2022,513.8,777173.88
Son,09/02/2023,1048.2,1585507.3199999998
Son,09/02/2024,1169.2,2104560
Son,09/02/2025,1183.4,2130120
Son,09/02/2026,2188.4,3939120
Son,09/03/2021,3831.7999999999997,6481043.52
Son,09/03/2022,618,934786.8
Son,09/03/2023,1514.6,2290983.96
Son,09/03/2024,2035.1999999999998,3663360
Son,09/03/2025,1410,2538000
Son,09/03/2026,2004.8,3608640
Son,09/04/2021,2068.4,3364027.5999999996
Son,09/04/2022,515.8,780199.08
Son,09/04/2023,2642.4,3996894.24
Son,09/04/2024,1344.8,2420640
Son,09/04/2025,2141,3853800
Son,09/04/2026,2391.8,4305240
Son,09/05/2021,1459,2453797.48
Son,09/05/2022,575.6,870652.56
Son,09/05/2023,1525.8,2307925.08
Son,09/05/2024,1821.7999999999997,3279240
Son,09/05/2025,824.4000000000001,1483920
Son,09/05/2026,1257.6,2263680
Son,09/06/2021,1119,2053346.92
Son,09/06/2022,1113.6,1684431.3599999999
Son,09/06/2023,658.5999999999999,1185480
Son,09/06/2024,1286.6,2315880
Son,09/06/2025,245,441000
Son,09/06/2026,2545.7999999999997,4582440
Son,09/07/2023,1357.8,2444040
Son,09/07/2024,1818.4,3273120
Son,09/07/2025,2367.5999999999995,4261680
Son,09/07/2026,2087.4,3757320
Son,09/08/2021,1280.3999999999999,2204235
Son,09/08/2022,543.8,822551.88
Son,09/08/2023,600.6,1081080
Son,09/08/2024,971.4,1748520
Son,09/08/2025,1229.6,2213280
Son,09/08/2026,2726.8,4908240
Son,09/09/2021,1435.8,2683064.04
Son,09/09/2022,568.2,859459.3200000001
Son,09/09/2023,1273.1999999999998,2291760
Son,09/09/2024,1995.8000000000002,3592440
Son,09/09/2025,2521.2,4538160
Son,09/10/2021,1726.8000000000002,3507860.16
Son,09/10/2022,884.5999999999999,1338045.96
Son,09/10/2023,647.4,1165320
Son,09/10/2024,2368.6,4263480
Son,09/10/2025,1655.4,2979720
Son,09/11/2021,1367.8000000000002,2068934.2800000003
Son,09/11/2022,1087.2,1644498.7199999997
Son,09/11/2023,1118,2012400
Son,09/11/2024,1360.2,2448360
Son,09/11/2025,1779.1999999999998,3202560
Son,09/12/2021,1509.8,2660951.76
Son,09/12/2022,1014.8000000000001,1534986.48
Son,09/12/2023,860.2,1548360
Son,09/12/2024,1398.1999999999998,2516760
Son,09/12/2025,2293.8,4128840
Son,10/01/2021,3282,5208644.4
Son,10/01/2022,543.6,822249.36
Son,10/01/2023,1333.4,2016900.84
Son,10/01/2024,1391.6,2504880
Son,10/01/2025,1524.2,2743560
Son,10/01/2026,2979.6,5363280
Son,10/02/2021,2868,4797870.299999999
Son,10/02/2022,777.4000000000001,1175895.24
Son,10/02/2023,1188,1796968.7999999998
Son,10/02/2024,1562.4,2812320
Son,10/02/2025,1799,3238200
Son,10/02/2026,2336.2,4205160
Son,10/03/2021,4296.8,8006807.88
Son,10/03/2022,1193.4,1805136.8399999999
Son,10/03/2023,732.6,1108130.76
Son,10/03/2024,1847.1999999999998,3324960
Son,10/03/2025,1750.2,3150360
Son,10/03/2026,1922.6,3460680
Son,10/04/2021,1753.8000000000002,2863417.24
Son,10/04/2022,140.8,212974.08000000002
Son,10/04/2023,2602.8,3936995.2800000003
Son,10/04/2025,2297.8,4136040
Son,10/04/2026,1062.4,1912320
Son,10/05/2021,2352,4136563.48
Son,10/05/2022,624,943862.3999999999
Son,10/05/2023,978.5999999999999,1480230.36
Son,10/05/2024,1536.4,2765520
Son,10/05/2025,723.6,1302480
Son,10/05/2026,3738.2,6728760
Son,10/06/2021,1074.6,2222790.56
Son,10/06/2022,124,187562.4
Son,10/06/2023,913.6,1644480
Son,10/06/2024,1626.2,2927160
Son,10/06/2025,274.2,493560
Son,10/06/2026,2620.4,4716720
Son,10/07/2021,339.4,585121.72
Son,10/07/2023,841.3999999999999,1514520
Son,10/07/2024,1453.4,2616120
Son,10/07/2025,1461.4,2630520
Son,10/07/2026,1371.3999999999999,2468520
Son,10/08/2021,343.4,601897.8
Son,10/08/2022,755.8,1143223.08
Son,10/08/2023,835,1503000
Son,10/08/2024,1833.6,3300480
Son,10/08/2025,1772.6,3190680
Son,10/08/2026,2324.8,4184640
Son,10/09/2021,931.8,1873721.6400000001
Son,10/09/2022,904.8000000000001,1368600.4799999997
Son,10/09/2023,792.6,1426680
Son,10/09/2024,1508,2714400
Son,10/09/2025,2191.4,3944520
Son,10/10/2021,2623.6000000000004,4194136.44
Son,10/10/2022,416.79999999999995,630451.6799999999
Son,10/10/2023,1179,2122200
Son,10/10/2024,1994.8,3590640
Son,10/10/2025,2161,3889800
Son,10/11/2021,2148,3249064.8
Son,10/11/2022,623,942349.7999999999
Son,10/11/2023,734.4000000000001,1321920
Son,10/11/2024,861.5999999999999,1550880
Son,10/11/2025,1774.7999999999997,3194640
Son,10/12/2021,1194,2243422.44
Son,10/12/2022,1656.3999999999996,2505470.6399999997
Son,10/12/2023,864.8,1556640
Son,10/12/2024,1931.3999999999999,3476520
Son,10/12/2025,1975.8000000000002,3556440
Son,11/01/2021,3464.6000000000004,5383053.4
Son,11/01/2022,1599.8000000000002,2419857.4799999995
Son,11/01/2023,1533.4,2319420.84
Son,11/01/2024,1627.2,2928960
Son,11/01/2025,1503.3999999999999,2706120
Son,11/01/2026,1361.2,2450160
Son,11/02/2021,3157.4,5449732.899999999
Son,11/02/2022,990.2,1497776.52
Son,11/02/2023,1063,1607893.7999999998
Son,11/02/2024,1721.8,3099240
Son,11/02/2025,1771.4,3188520
Son,11/02/2026,2137.6,3847680
Son,11/03/2021,3538.8,6741474.359999999
Son,11/03/2022,879.4000000000001,1330180.44
Son,11/03/2023,1337,2022346.1999999997
Son,11/03/2024,1262.6,2272680
Son,11/03/2025,1396.8000000000002,2514240
Son,11/03/2026,1469.4,2644920
Son,11/04/2021,1844.3999999999999,3288066.96
Son,11/04/2022,153.2,231730.31999999998
Son,11/04/2023,2945.3999999999996,4455212.04
Son,11/04/2025,1503,2705400
Son,11/04/2026,2740,4932000
Son,11/05/2021,2153.6,3772424.12
Son,11/05/2022,1039.6,1572498.96
Son,11/05/2023,1321.2,1998447.1199999996
Son,11/05/2024,1010.8,1819440
Son,11/05/2025,480.79999999999995,865440
Son,11/05/2026,2279.8,4103640
Son,11/06/2021,807.2,1440410.1600000001
Son,11/06/2022,135.8,205411.08000000002
Son,11/06/2023,1272,2289600
Son,11/06/2024,1708.2,3074760
Son,11/06/2025,2203.6,3966480
Son,11/06/2026,1646.8000000000002,2964240
Son,11/07/2021,685.2,1136291.52
Son,11/07/2023,560.2,1008360
Son,11/07/2024,1750,3150000
Son,11/07/2025,1171.1999999999998,2108160
Son,11/07/2026,2058.2,3704760
Son,11/08/2021,1342.4,2277692.16
Son,11/08/2022,285.79999999999995,432301.07999999996
Son,11/08/2023,436,784800
Son,11/08/2024,1870,3366000
Son,11/08/2025,1943.1999999999998,3497760
Son,11/08/2026,1897.6,3415680
Son,11/09/2021,1405.8,2828356.08
Son,11/09/2022,1343.8000000000002,2032631.88
Son,11/09/2023,1055.6000000000001,1900080
Son,11/09/2024,1155.2,2079360
Son,11/09/2025,2441.6,4394880
Son,11/10/2021,2050.8,3581123.5200000005
Son,11/10/2022,903,1365877.7999999998
Son,11/10/2023,944,1699200
Son,11/10/2024,1928.8,3471840
Son,11/10/2025,1741.6,3134880
Son,11/11/2021,1861,2964500.64
Son,11/11/2022,2018.5999999999997,3053334.36
Son,11/11/2023,1167.4,2101320
Son,11/11/2024,1103.2,1985760
Son,11/11/2025,1859.4,3346920
Son,11/12/2021,1960.2,3584705.52
Son,11/12/2022,1609.6,2434680.96
Son,11/12/2023,1267.8000000000002,2282040
Son,11/12/2024,2056.6000000000004,3701880
Son,11/12/2025,2361.2,4250160
Son,12/01/2021,3576.8,5355431.8
Son,12/01/2022,970.2,1467524.52
Son,12/01/2023,1319,1995119.4000000001
Son,12/01/2024,1162.8,2093040
Son,12/01/2025,1187.4,2137320
Son,12/01/2026,2627.7999999999997,4730040
Son,12/02/2021,3484.000000000001,6071873.9
Son,12/02/2022,1385.3999999999999,2095556.0399999998
Son,12/02/2023,554.4,838585.44
Son,12/02/2024,1460.3999999999999,2628720
Son,12/02/2025,1946.1999999999998,3503160
Son,12/02/2026,1276.8,2298240
Son,12/03/2021,3334.2,5668569.96
Son,12/03/2022,1241,1877136.5999999996
Son,12/03/2023,1596.8,2415319.68
Son,12/03/2024,2231.6000000000004,4016880
Son,12/03/2025,2312.8,4163040
Son,12/03/2026,1742.6000000000001,3136680
Son,12/04/2021,2971.4,5549148.720000001
Son,12/04/2022,146.2,221142.11999999997
Son,12/04/2023,2774.6,4196859.96
Son,12/04/2024,1247.4,2245320
Son,12/04/2025,3611.2,6500160
Son,12/04/2026,986,1774800
Son,12/05/2021,1669.8000000000002,2665419.1599999997
Son,12/05/2022,266,402351.6
Son,12/05/2023,920.2,1391894.52
Son,12/05/2024,1583.1999999999998,2849760
Son,12/05/2025,1145,2061000
Son,12/05/2026,1704.8,3068640
Son,12/06/2021,558,1101668.32
Son,12/06/2022,1017.4,1538919.2399999998
Son,12/06/2023,920.8000000000001,1657440
Son,12/06/2024,2097,3774600
Son,12/06/2025,2546.8,4584240
Son,12/06/2026,1853.6,3336480
Son,12/07/2021,511.8,774148.6799999999
Son,12/07/2022,885,1338651
Son,12/07/2023,727,1308600
Son,12/07/2024,1127.6,2029680
Son,12/07/2025,1428.8,2571840
Son,12/07/2026,1605.8,2890440
Son,12/08/2021,757.6,1209384.96
Son,12/08/2022,260,393276
Son,12/08/2023,757.4,1363320
Son,12/08/2024,1838.1999999999998,3308760
Son,12/08/2025,1731.2,3116160
Son,12/08/2026,1697.6,3055680
Son,12/09/2021,1409.8000000000002,2573483.4
Son,12/09/2022,529.2,800467.9199999999
Son,12/09/2023,615.2,1107360
Son,12/09/2024,1994.8,3590640
Son,12/09/2025,1523.3999999999999,2742120
Son,12/10/2021,1755.4,2887828.44
Son,12/10/2022,889.8,1345911.48
Son,12/10/2023,862.5999999999999,1552680
Son,12/10/2024,1663.3999999999999,2994120
Son,12/10/2025,1827.2000000000003,3288960
Son,12/11/2021,1992.3999999999996,3013704.2399999998
Son,12/11/2022,1172.2,1773069.7199999997
Son,12/11/2023,1248.8000000000002,2247840
Son,12/11/2024,1826.3999999999999,3287520
Son,12/11/2025,1713.601,3084481.8
Son,12/12/2021,640,1127484.3599999999
Son,12/12/2022,1253.6,1896195.3599999999
Son,12/12/2023,267.2,480960
Son,12/12/2024,1943,3497400
Son,12/12/2025,1659.9999999999998,2988000
Son,13/01/2021,4097.2,6870089.100000001
Son,13/01/2022,861.8,1303558.68
Son,13/01/2023,1025.8,1551625.0799999998
Son,13/01/2024,1620.6,2917080
Son,13/01/2025,1666.2,2999160
Son,13/01/2026,1992,3585600
Son,13/02/2021,4373.6,7325585.199999999
Son,13/02/2022,787.2,1190718.7199999997
Son,13/02/2023,648.4,980769.84
Son,13/02/2024,1437.3999999999999,2587320
Son,13/02/2025,1749.6,3149280
Son,13/02/2026,996.2,1793160
Son,13/03/2021,4342.6,7456325.120000001
Son,13/03/2022,854.8,1292970.48
Son,13/03/2023,1472.3999999999996,2227152.2399999998
Son,13/03/2024,1409.6000000000001,2537280
Son,13/03/2025,1604.2,2887560
Son,13/03/2026,1033.2,1859760
Son,13/04/2021,2511.7999999999997,4480149.640000001
Son,13/04/2022,991.8000000000001,1500196.68
Son,13/04/2023,3158.8000000000006,4778000.88
Son,13/04/2024,943.5999999999999,1698480
Son,13/04/2025,3933.2000000000007,7079760
Son,13/04/2026,1646.4,2963520
Son,13/05/2022,208,314620.8
Son,13/05/2023,1085.4,1641776.04
Son,13/05/2024,1680,3024000
Son,13/05/2025,446.2,803160
Son,13/05/2026,2269.4000000000005,4084920
Son,13/06/2021,1018.4000000000001,1960295.76
Son,13/06/2022,416.2,629544.12
Son,13/06/2023,1065,1917000
Son,13/06/2024,1702.8000000000002,3065040
Son,13/06/2025,2151.6,3872880
Son,13/06/2026,2169.7999999999997,3905640
Son,13/07/2021,748.1999999999999,1256961
Son,13/07/2022,1070.3999999999999,1619087.0399999998
Son,13/07/2023,1079.4,1942920
Son,13/07/2024,1145,2061000
Son,13/07/2025,1515,2727000
Son,13/07/2026,1665.1999999999998,2997360
Son,13/08/2022,850.4,1286315.04
Son,13/08/2023,538,968400
Son,13/08/2024,1823.6,3282480
Son,13/08/2025,1840.2,3312360
Son,13/08/2026,1883,3389400
Son,13/09/2021,1674.8,2964571.5600000005
Son,13/09/2022,887.8000000000001,1342886.2799999998
Son,13/09/2023,844.8,1520640
Son,13/09/2024,1270.4,2286720
Son,13/09/2025,1443,2597400
Son,13/10/2021,1745.7999999999997,2902794.96
Son,13/10/2022,1406.4,2127320.6399999997
Son,13/10/2023,723,1301400
Son,13/10/2024,1739.4,3130920
Son,13/10/2025,1387.8,2498040
Son,13/11/2021,1721.0000000000002,2603184.5999999996
Son,13/11/2022,1127.4,1705305.2399999998
Son,13/11/2023,646.5999999999999,1163880
Son,13/11/2024,1665.2,2997360
Son,13/11/2025,1562.0000000000002,2811600
Son,13/12/2021,744.4,1434012
Son,13/12/2022,932.8,1410953.28
Son,13/12/2023,935,1683000
Son,13/12/2024,1447.6000000000001,2605680
Son,13/12/2025,3010.8,5419440
Son,14/01/2021,3554,6038091.4
Son,14/01/2022,487.8,885166.2
Son,14/01/2023,1096.8,1659019.68
Son,14/01/2024,1415.4,2547720
Son,14/01/2025,2298.3999999999996,4137120
Son,14/01/2026,2010.6,3619080
Son,14/02/2021,4602,9335550
Son,14/02/2022,148.4,224469.84
Son,14/02/2023,1174.2,1776094.92
Son,14/02/2024,1733.4,3120120
Son,14/02/2025,1625.6,2926080
Son,14/02/2026,1443,2597400
Son,14/03/2021,3140.2,5985399.279999999
Son,14/03/2022,631,954450.5999999999
Son,14/03/2023,1426.6,2157875.16
Son,14/03/2024,2055.2,3699360
Son,14/03/2025,1300.6000000000001,2341080
Son,14/03/2026,1398.4,2517120
Son,14/04/2021,2694.6000000000004,5311109.76
Son,14/04/2022,460.8,697006.0800000001
Son,14/04/2023,2100.8,3177670.0799999996
Son,14/04/2024,1205.6000000000001,2170080
Son,14/04/2025,2148.6,3867480
Son,14/04/2026,2095.8,3772440
Son,14/05/2022,480.4,726653.0399999999
Son,14/05/2023,595.4,900602.0399999999
Son,14/05/2024,1547.8000000000002,2786040
Son,14/05/2025,847.4000000000001,1525320
Son,14/05/2026,1554.8000000000002,2798640
Son,14/06/2021,1572.8000000000002,2984616.6799999997
Son,14/06/2022,471.8,713644.6799999999
Son,14/06/2023,870.8,1567440
Son,14/06/2024,1682.2,3027960
Son,14/06/2025,2134.2,3841560
Son,14/06/2026,1672.2,3009960
Son,14/07/2021,44375.399999999994,75731635.96000001
Son,14/07/2022,1060.4,1603961.0399999998
Son,14/07/2023,691.4,1244520
Son,14/07/2024,963.8,1734840
Son,14/07/2025,1230.8000000000002,2215440
Son,14/07/2026,2362.2000000000003,4251960
Son,14/08/2021,817.2,1533086.1600000001
Son,14/08/2022,154.4,233545.44
Son,14/08/2023,800.4000000000001,1440720
Son,14/08/2024,1161.6,2090880
Son,14/08/2025,1712,3081600
Son,14/08/2026,1833.4,3300120
Son,14/09/2021,1482,2634761.2800000003
Son,14/09/2022,805.6,1218550.56
Son,14/09/2023,1045,1881000
Son,14/09/2024,1479.6,2663280
Son,14/09/2025,1724.1999999999998,3103560
Son,14/10/2021,1646,2650452.24
Son,14/10/2022,323.8,489779.88
Son,14/10/2023,1277.2,2298960
Son,14/10/2024,1586.1999999999998,2855160
Son,14/10/2025,1613.6,2904480
Son,14/11/2021,1109.4,1739990.4000000001
Son,14/11/2022,1239.2,1874413.92
Son,14/11/2023,871.2,1568160
Son,14/11/2024,1956.4,3521520
Son,14/11/2025,1771.9999999999998,3189600
Son,14/12/2021,827.4,1251525.24
Son,14/12/2022,1610.2,2435588.52
Son,14/12/2023,1014.2,1825560
Son,14/12/2024,1529.6000000000001,2753280
Son,14/12/2025,1070.4,1926720
Son,15/01/2021,2713.0000000000005,4520260.4
Son,15/01/2022,1023.8,1548599.88
Son,15/01/2023,1319.8,1996329.48
Son,15/01/2024,588.8,1059840
Son,15/01/2025,1974.9999999999998,3555000
Son,15/01/2026,1754.0000000000002,3157200
Son,15/02/2021,4444.4,7780890.199999999
Son,15/02/2022,951.7999999999998,1519062.5999999996
Son,15/02/2023,907.4,1372533.2399999998
Son,15/02/2024,1480,2664000
Son,15/02/2025,1786.3999999999999,3215520
Son,15/02/2026,1394.2,2509560
Son,15/03/2021,2676.6000000000004,4857557.4799999995
Son,15/03/2022,221,334284.6
Son,15/03/2023,1666.6000000000001,2520899.1599999997
Son,15/03/2024,1197.4,2155320
Son,15/03/2025,1970.6000000000001,3547080
Son,15/03/2026,1703.4,3066120
Son,15/04/2021,3197.4000000000005,5955886.880000001
Son,15/04/2022,340.6,515191.55999999994
Son,15/04/2023,2362.4,3573366.24
Son,15/04/2024,1518.3999999999999,2733120
Son,15/04/2025,2586.5999999999995,4655880
Son,15/04/2026,1923.3999999999999,3462120
Son,15/05/2021,1044.8,1710833
Son,15/05/2022,123.4,186654.84
Son,15/05/2023,970.2,1467524.52
Son,15/05/2024,1361.3999999999999,2450520
Son,15/05/2025,769.2,1384560
Son,15/05/2026,1753.4,3156120
Son,15/06/2021,856.2,1405759.52
Son,15/06/2022,710.6,1074853.5599999998
Son,15/06/2023,1481.6000000000001,2666880
Son,15/06/2024,1270.4,2286720
Son,15/06/2025,1107.2,1992960
Son,15/06/2026,2121.8,3819240
Son,15/07/2021,1151.6,1984506.3599999999
Son,15/07/2022,596.8,902719.6799999999
Son,15/07/2023,1195,2151000
Son,15/07/2024,1735.8000000000002,3124440
Son,15/07/2025,1822.2000000000003,3279960
Son,15/07/2026,1455.4,2619720
Son,15/08/2021,568.5999999999999,860064.3600000001
Son,15/08/2022,238.6,360906.36
Son,15/08/2023,831.0000000000001,1495800
Son,15/08/2024,1496.2,2693160
Son,15/08/2025,1353,2435400
Son,15/08/2026,2701.7999999999997,4863240
Son,15/09/2021,1039.2,1789231.92
Son,15/09/2022,783.2,1184668.3199999998
Son,15/09/2023,475.6,856080
Son,15/09/2024,1324.7999999999997,2384640
Son,15/09/2025,1774.4,3193920
Son,15/10/2021,1224.2,2038048.2000000002
Son,15/10/2022,695.8000000000001,1052467.0799999998
Son,15/10/2023,400.8,721440
Son,15/10/2024,2018.6,3633480
Son,15/10/2025,1741.6000000000001,3134880
Son,15/11/2021,825.6,1248802.56
Son,15/11/2022,1025.6,1551322.56
Son,15/11/2023,630,1134000
Son,15/11/2024,1423.4,2562120
Son,15/11/2025,1985,3573000
Son,15/12/2021,1438,2483386.3200000003
Son,15/12/2022,1176.8,1780027.68
Son,15/12/2023,892,1605600
Son,15/12/2024,1262.3999999999999,2272320
Son,15/12/2025,477.6,859680
Son,16/01/2021,3806.4000000000005,7139372.1
Son,16/01/2022,88.8,134318.87999999998
Son,16/01/2023,1170,1769742
Son,16/01/2024,1576,2836800
Son,16/01/2025,1676,3016800
Son,16/01/2026,795.8,1432440
Son,16/02/2021,4071.399999999999,5818019.8
Son,16/02/2022,688.6,1041576.3599999999
Son,16/02/2023,1245.8,1884397.0799999996
Son,16/02/2024,1058.2,1904760
Son,16/02/2025,1137,2046600
Son,16/02/2026,1602.9999999999998,2885400
Son,16/03/2021,3542.8,5866854.039999999
Son,16/03/2023,1316.3999999999999,1991186.64
Son,16/03/2024,2171.6,3908880
Son,16/03/2025,1580.8,2845440
Son,16/03/2026,1560.4,2808720
Son,16/04/2021,2275.9999999999995,3868040.7199999997
Son,16/04/2022,484.79999999999995,733308.48
Son,16/04/2023,2365.6000000000004,3578206.5599999996
Son,16/04/2024,1418.2,2552760
Son,16/04/2025,2036.2,3665160
Son,16/04/2026,1114.8,2006640
Son,16/05/2021,184.8,406560
Son,16/05/2022,135.4,204806.04
Son,16/05/2023,833.2,1260298.3199999998
Son,16/05/2024,2281.2000000000003,4106160
Son,16/05/2025,754.8,1358640
Son,16/05/2026,1600,2880000
Son,16/06/2021,499.6,835020.92
Son,16/06/2022,602.401,911191.7526
Son,16/06/2023,743.8,1338840
Son,16/06/2025,959.4,1726920
Son,16/06/2026,2427.8,4370040
Son,16/07/2021,597.8,1041331.4400000001
Son,16/07/2022,830.2,1255760.52
Son,16/07/2023,1043.3999999999999,1878120
Son,16/07/2024,1856,3340800
Son,16/07/2025,1322.2,2379960
Son,16/07/2026,1269.4,2284920
Son,16/08/2021,934.2,1648500.8399999999
Son,16/08/2022,299,452267.39999999997
Son,16/08/2023,384.8,692640
Son,16/08/2024,1843.4000000000003,3318120
Son,16/08/2025,1397.601,2515681.8
Son,16/08/2026,2056.2,3701160
Son,16/09/2021,1564.6000000000001,3031198.3200000003
Son,16/09/2022,620,937812
Son,16/09/2023,894.4,1609920
Son,16/09/2024,1773,3191400
Son,16/09/2025,2332.8,4199040
Son,16/10/2021,1205.0000000000002,1951206.12
Son,16/10/2022,299.4,452872.44
Son,16/10/2023,1072.6000000000001,1930680
Son,16/10/2024,1649,2968200
Son,16/10/2025,1729.2000000000003,3112560
Son,16/11/2021,1872,2831587.2
Son,16/11/2022,1580.0000000000002,2389908
Son,16/11/2023,1458.1999999999998,2624760
Son,16/11/2024,1425.4,2565720
Son,16/11/2025,1290.4,2322720
Son,16/12/2021,1592.3999999999999,2408664.24
Son,16/12/2022,495.4,749342.04
Son,16/12/2023,1079.6,1943280
Son,16/12/2024,2016.4,3629520
Son,16/12/2025,599.4000000000001,1078920
Son,17/01/2021,3222.4,5450172.5
Son,17/01/2023,966,1461171.5999999999
Son,17/01/2024,2242,4035600
Son,17/01/2025,2006.6,3611880
Son,17/01/2026,1829.8000000000002,3293640
Son,17/02/2021,3334.9000000000005,4511762.25
Son,17/02/2022,1208.1,1827372.06
Son,17/02/2023,766.2,1158954.12
Son,17/02/2024,1959.6,3527280
Son,17/02/2025,1736.4,3125520
Son,17/02/2026,1422.8,2561040
Son,17/03/2021,4564.8,8305775.160000002
Son,17/03/2022,622.3,941290.98
Son,17/03/2023,930.4,1407323.04
Son,17/03/2024,1393.4,2508120
Son,17/03/2025,1524.2,2743560
Son,17/03/2026,2137,3846600
Son,17/04/2021,2530,4367999.28
Son,17/04/2023,1420,2147892
Son,17/04/2024,1680.8000000000002,3025440
Son,17/04/2025,1535.7999999999997,2764440
Son,17/04/2026,973.4000000000001,1752120
Son,17/05/2021,1348.9999999999998,2137420.8000000003
Son,17/05/2022,265.6,401746.55999999994
Son,17/05/2023,1265.2,1913741.5199999998
Son,17/05/2024,1207.6000000000001,2173680
Son,17/05/2025,751,1351800
Son,17/05/2026,835,1503000
Son,17/06/2021,915,1741889.44
Son,17/06/2022,593.6,897879.36
Son,17/06/2023,1106.2,1991160
Son,17/06/2025,763.2,1373760
Son,17/06/2026,2809.2,5056560
Son,17/07/2021,760,1369381.08
Son,17/07/2022,1969.2,2978611.92
Son,17/07/2023,812,1461600
Son,17/07/2024,1427,2568600
Son,17/07/2025,1901.6,3422880
Son,17/07/2026,864.9999999999999,1557000
Son,17/08/2021,1096.8000000000002,1896681.7199999997
Son,17/08/2022,670.6,1014349.5599999999
Son,17/08/2023,939,1690200
Son,17/08/2024,1835.1999999999998,3303360
Son,17/08/2025,1275.8,2296440
Son,17/08/2026,1528.8,2751840
Son,17/09/2021,701.5999999999999,1291266
Son,17/09/2022,852.8,1289945.28
Son,17/09/2023,888.4,1599120
Son,17/09/2024,1501.7999999999997,2703240
Son,17/09/2025,2185.8,3934440
Son,17/10/2021,1701.4,2741181.6000000006
Son,17/10/2022,796.8,1205239.68
Son,17/10/2023,669.6,1205280
Son,17/10/2024,1631.6,2936880
Son,17/10/2025,780.8,1405440
Son,17/11/2021,1608,2432260.8000000003
Son,17/11/2022,1082.6,1637540.7599999998
Son,17/11/2023,932.6,1678680
Son,17/11/2024,1608.6,2895480
Son,17/11/2025,1723.6,3102480
Son,17/12/2021,1202.4,1905215.52
Son,17/12/2022,1509.8,2283723.4799999995
Son,17/12/2023,457.4,823320
Son,17/12/2024,1876.8000000000002,3378240
Son,17/12/2025,889.4000000000001,1600920
Son,18/01/2021,3061.6,5574491
Son,18/01/2022,737,1114786.2
Son,18/01/2023,1088,1645708.7999999996
Son,18/01/2024,1454.0000000000002,2617200
Son,18/01/2025,2039.8000000000004,3671640
Son,18/01/2026,1392.6000000000001,2506680
Son,18/02/2021,2954.7999999999997,3724525.3999999994
Son,18/02/2022,779.2,1178617.92
Son,18/02/2023,1373,2076799.7999999998
Son,18/02/2024,1360,2448000
Son,18/02/2025,1788.8000000000002,3219840
Son,18/02/2026,1418.4,2553120
Son,18/03/2021,3581.5999999999995,6427456.24
Son,18/03/2022,1082,1636633.2000000002
Son,18/03/2023,1760.3999999999999,2662781.0399999996
Son,18/03/2024,1449.1999999999998,2608560
Son,18/03/2025,945.4000000000001,1701720
Son,18/03/2026,2097.2,3774960
Son,18/04/2021,2716.6000000000004,5614672.640000001
Son,18/04/2022,414.4,626821.44
Son,18/04/2023,1586,2398983.5999999996
Son,18/04/2024,1317.8000000000002,2372040
Son,18/04/2025,927,1668600
Son,18/04/2026,1500.8000000000002,2701440
Son,18/05/2021,1243,2010492.8399999999
Son,18/05/2022,354.4,536065.44
Son,18/05/2023,1049,1586717.3999999997
Son,18/05/2024,1619.3999999999999,2914920
Son,18/05/2025,504.4,907920
Son,18/05/2026,2048.4,3687120
Son,18/06/2021,374,669922.24
Son,18/06/2022,931.1999999999999,1408533.12
Son,18/06/2023,742.6,1336680
Son,18/06/2025,709.001,1276201.8
Son,18/06/2026,2514.2000000000003,4525560
Son,18/07/2021,569.2,1083948.96
Son,18/07/2022,1134.8,1716498.48
Son,18/07/2023,586.8,1056240
Son,18/07/2024,2005.4,3609720
Son,18/07/2025,1795.6000000000001,3232080
Son,18/07/2026,1672.8000000000002,3011040
Son,18/08/2021,953.6,1618047.96
Son,18/08/2022,383.8,580535.88
Son,18/08/2023,647.6,1165680
Son,18/08/2024,1315.2,2367360
Son,18/08/2025,1740.8000000000002,3133440
Son,18/08/2026,2754.2000000000003,4957560
Son,18/09/2021,1066,2051689.3199999998
Son,18/09/2022,579.4,876400.44
Son,18/09/2023,887.5999999999999,1597680
Son,18/09/2024,1436.2,2585160
Son,18/09/2025,1910.6000000000001,3439080
Son,18/10/2021,928.8,1512397.08
Son,18/10/2022,1347.6,2038379.76
Son,18/10/2023,663.5999999999999,1194480
Son,18/10/2024,1500,2700000
Son,18/10/2025,2187.2,3936960
Son,18/11/2021,1535.6,2322748.56
Son,18/11/2022,814.5999999999999,1232163.96
Son,18/11/2023,983.2,1769760
Son,18/11/2024,1893.4,3408120
Son,18/11/2025,2057.6,3703680
Son,18/12/2021,1613.2,2440126.32
Son,18/12/2022,908.0000000000001,1373440.7999999998
Son,18/12/2023,1205.4,2169720
Son,18/12/2024,2015.2000000000003,3627360
Son,18/12/2025,1047.8000000000002,1886040
Son,19/01/2021,3380.6,6158049.5
Son,19/01/2022,643.3999999999999,973206.8399999999
Son,19/01/2023,1140.6,1725271.5599999998
Son,19/01/2024,990.8000000000001,1783440
Son,19/01/2025,1900.3999999999999,3420720
Son,19/01/2026,1335.3999999999999,2403720
Son,19/02/2021,2355,3726700.8000000003
Son,19/02/2022,998.8000000000002,1510784.88
Son,19/02/2023,873.5999999999999,1321407.3599999999
Son,19/02/2024,1180,2124000
Son,19/02/2025,1393.8000000000002,2508840
Son,19/02/2026,2404.6,4328280
Son,19/03/2021,2809.2,5303942.48
Son,19/03/2022,1358.1999999999998,2054413.3199999998
Son,19/03/2023,1573.4,2379924.84
Son,19/03/2024,1996.6000000000001,3593880
Son,19/03/2025,1247.8,2246040
Son,19/03/2026,2268.6000000000004,4083480
Son,19/04/2021,2686,5505833.68
Son,19/04/2022,647.4000000000001,979257.24
Son,19/04/2023,1834.6,2775015.96
Son,19/04/2024,1274.4,2293920
Son,19/04/2025,1683.3999999999996,3030120
Son,19/04/2026,1484,2671200
Son,19/05/2021,2104.8,3604134.32
Son,19/05/2022,249,376637.4
Son,19/05/2023,870.2,1316264.52
Son,19/05/2024,1086.1999999999998,1955160
Son,19/05/2025,1448.4,2607120
Son,19/05/2026,2225.7999999999997,4006440
Son,19/06/2021,1032,1974818
Son,19/06/2022,765,1157139
Son,19/06/2023,831.4,1496520
Son,19/06/2024,900.4,1620720
Son,19/06/2025,739.5999999999999,1331280
Son,19/06/2026,1688.3999999999996,3039120
Son,19/07/2021,145.4,219932.04
Son,19/07/2022,1069.1999999999998,1617271.92
Son,19/07/2023,468,842400
Son,19/07/2024,940.4,1692720
Son,19/07/2025,1202.6,2164680
Son,19/07/2026,2162,3891600
Son,19/08/2021,744.5999999999999,1339743.1199999999
Son,19/08/2022,381.20000000000005,576603.12
Son,19/08/2023,925.4,1665720
Son,19/08/2024,1795.8,3232440
Son,19/08/2025,1771.8,3189240
Son,19/08/2026,2122.2,3819960
Son,19/09/2021,2344.8,4261727.760000001
Son,19/09/2022,520,786552
Son,19/09/2023,553.8,996840
Son,19/09/2024,1805.1999999999998,3249360
Son,19/09/2025,2130.8,3835440
Son,19/10/2021,568.8,860366.88
Son,19/10/2022,982.4000000000001,1485978.24
Son,19/10/2023,894.4,1609920
Son,19/10/2024,2267.8,4082040
Son,19/10/2025,1477.4,2659320
Son,19/11/2021,1397,2113102.2
Son,19/11/2022,1351.8,2044732.6799999997
Son,19/11/2023,905.4000000000001,1629720
Son,19/11/2024,2094.2000000000003,3769560
Son,19/11/2025,1818.8000000000002,3273840
Son,19/12/2021,1163.6,1952258.64
Son,19/12/2022,712,1076971.2
Son,19/12/2023,887.0000000000001,1596600
Son,19/12/2024,2052.4,3694320
Son,20/01/2021,3948.2000000000003,6762006.999999999
Son,20/01/2022,1344.6,2033841.96
Son,20/01/2023,1061.6000000000001,1605776.16
Son,20/01/2024,1617.6000000000001,2911680
Son,20/01/2025,1927.4,3469320
Son,20/01/2026,1800.3999999999999,3240720
Son,20/02/2021,2739,4283205.000000001
Son,20/02/2022,408.20000000000005,617443.32
Son,20/02/2023,253.8,383897.88
Son,20/02/2024,1594.6000000000001,2870280
Son,20/02/2025,1978.8000000000002,3561840
Son,20/02/2026,1338.1999999999998,2408760
Son,20/03/2021,3430.600000000001,6350969.04
Son,20/03/2022,1269.4,1920094.44
Son,20/03/2023,1834.3999999999999,2774713.44
Son,20/03/2024,1524.1999999999998,2743560
Son,20/03/2025,1523.8000000000002,2742840
Son,20/04/2021,2832.6,5567416.640000001
Son,20/04/2022,695.2,1051559.5199999998
Son,20/04/2023,1990,3010073.9999999995
Son,20/04/2024,1505.6000000000001,2710080
Son,20/04/2025,1476.1999999999998,2657160
Son,20/04/2026,1526.6000000000001,2747880
Son,20/05/2021,2683.4,4138236.8
Son,20/05/2022,215.8,326419.08
Son,20/05/2023,1364.4,2063791.44
Son,20/05/2024,1807.1999999999998,3252960
Son,20/05/2025,1428.4,2571120
Son,20/05/2026,2214.6,3986280
Son,20/06/2021,1081.6,2097273.5599999996
Son,20/06/2022,499.4,755392.44
Son,20/06/2023,1535.4,2763720
Son,20/06/2024,1113.4,2004120
Son,20/06/2025,1180.3999999999999,2124720
Son,20/06/2026,1522.8,2741040
Son,20/07/2022,1204.1999999999998,1821472.92
Son,20/07/2023,1227.3999999999999,2209320
Son,20/07/2024,1596,2872800
Son,20/07/2025,1588.4,2859120
Son,20/07/2026,1695.2,3051360
Son,20/08/2021,381.6,801360
Son,20/08/2022,265.8,402049.07999999996
Son,20/08/2023,594.2,1069560
Son,20/08/2024,1969,3544200
Son,20/08/2025,1214.6,2186280
Son,20/08/2026,2339.9999999999995,4212000
Son,20/09/2021,2145.2,3916651.08
Son,20/09/2022,1149.2,1738279.92
Son,20/09/2023,809.6,1457280
Son,20/09/2024,1674.8,3014640
Son,20/09/2025,1699.8,3059640
Son,20/10/2021,1131.6,1789664.8800000001
Son,20/10/2022,837,1266046.1999999997
Son,20/10/2023,418,752400
Son,20/10/2024,1452.6,2614680
Son,20/10/2025,1384.1999999999998,2491560
Son,20/11/2021,1945.3999999999996,3017916.72
Son,20/11/2022,887.5999999999999,1342583.7599999998
Son,20/11/2023,1378.6,2481480
Son,20/11/2024,1835.1999999999998,3303360
Son,20/11/2025,1604.2,2887560
Son,20/12/2021,316,584535.96
Son,20/12/2022,1105.6,1672330.5599999998
Son,20/12/2023,1060.6,1909080
Son,20/12/2024,1204.2,2167560
Son,20/12/2025,381.4,686520
Son,21/01/2021,3354,5877989.9
Son,21/01/2022,640.2,968366.52
Son,21/01/2023,1245,1883187
Son,21/01/2024,1559,2806200
Son,21/01/2025,1980.6,3565080
Son,21/01/2026,1823.7999999999997,3282840
Son,21/02/2021,5658.800000000001,10804859.2
Son,21/02/2022,136.6,206621.15999999997
Son,21/02/2023,943.4,1426986.8399999999
Son,21/02/2024,807.6,1453680
Son,21/02/2025,1985.4,3573720
Son,21/02/2026,1191.9999999999998,2145600
Son,21/03/2021,2397.9999999999995,4326850.52
Son,21/03/2022,284.20000000000005,429880.92000000004
Son,21/03/2023,1122,1697137.2
Son,21/03/2024,2039.1999999999998,3670560
Son,21/03/2025,1946.4,3503520
Son,21/03/2026,469.6,845280
Son,21/04/2021,3076.7999999999997,5412444.84
Son,21/04/2022,1079.8,1633305.48
Son,21/04/2024,1667.1999999999998,3000960
Son,21/04/2025,1665.6,2998080
Son,21/04/2026,1685.6,3034080
Son,21/05/2021,2255.6,3502007.44
Son,21/05/2022,113.4,171528.84
Son,21/05/2023,1225.4,1853540.04
Son,21/05/2024,1587,2856600
Son,21/05/2025,1848.8,3327840
Son,21/05/2026,1538.4,2769120
Son,21/06/2021,1046.4,1765495.56
Son,21/06/2022,551,833442.6000000001
Son,21/06/2023,1334,2401200
Son,21/06/2024,1417.8,2552040
Son,21/06/2025,1279.6,2303280
Son,21/06/2026,1292.6,2326680
Son,21/07/2022,761.6,1151996.16
Son,21/07/2023,841,1513800
Son,21/07/2024,920.2,1656360
Son,21/07/2025,1336.8,2406240
Son,21/07/2026,1088,1958400
Son,21/08/2021,552.2,835257.7200000001
Son,21/08/2022,234.6,354855.95999999996
Son,21/08/2023,1065.8,1918440
Son,21/08/2024,1369.8,2465640
Son,21/08/2025,1206.1999999999998,2171160
Son,21/08/2026,882.5999999999999,1588680
Son,21/09/2021,1807.6000000000001,3318286.3200000003
Son,21/09/2022,1162.4,1758246.2399999998
Son,21/09/2023,721.2,1298160
Son,21/09/2024,1931.3999999999999,3476520
Son,21/09/2025,1104,1987200
Son,21/10/2021,1295,2137621.5599999996
Son,21/10/2022,857.8,1297508.28
Son,21/10/2023,1003.8000000000001,1806840
Son,21/10/2024,1983,3569400
Son,21/10/2025,1632.6000000000001,2938680
Son,21/11/2021,1162.6,1901756.88
Son,21/11/2022,1279,1934615.4
Son,21/11/2023,995.8,1792440
Son,21/11/2024,2425.8,4366440
Son,21/11/2025,1984.4,3571920
Son,21/12/2021,777.6,1176197.76
Son,21/12/2022,1633.4,2470680.84
Son,21/12/2023,1581.6,2846880
Son,21/12/2024,1921.3999999999999,3458520
Son,21/12/2025,122.4,220320
Son,22/01/2021,3514,6028639.7
Son,22/01/2022,1240.4,1876229.04
Son,22/01/2023,643.4,973206.8400000001
Son,22/01/2024,1404.4,2527920
Son,22/01/2025,2172,3909600
Son,22/01/2026,994.8,1790640
Son,22/02/2021,2579,4402844.4
Son,22/02/2022,503.79999999999995,762047.88
Son,22/02/2023,521.2,788367.1199999999
Son,22/02/2024,1595.2000000000003,2871360
Son,22/02/2025,1786.6,3215880
Son,22/02/2026,1872.4,3370320
Son,22/03/2021,2877.8,5085178.76
Son,22/03/2022,737.4,1115391.24
Son,22/03/2023,1079.2,1632397.92
Son,22/03/2024,868.8,1563840
Son,22/03/2025,2548.9999999999995,4588200
Son,22/03/2026,608.2,1094760
Son,22/04/2021,3168.4,5693428.28
Son,22/04/2022,518.6,784434.36
Son,22/04/2024,1539.8,2771640
Son,22/04/2025,1754.9999999999998,3159000
Son,22/04/2026,2608.2,4694760
Son,22/05/2021,2813.2000000000003,4795955.16
Son,22/05/2022,491,742686.6
Son,22/05/2023,839.8000000000001,1270281.48
Son,22/05/2024,1543.6,2778480
Son,22/05/2025,2418.3999999999996,4353120
Son,22/05/2026,1925.6,3466080
Son,22/06/2021,1218.6,2270129.76
Son,22/06/2022,271.2,410217.12
Son,22/06/2023,794.1999999999999,1429560
Son,22/06/2024,1104.6,1988280
Son,22/06/2025,1005.4,1809720
Son,22/06/2026,923.3999999999999,1662120
Son,22/07/2022,1405.9999999999998,2126715.6
Son,22/07/2023,922.4,1660320
Son,22/07/2024,1548,2786400
Son,22/07/2025,1793,3227400
Son,22/07/2026,1433.8,2580840
Son,22/08/2021,723.4000000000001,1302154.44
Son,22/08/2023,720.4000000000001,1296720
Son,22/08/2024,2058,3704400
Son,22/08/2025,1406.4,2531520
Son,22/08/2026,2140.7999999999997,3853440
Son,22/09/2021,2381.8,4483928.16
Son,22/09/2022,1083,1638145.7999999998
Son,22/09/2023,790.4,1422720
Son,22/09/2024,1493.2,2687760
Son,22/09/2025,2025,3645000
Son,22/10/2021,805.2,1615850.28
Son,22/10/2022,865.8,1309609.0799999998
Son,22/10/2023,1120.2,2016360
Son,22/10/2024,981.8,1767240
Son,22/10/2025,1860,3348000
Son,22/11/2021,993.1999999999999,1502314.3199999998
Son,22/11/2022,1473.2,2228362.32
Son,22/11/2023,823.8,1482840
Son,22/11/2024,2268.6,4083480
Son,22/11/2025,1803.1999999999998,3245760
Son,22/12/2021,2011.8,3203874.7199999997
Son,22/12/2022,1616.8,2445571.6799999997
Son,22/12/2023,1188,2138400
Son,22/12/2024,1236.2,2225160
Son,23/01/2021,4144,6611405.6
Son,23/01/2022,755.81,1143238.206
Son,23/01/2023,802.2,1213407.72
Son,23/01/2024,1475.8,2656440
Son,23/01/2025,1918.4,3453120
Son,23/01/2026,840.4000000000001,1512720
Son,23/02/2021,4189.599999999999,6530713.699999999
Son,23/02/2022,753.2,1139290.32
Son,23/02/2023,1616,2444361.5999999996
Son,23/02/2024,943,1697400
Son,23/02/2025,1365.6000000000001,2458080
Son,23/02/2026,1516,2728800
Son,23/03/2021,3023.8000000000006,5091687.039999999
Son,23/03/2022,1351.8,2044732.68
Son,23/03/2023,2043,3090241.7999999993
Son,23/03/2024,2237.2000000000003,4026960
Son,23/03/2025,2091.8,3765240
Son,23/03/2026,516.6,929880
Son,23/04/2021,2740,4715753.4
Son,23/04/2022,634,958988.3999999999
Son,23/04/2023,1116.8,1689271.6799999997
Son,23/04/2024,1921.4,3458520
Son,23/04/2025,2091.4,3764520
Son,23/04/2026,2275.3999999999996,4095720
Son,23/05/2021,2482,3893265.4800000004
Son,23/05/2022,112.6,170318.75999999998
Son,23/05/2023,858.2,1298113.32
Son,23/05/2024,1555.1999999999998,2799360
Son,23/05/2025,2108.8,3795840
Son,23/05/2026,1596.2,2873160
Son,23/06/2021,366.20000000000005,553914.12
Son,23/06/2022,121.8,184234.68
Son,23/06/2023,1059.8,1907640
Son,23/06/2024,1631.2000000000003,2936160
Son,23/06/2025,1146.8000000000002,2064240
Son,23/06/2026,2251,4051800
Son,23/07/2022,602,910585.2
Son,23/07/2023,480.59999999999997,865080
Son,23/07/2024,2075.6,3736080
Son,23/07/2025,1905,3429000
Son,23/07/2026,892.8,1607040
Son,23/08/2021,1623.1999999999998,2864670.12
Son,23/08/2022,143.4,216906.84
Son,23/08/2023,826.6,1487880
Son,23/08/2024,940.6,1693080
Son,23/08/2025,1814.6,3266280
Son,23/08/2026,2673.2,4811760
Son,23/09/2021,2568.7999999999997,4766549.4
Son,23/09/2022,700.2,1059122.52
Son,23/09/2023,836.8,1506240
Son,23/09/2024,2262.2000000000003,4071960
Son,23/09/2025,2501.2000000000003,4502160
Son,23/10/2021,1072.8000000000002,1771916.88
Son,23/10/2022,779.9999999999999,1179827.9999999998
Son,23/10/2023,727.1999999999999,1308960
Son,23/10/2024,1499.4000000000003,2698920
Son,23/10/2025,1883.8000000000002,3390840
Son,23/11/2021,1632.4,2469168.2399999998
Son,23/11/2022,1375.2,2080127.5199999996
Son,23/11/2023,1661.3999999999999,2990520
Son,23/11/2024,2283.6000000000004,4110480
Son,23/11/2025,2500.6,4501080
Son,23/12/2021,1680.7999999999997,3071038.08
Son,23/12/2022,1000.6,1513507.5599999998
Son,23/12/2023,384.20000000000005,691560
Son,23/12/2024,2083.6,3750480
Son,23/12/2025,1135.4,2043720
Son,24/01/2021,4358.800000000001,7471355.4
Son,24/01/2022,131.6,199058.15999999997
Son,24/01/2023,1285.8,1944901.0799999996
Son,24/01/2024,1324.9999999999998,2385000
Son,24/01/2025,2127.6,3829680
Son,24/01/2026,754.4000000000001,1357920
Son,24/02/2021,3787,6752852.1000000015
Son,24/02/2022,653.5999999999999,988635.36
Son,24/02/2023,891.5999999999999,1348634.1599999997
Son,24/02/2024,1525.1999999999998,2745360
Son,24/02/2025,1738,3128400
Son,24/02/2026,1701.1999999999998,3062160
Son,24/03/2021,3536.0000000000005,6429833.8
Son,24/03/2022,955,1444533
Son,24/03/2023,1376.6,2082245.16
Son,24/03/2024,1957.6000000000001,3523680
Son,24/03/2025,2021.3999999999999,3638520
Son,24/03/2026,1566.8,2820240
Son,24/04/2021,2111,3518238.8
Son,24/04/2022,479.2,724837.9199999999
Son,24/04/2023,958.4000000000001,1449675.8399999999
Son,24/04/2024,1491.6,2684880
Son,24/04/2025,2070.8,3727440
Son,24/04/2026,966.5999999999999,1739880
Son,24/05/2021,2492,4346540.24
Son,24/05/2022,997,1508062.2
Son,24/05/2023,843.2,1275424.3199999998
Son,24/05/2024,1163.8000000000002,2094840
Son,24/05/2025,1516.2,2729160
Son,24/05/2026,1317.6,2371680
Son,24/06/2021,578.6,875190.3599999999
Son,24/06/2022,925.4,1399760.04
Son,24/06/2023,929.4000000000001,1672920
Son,24/06/2024,2018,3632400
Son,24/06/2025,604.2,1087560
Son,24/06/2026,1904.6,3428280
Son,24/07/2021,823.4,1606843.32
Son,24/07/2022,1429.4,2162110.44
Son,24/07/2023,857.4,1543320
Son,24/07/2024,1635,2943000
Son,24/07/2025,1790.7999999999997,3223440
Son,24/07/2026,1507.8,2714040
Son,24/08/2021,1591.1999999999998,2809923
Son,24/08/2022,1383.6,2092833.3599999999
Son,24/08/2023,816.5999999999999,1469880
Son,24/08/2024,1945,3501000
Son,24/08/2025,1175,2115000
Son,24/08/2026,2197.8,3956040
Son,24/09/2021,2377.4,4800812.64
Son,24/09/2022,921.2,1393407.12
Son,24/09/2023,844.2,1519560
Son,24/09/2024,1764.2,3175560
Son,24/09/2025,1792,3225600
Son,24/10/2021,220.8,396951.36
Son,24/10/2022,921.8,1394314.6800000002
Son,24/10/2023,1205.8,2170440
Son,24/10/2024,1683.1999999999998,3029760
Son,24/10/2025,2205.3999999999996,3969720
Son,24/11/2021,1905,2965853.6400000006
Son,24/11/2022,1355.9999999999998,2051085.5999999999
Son,24/11/2023,674.4,1213920
Son,24/11/2024,1634.4,2941920
Son,24/11/2025,2361.4,4250520
Son,24/12/2021,1468.6,2328663.5999999996
Son,24/12/2022,930.8000000000001,1407928.08
Son,24/12/2023,1641.2,2954160
Son,24/12/2024,1976.3999999999999,3557520
Son,24/12/2025,1445.6000000000001,2602080
Son,25/01/2021,3356.4,6124158
Son,25/01/2022,1150.6,1740397.5599999998
Son,25/01/2023,775.2,1172567.52
Son,25/01/2024,1428.8000000000002,2571840
Son,25/01/2025,1730.6,3115080
Son,25/01/2026,1991,3583800
Son,25/02/2021,3783.1999999999994,6469970.199999999
Son,25/02/2022,226.8,343057.68
Son,25/02/2023,1383.8,2093135.88
Son,25/02/2024,1608.3999999999999,2895120
Son,25/02/2025,2045.8000000000002,3682440
Son,25/02/2026,1229.0000000000002,2212200
Son,25/03/2021,3989.7999999999993,7129174.8
Son,25/03/2022,748.2,1131727.3199999998
Son,25/03/2023,2008.7999999999997,3038510.88
Son,25/03/2024,1476.4,2657520
Son,25/03/2025,2267.2,4080960
Son,25/03/2026,1076.8000000000002,1938240
Son,25/04/2021,2282.2,3924162.04
Son,25/04/2022,413.6,625611.36
Son,25/04/2023,1720.8,2602882.08
Son,25/04/2024,1908.4,3435120
Son,25/04/2025,1746.4,3143520
Son,25/04/2026,1951,3511800
Son,25/05/2021,2984.5999999999995,5221153.16
Son,25/05/2022,781.2,1181643.12
Son,25/05/2023,1070.8,1619692.08
Son,25/05/2024,1536,2764800
Son,25/05/2025,1102.8,1985040
Son,25/05/2026,2495.3999999999996,4491720
Son,25/06/2021,491.4,837877.88
Son,25/06/2022,817.5999999999999,1236701.76
Son,25/06/2023,585.8,1054440
Son,25/06/2024,2168.8,3903840
Son,25/06/2025,574,1033200
Son,25/06/2026,1938.8000000000002,3489840
Son,25/07/2021,1246.2,2295007.3200000003
Son,25/07/2022,637.5999999999999,964433.76
Son,25/07/2023,1021.1999999999999,1838160
Son,25/07/2024,1780.6,3205080
Son,25/07/2025,1369.1999999999998,2464560
Son,25/07/2026,3153.8,5676840
Son,25/08/2021,903.9999999999999,1625728.92
Son,25/08/2022,1000.8,1513810.08
Son,25/08/2023,1076.1999999999998,1937160
Son,25/08/2024,1097.8,1976040
Son,25/08/2025,1267.2,2280960
Son,25/08/2026,1563.7999999999997,2814840
Son,25/09/2021,1626.8,3206343.2399999998
Son,25/09/2022,1028,1554952.7999999998
Son,25/09/2023,949.1999999999999,1708560
Son,25/09/2024,1649.2,2968560
Son,25/09/2025,2487.4,4477320
Son,25/10/2021,656,1086014.6400000001
Son,25/10/2022,1203.4,1820262.8399999999
Son,25/10/2023,796.8000000000001,1434240
Son,25/10/2024,1065.6,1918080
Son,25/10/2025,1895.8000000000002,3412440
Son,25/11/2021,2511.2000000000003,3878126
Son,25/11/2022,754.8,1141710.4799999997
Son,25/11/2023,1556.6000000000001,2801880
Son,25/11/2024,2405.2000000000003,4329360
Son,25/11/2025,1542.8000000000002,2777040
Son,25/12/2021,1718.6000000000001,2888202.7199999997
Son,25/12/2022,1527.4,2310345.2399999998
Son,25/12/2023,1561.8,2811240
Son,25/12/2024,1837,3306600
Son,25/12/2025,1159.2,2086560
Son,26/01/2021,3699,6595776.1
Son,26/01/2022,601,909072.5999999999
Son,26/01/2023,898.6,1359222.3599999999
Son,26/01/2024,1402.7999999999997,2525040
Son,26/01/2025,1647.1999999999998,2964960
Son,26/01/2026,1830.8000000000002,3295440
Son,26/02/2021,3350.6,5885782.6
Son,26/02/2022,479.8,725745.48
Son,26/02/2023,569.6,861576.96
Son,26/02/2024,1338.8000000000002,2409840
Son,26/02/2025,2331.6,4196880
Son,26/02/2026,1684.6000000000001,3032280
Son,26/03/2021,2719.6000000000004,5032995.72
Son,26/03/2022,978,1479322.7999999998
Son,26/03/2023,1370.8,2073472.08
Son,26/03/2024,1976.8000000000002,3558240
Son,26/03/2025,2001.8000000000002,3603240
Son,26/03/2026,1201,2161800
Son,26/04/2021,2574.6000000000004,4452783.720000001
Son,26/04/2022,646.2,977442.12
Son,26/04/2023,1602.6,2424092.76
Son,26/04/2024,1254.8,2258640
Son,26/04/2025,1997.9999999999998,3596400
Son,26/04/2026,1944.4,3499920
Son,26/05/2021,2841.4,4893190.04
Son,26/05/2022,631.6,955358.16
Son,26/05/2023,593.4,897576.8399999999
Son,26/05/2024,1122,2019600
Son,26/05/2025,1208.6,2175480
Son,26/05/2026,2022.6,3640680
Son,26/06/2021,516.6,781409.16
Son,26/06/2022,1016.6,1537709.1600000001
Son,26/06/2023,1025,1845000
Son,26/06/2024,1902.8000000000002,3425040
Son,26/06/2025,427.8,770040
Son,26/06/2026,1682.2000000000003,3027960
Son,26/07/2021,983.4099999999999,1614155.28
Son,26/07/2022,751.5999999999999,1136870.16
Son,26/07/2023,1286,2314800
Son,26/07/2024,1314.6000000000001,2366280
Son,26/07/2025,927.8000000000001,1670040
Son,26/07/2026,1186.8000000000002,2136240
Son,26/08/2021,1323.2,2407718.16
Son,26/08/2022,714.1999999999999,1080298.92
Son,26/08/2023,1120.2,2016360
Son,26/08/2024,1554.4,2797920
Son,26/08/2025,1695.6,3052080
Son,26/08/2026,1853,3335400
Son,26/09/2021,2925.8,5602949.640000001
Son,26/09/2022,816,1234281.5999999999
Son,26/09/2023,390.6,703080
Son,26/09/2024,1959.1999999999998,3526560
Son,26/09/2025,1707.0000000000002,3072600
Son,26/10/2021,1128.4,1706817.8400000003
Son,26/10/2022,929.6,1406112.96
Son,26/10/2023,992.8000000000001,1787040
Son,26/10/2024,2411.4,4340520
Son,26/10/2025,1831.4,3296520
Son,26/11/2021,1991.1999999999998,3011889.1199999996
Son,26/11/2022,1377.2,2083152.7199999997
Son,26/11/2023,810,1458000
Son,26/11/2024,2731,4915800
Son,26/11/2025,1767.2,3180960
Son,26/12/2021,919.8000000000001,1466241.72
Son,26/12/2022,1888,2855788.8
Son,26/12/2023,1517.1999999999998,2730960
Son,26/12/2024,2222.8,4001040
Son,26/12/2025,977.9999999999999,1760400
Son,27/01/2021,3768.3999999999996,6322097.3
Son,27/01/2022,1524,2305202.4
Son,27/01/2023,536.4000000000001,811358.64
Son,27/01/2024,1421.6,2558880
Son,27/01/2025,1661.4,2990520
Son,27/01/2026,1044,1879200
Son,27/02/2021,3921.4000000000005,7125160.600000001
Son,27/02/2022,247.60000000000002,374519.76
Son,27/02/2023,660.5999999999999,999223.5599999999
Son,27/02/2024,1440.4,2592720
Son,27/02/2025,2002.8000000000002,3605040
Son,27/02/2026,977.4000000000001,1759320
Son,27/03/2021,3526,6184703.76
Son,27/03/2022,229.2,346687.92
Son,27/03/2023,1319.8,1996329.48
Son,27/03/2024,1569.8,2825640
Son,27/03/2025,1797.6,3235680
Son,27/03/2026,849.2,1528560
Son,27/04/2021,2914,4938939.12
Son,27/04/2022,889,1344701.4
Son,27/04/2023,1319.8000000000002,1996329.48
Son,27/04/2024,1244.6,2240280
Son,27/04/2025,1216.2,2189160
Son,27/04/2026,1322.8,2381040
Son,27/05/2021,3097.4,5314923.120000001
Son,27/05/2022,125,189075
Son,27/05/2023,579.4000000000001,876400.44
Son,27/05/2024,1397.1999999999998,2514960
Son,27/05/2025,2411.8,4341240
Son,27/06/2021,2115.7999999999997,4049702.3200000003
Son,27/06/2022,1086.2,1642986.12
Son,27/06/2023,23576.600000000006,42437880
Son,27/06/2024,1948.6000000000001,3507480
Son,27/06/2025,402.79999999999995,725040
Son,27/06/2026,1613.6,2904480
Son,27/07/2021,1555.2,2834599.2800000003
Son,27/07/2022,1320.6,1997539.5599999998
Son,27/07/2023,1398.1999999999998,2516760
Son,27/07/2024,1496.3999999999999,2693520
Son,27/07/2025,1869.8,3365640
Son,27/07/2026,2520.2000000000003,4536360
Son,27/08/2021,965.4000000000001,1922312.88
Son,27/08/2022,660,998315.9999999999
Son,27/08/2023,995,1791000
Son,27/08/2024,22228.000000000004,40010400
Son,27/08/2025,1847.8000000000002,3326040
Son,27/08/2026,1710.4,3078720
Son,27/09/2021,2551.2,4852003.56
Son,27/09/2022,1219.1999999999998,1844161.92
Son,27/09/2023,1100.4,1980720
Son,27/09/2024,1904.1999999999998,3427560
Son,27/09/2025,1660.4,2988720
Son,27/10/2021,758.2,1146853.32
Son,27/10/2022,921.1999999999999,1393407.1199999999
Son,27/10/2023,948.8,1707840
Son,27/10/2024,1327,2388600
Son,27/10/2025,2058.8,3705840
Son,27/11/2021,1939.2000000000003,2933233.92
Son,27/11/2022,1058,1600330.8
Son,27/11/2023,659.4,1186920
Son,27/11/2024,2000,3600000
Son,27/11/2025,1980.6,3565080
Son,27/12/2021,613.2,927526.3200000001
Son,27/12/2022,1981.1999999999998,2996763.12
Son,27/12/2023,1512.6,2722680
Son,27/12/2024,1971.6,3548880
Son,28/01/2021,3617.6000000000004,5938412.8
Son,28/01/2022,1265.8,1914649.0799999998
Son,28/01/2023,912.5999999999999,1380398.7599999998
Son,28/01/2024,1700.6000000000001,3061080
Son,28/01/2025,1767.2000000000003,3180960
Son,28/01/2026,1485.2,2673360
Son,28/02/2021,3437.2000000000003,6381848.800000001
Son,28/02/2022,30127.399999999998,46076254.04
Son,28/02/2023,30590.2,46270736.519999996
Son,28/02/2024,1177.6000000000001,2119680
Son,28/02/2025,18797.600000000002,33835680
Son,28/02/2026,23563.200000000004,42413760
Son,28/03/2021,3058.6,6150266.680000002
Son,28/03/2023,1441.2,2179959.12
Son,28/03/2024,2006.6000000000001,3611880
Son,28/03/2025,1544.2,2779560
Son,28/03/2026,1095.8,1972440
Son,28/04/2021,2873.4000000000005,4771393
Son,28/04/2022,891.8000000000001,1348936.6799999997
Son,28/04/2023,1098.6,1661742.3599999999
Son,28/04/2024,915.2,1647360
Son,28/04/2025,1513.2,2723760
Son,28/04/2026,2203.2,3965760
Son,28/05/2021,2728.2,4667521.640000001
Son,28/05/2022,236.4,357578.64
Son,28/05/2023,1562.6,2363588.76
Son,28/05/2024,1533.6,2760480
Son,28/05/2025,2461.4,4430520
Son,28/05/2026,478.4,861120
Son,28/06/2021,1627.4,2909322.8
Son,28/06/2022,916.4,1386146.64
Son,28/06/2024,1354.2,2437560
Son,28/06/2025,218.6,393480
Son,28/06/2026,1293.6,2328480
Son,28/07/2021,1103.2,2197477.8
Son,28/07/2022,932.6,1410650.76
Son,28/07/2023,634,1141200
Son,28/07/2024,1288.4,2319120
Son,28/07/2025,2256.2,4061160
Son,28/07/2026,3467.7999999999997,6242040
Son,28/08/2021,1298.8,2481006.96
Son,28/08/2022,1096.8,1659019.68
Son,28/08/2023,870.1999999999999,1566360
Son,28/08/2024,1899.8,3419640
Son,28/08/2025,2167,3900600
Son,28/08/2026,1581.8,2847240
Son,28/09/2021,2669.2000000000003,4837588.2
Son,28/09/2022,1364.4,2063791.4399999997
Son,28/09/2023,752,1353600
Son,28/09/2024,2458,4424400
Son,28/09/2025,1291.8,2325240
Son,28/10/2021,1773.6000000000001,2777671.2
Son,28/10/2022,1193.6,1805439.3599999999
Son,28/10/2023,1162.4,2092320
Son,28/10/2024,1966.8,3540240
Son,28/10/2025,1627.7999999999997,2930040
Son,28/11/2021,2008.4,3037905.84
Son,28/11/2022,1212,1833271.1999999997
Son,28/11/2023,672,1209600
Son,28/11/2024,2076.6,3737880
Son,28/11/2025,2404.2000000000003,4327560
Son,28/12/2021,1332.6,2190618.48
Son,28/12/2022,1805.4,2730848.04
Son,28/12/2023,1429.8000000000002,2573640
Son,28/12/2024,1373,2471400
Son,28/12/2025,2131,3835800
Son,29/01/2021,2896.2,4468399.199999999
Son,29/01/2022,586.4,886988.64
Son,29/01/2023,141,213276.59999999998
Son,29/01/2024,1154.6,2078280
Son,29/01/2025,2231.3999999999996,4016520
Son,29/01/2026,856.6,1541880
Son,29/02/2024,26559.8,47807640
Son,29/03/2021,2825.6,5225776.6
Son,29/03/2022,522.4,790182.24
Son,29/03/2023,1426,2156967.5999999996
Son,29/03/2024,1046.2,1883160
Son,29/03/2025,1416.6,2549880
Son,29/03/2026,1551.3999999999999,2792520
Son,29/04/2021,2636.9999999999995,4403640.84
Son,29/04/2022,761,1151088.5999999999
Son,29/04/2023,1326.2,2006010.1199999999
Son,29/04/2024,1380.4,2484720
Son,29/04/2025,1681.8000000000002,3027240
Son,29/04/2026,1425.1999999999998,2565360
Son,29/05/2021,2282.7999999999997,3970163.04
Son,29/05/2022,238.39999999999998,360603.83999999997
Son,29/05/2023,628.4,950517.8399999999
Son,29/05/2024,1698.8000000000002,3057840
Son,29/05/2025,2628.2000000000003,4730760
Son,29/05/2026,240.2,432360
Son,29/06/2021,1395.2,2492885.08
Son,29/06/2022,1312.4,1985136.2399999998
Son,29/06/2024,1585.6,2854080
Son,29/06/2025,65.2,117360
Son,29/06/2026,1589.8,2861640
Son,29/07/2021,664.1999999999999,1071632.52
Son,29/07/2022,133.2,201478.31999999998
Son,29/07/2023,1169.2,2104560
Son,29/07/2024,1484.8000000000002,2672640
Son,29/07/2025,2550.8,4591440
Son,29/07/2026,2713.4,4884120
Son,29/08/2021,1094.8,2145063.7199999997
Son,29/08/2022,581.4,879425.6399999999
Son,29/08/2023,362.4,652320
Son,29/08/2024,1481.8,2667240
Son,29/08/2025,1470.2,2646360
Son,29/08/2026,2203.8,3966840
Son,29/09/2021,1996.6000000000001,3992439.12
Son,29/09/2022,27421.200000000004,41477307.11999999
Son,29/09/2023,885,1593000
Son,29/09/2024,1147,2064600
Son,29/09/2025,1990.6,3583080
Son,29/10/2021,884.6,1338045.96
Son,29/10/2022,959.6,1451490.96
Son,29/10/2023,858.8,1545840
Son,29/10/2024,2042.6,3676680
Son,29/10/2025,1592.6,2866680
Son,29/11/2021,1404.6,2284723.2
Son,29/11/2022,1765.1999999999998,2670041.5199999996
Son,29/11/2023,484.8,872640
Son,29/11/2024,2550.2,4590360
Son,29/11/2025,2319.2,4174560
Son,29/12/2021,1636,2932080.7199999997
Son,29/12/2022,1683.1999999999998,2546008.3200000003
Son,29/12/2023,1310.3999999999999,2358720
Son,29/12/2024,1576.8,2838240
Son,29/12/2025,1218.8,2193840
Son,30/01/2021,3726.6000000000004,5706944.7
Son,30/01/2022,621.4000000000001,939929.6399999999
Son,30/01/2023,537.8,813476.2799999999
Son,30/01/2024,1969.0000000000002,3544200
Son,30/01/2025,1496,2692800
Son,30/01/2026,1380.2,2484360
Son,30/03/2021,2178.3999999999996,4077309.0399999996
Son,30/03/2022,716.4,1083626.6400000001
Son,30/03/2023,2180.2000000000003,3297770.5200000005
Son,30/03/2024,1601,2881800
Son,30/03/2025,17161.999999999996,30891600
Son,30/03/2026,2100,3780000
Son,30/04/2021,2549.2000000000003,4322252.08
Son,30/04/2022,35103.200000000004,55210136.32
Son,30/04/2023,36101.799999999996,54607582.68000001
Son,30/04/2024,20944.800000000003,37700640
Son,30/04/2025,33481.99999999999,60267600
Son,30/04/2026,28530.8,51355440
Son,30/05/2021,3001.2,5427460.959999999
Son,30/05/2022,235.8,356671.07999999996
Son,30/05/2023,1105,1671423
Son,30/05/2024,1361.1999999999998,2450160
Son,30/05/2025,2011.6000000000001,3620880
Son,30/05/2026,246.8,444240
Son,30/06/2021,34344.002,62067242.31000001
Son,30/06/2022,27778.599999999995,42017910.36
Son,30/06/2024,18176.999999999993,32718600
Son,30/06/2025,12523.400000000001,22542120
Son,30/06/2026,20400.999999999996,36721800
Son,30/07/2021,297,623700
Son,30/07/2022,194.8,294654.48
Son,30/07/2023,1257.6,2263680
Son,30/07/2024,1748.7999999999997,3147840
Son,30/07/2025,2157.8,3884040
Son,30/07/2026,2009.9999999999998,3618000
Son,30/08/2021,1522.3999999999999,2592722.88
Son,30/08/2022,859,1299323.4
Son,30/08/2023,596.8000000000001,1074240
Son,30/08/2024,1035.2,1863360
Son,30/08/2025,2669.2000000000003,4804560
Son,30/08/2026,1217.8000000000002,2192040
Son,30/09/2021,32064.000000000004,49785942.480000004
Son,30/09/2022,899.1999999999999,1360129.92
Son,30/09/2023,29732.80000000001,53519040
Son,30/09/2024,28069.400000000005,50524920
Son,30/09/2025,30207.399999999994,54373320
Son,30/10/2021,1138.2,2062215.84
Son,30/10/2022,515.5999999999999,779896.5599999999
Son,30/10/2023,920.5999999999999,1657080
Son,30/10/2024,1876.1999999999998,3377160
Son,30/10/2025,28093.199999999997,50567760
Son,30/11/2021,32446.400000000005,51073040.2
Son,30/11/2022,40931.60000000001,61913138.16000001
Son,30/11/2023,24697.2,44454960
Son,30/11/2024,27467.399999999998,49441320
Son,30/11/2025,23160.199999999997,41688360
Son,30/12/2021,1702.6000000000001,3014845.44
Son,30/12/2022,1226.1999999999998,1854750.12
Son,30/12/2023,2133.4,3840120
Son,30/12/2024,1943.7999999999997,3498840
Son,30/12/2025,1990.6,3583080
Son,31/01/2021,4499.4,6894774.6
Son,31/01/2022,36951.6,65772075.27
Son,31/01/2023,27110.199999999997,41006888.519999996
Son,31/01/2024,33910.2,61038360
Son,31/01/2025,18575.2,33435360
Son,31/01/2026,22170.2,39906360
Son,31/03/2021,2766.5999999999995,5356638.68
Son,31/03/2022,32309.6,52934256.99999999
Son,31/03/2023,42581.350000000006,64408550.01
Son,31/03/2024,22935.400000000005,41283720
Son,31/03/2026,23231.59999999999,41816880
Son,31/05/2021,2748.7999999999997,4569312.52
Son,31/05/2022,31933.4,48796160.84000001
Son,31/05/2023,25821,39056844.59999999
Son,31/05/2024,20687,37236600
Son,31/05/2025,16816.8,30270240
Son,31/05/2026,26256.599999999995,47261880
Son,31/07/2021,35984.6,62895876.88
Son,31/07/2022,22252.899999999998,34943356.54
Son,31/07/2023,33603.39999999999,60486120
Son,31/07/2024,27218.799999999996,48993840
Son,31/07/2025,13918.200000000003,25052760
Son,31/07/2026,18737.6,33727680
Son,31/08/2021,39230.4,69218038.96
Son,31/08/2022,32182.999999999996,50197442.11999999
Son,31/08/2023,26068.999999999996,46924200
Son,31/08/2024,1330.4,2394720
Son,31/08/2025,22317.600000000002,40171680
Son,31/08/2026,14156.000000000004,25480800
Son,31/10/2021,24649.800000000003,37371752.76
Son,31/10/2022,39292.6,59433986.75999999
Son,31/10/2023,31282.80000000001,56309040
Son,31/10/2024,15546.799999999996,27984240
Son,31/10/2025,1473.6,2652480
Son,31/12/2021,36829.6,56145361.08
Son,31/12/2022,35348.2,53467687.31999999
Son,31/12/2023,26858.800000000003,48345840
Son,31/12/2024,18495.2,33291360
Son,31/12/2025,32528.800000000007,58551840
Transport,01/01/2024,10,287000
Transport,01/01/2025,1,8000
Transport,01/01/2026,2,17663.865546
Transport,01/02/2024,13,227000
Transport,01/02/2025,3,36000
Transport,01/02/2026,2,17663.865546
Transport,01/03/2023,4,130000
Transport,01/03/2025,2,16000
Transport,01/03/2026,2,17663.865546
Transport,01/04/2023,8,251000
Transport,01/04/2024,9,255000
Transport,01/04/2026,3,25663.865546
Transport,01/05/2023,14,729000
Transport,01/05/2024,7,200000
Transport,01/05/2025,1,16000
Transport,01/06/2023,3,208000
Transport,01/06/2024,9,423000
Transport,01/06/2025,3,28000
Transport,01/07/2023,7,127000
Transport,01/07/2024,7,201000
Transport,01/07/2025,1,8000
Transport,01/08/2023,5,79000
Transport,01/08/2024,6,147000
Transport,01/09/2024,6,114000
Transport,01/09/2025,4,41663.865546
Transport,01/10/2023,3,51000
Transport,01/10/2024,14,228000
Transport,01/10/2025,4,35327.731092
Transport,01/11/2023,9,528000
Transport,01/11/2025,1,9663.865546
Transport,01/12/2022,4,145000
Transport,01/12/2024,1,8000
Transport,01/12/2025,2,16000
Transport,02/01/2023,1,8000
Transport,02/01/2024,6,122000
Transport,02/01/2025,1,8000
Transport,02/02/2023,3,93000
Transport,02/02/2025,2,16000
Transport,02/02/2026,2,17663.865546
Transport,02/03/2023,3,53000
Transport,02/03/2024,8,193000
Transport,02/03/2025,2,16000
Transport,02/03/2026,2,17663.865546
Transport,02/04/2023,10,500000
Transport,02/04/2024,9,330000
Transport,02/05/2023,6,183000
Transport,02/05/2024,3,86000
Transport,02/06/2024,8,503000
Transport,02/06/2025,1,8000
Transport,02/07/2023,4,68000
Transport,02/07/2024,10,268000
Transport,02/07/2025,3,25663.865546
Transport,02/08/2023,7,189000
Transport,02/08/2025,3,33663.865546
Transport,02/09/2023,6,139000
Transport,02/09/2024,11,209000
Transport,02/09/2025,2,17663.865546
Transport,02/10/2023,9,260000
Transport,02/10/2024,11,341000
Transport,02/11/2023,13,573000
Transport,02/11/2024,8,191000
Transport,02/12/2023,10,213000
Transport,02/12/2024,2,16000
Transport,02/12/2025,3,24000
Transport,03/01/2023,8,247000
Transport,03/01/2024,8,255000
Transport,03/01/2026,2,17663.865546
Transport,03/02/2024,15,491000
Transport,03/02/2025,2,16000
Transport,03/02/2026,2,17663.865546
Transport,03/03/2024,10,248000
Transport,03/03/2025,1,8000
Transport,03/03/2026,3,25663.865546
Transport,03/04/2023,11,333000
Transport,03/04/2024,8,227000
Transport,03/04/2025,3,24000
Transport,03/05/2023,9,468000
Transport,03/05/2025,2,24000
Transport,03/06/2023,6,310000
Transport,03/06/2024,9,363000
Transport,03/06/2025,5,82000
Transport,03/07/2023,4,93000
Transport,03/07/2024,4,121000
Transport,03/07/2025,3,25663.865546
Transport,03/08/2023,2,26000
Transport,03/08/2024,6,104000
Transport,03/08/2025,3,25663.865546
Transport,03/09/2023,5,92000
Transport,03/09/2024,8,183000
Transport,03/09/2025,2,25663.865546
Transport,03/10/2023,11,242000
Transport,03/10/2024,8,103000
Transport,03/11/2024,6,154000
Transport,03/11/2025,1,9663.865546
Transport,03/12/2022,11,334000
Transport,03/12/2023,10,255000
Transport,03/12/2024,1,8000
Transport,03/12/2025,2,17663.865546
Transport,04/01/2023,5,210000
Transport,04/01/2024,12,443000
Transport,04/01/2025,3,31000
Transport,04/02/2023,5,128000
Transport,04/02/2024,14,314000
Transport,04/02/2025,1,16000
Transport,04/02/2026,3,25663.865546
Transport,04/03/2024,7,189000
Transport,04/03/2025,2,16000
Transport,04/03/2026,1,8000
Transport,04/04/2023,11,594000
Transport,04/04/2024,3,95000
Transport,04/05/2023,6,166000
Transport,04/05/2024,12,660000
Transport,04/06/2023,5,167000
Transport,04/06/2024,5,231000
Transport,04/06/2025,1,8000
Transport,04/07/2023,4,76000
Transport,04/07/2024,8,258000
Transport,04/08/2024,6,94000
Transport,04/08/2025,3,33663.865546
Transport,04/09/2023,11,294000
Transport,04/09/2024,10,180000
Transport,04/09/2025,3,27327.731092
Transport,04/10/2023,8,204000
Transport,04/10/2025,4,35327.731092
Transport,04/11/2023,10,205000
Transport,04/11/2024,5,83000
Transport,04/11/2025,2,17663.865546
Transport,04/12/2022,4,111000
Transport,04/12/2023,7,188000
Transport,04/12/2024,2,16000
Transport,04/12/2025,1,9663.865546
Transport,05/01/2023,4,94000
Transport,05/01/2025,2,16000
Transport,05/02/2023,2,28000
Transport,05/02/2024,15,460000
Transport,05/02/2025,4,36000
Transport,05/02/2026,2,16000
Transport,05/03/2024,10,329000
Transport,05/03/2025,1,8000
Transport,05/03/2026,2,17663.865546
Transport,05/04/2023,9,191000
Transport,05/04/2025,3,24000
Transport,05/05/2024,9,436000
Transport,05/05/2025,3,82000
Transport,05/06/2023,7,243000
Transport,05/06/2024,8,331000
Transport,05/06/2025,1,8000
Transport,05/07/2023,4,75000
Transport,05/07/2025,2,17663.865546
Transport,05/08/2023,5,126000
Transport,05/08/2024,8,161000
Transport,05/08/2025,4,37663.865546
Transport,05/09/2023,10,388000
Transport,05/09/2024,6,143000
Transport,05/10/2023,11,288000
Transport,05/10/2024,9,281000
Transport,05/10/2025,3,25663.865546
Transport,05/11/2023,9,260000
Transport,05/11/2024,11,454000
Transport,05/11/2025,2,17663.865546
Transport,05/12/2022,5,152000
Transport,05/12/2023,6,190000
Transport,05/12/2024,2,16000
Transport,06/01/2024,15,461000
Transport,06/01/2025,3,24000
Transport,06/01/2026,2,17663.865546
Transport,06/02/2023,5,143000
Transport,06/02/2024,9,199000
Transport,06/02/2025,1,8000
Transport,06/03/2024,11,365000
Transport,06/03/2025,1,8000
Transport,06/04/2023,11,339000
Transport,06/04/2024,10,232000
Transport,06/04/2025,2,16000
Transport,06/05/2023,12,484000
Transport,06/05/2024,7,304000
Transport,06/05/2025,2,16000
Transport,06/06/2023,9,391000
Transport,06/06/2024,4,79000
Transport,06/07/2023,4,60000
Transport,06/07/2024,8,278000
Transport,06/07/2025,3,25663.865546
Transport,06/08/2023,5,141000
Transport,06/08/2024,9,168000
Transport,06/08/2025,4,41663.865546
Transport,06/09/2023,7,278000
Transport,06/09/2025,3,34327.731092
Transport,06/10/2024,5,122000
Transport,06/10/2025,2,17663.865546
Transport,06/11/2023,9,253000
Transport,06/11/2024,11,205000
Transport,06/12/2022,7,216000
Transport,06/12/2023,10,333000
Transport,06/12/2025,1,8000
Transport,07/01/2023,5,157000
Transport,07/01/2024,9,519000
Transport,07/01/2025,3,39000
Transport,07/01/2026,2,17663.865546
Transport,07/02/2023,5,157000
Transport,07/02/2024,11,232000
Transport,07/02/2026,3,25663.865546
Transport,07/03/2023,2,130000
Transport,07/03/2024,8,204000
Transport,07/03/2026,1,8000
Transport,07/04/2024,7,144000
Transport,07/04/2025,2,16000
Transport,07/05/2023,6,232000
Transport,07/05/2024,6,167000
Transport,07/05/2025,2,24000
Transport,07/06/2023,11,483000
Transport,07/07/2024,6,123000
Transport,07/07/2025,1,8000
Transport,07/08/2023,7,133000
Transport,07/08/2024,6,112000
Transport,07/08/2025,3,25663.865546
Transport,07/09/2023,11,242000
Transport,07/09/2024,7,133000
Transport,07/09/2025,5,51327.731092
Transport,07/10/2023,13,410000
Transport,07/10/2024,14,439000
Transport,07/10/2025,3,25663.865546
Transport,07/11/2023,11,351000
Transport,07/11/2024,7,214000
Transport,07/12/2022,6,220000
Transport,07/12/2023,11,269000
Transport,07/12/2024,1,8000
Transport,07/12/2025,1,8000
Transport,08/01/2023,4,110000
Transport,08/01/2024,11,230000
Transport,08/01/2025,2,24000
Transport,08/01/2026,2,17663.865546
Transport,08/02/2023,4,101000
Transport,08/02/2024,14,540000
Transport,08/02/2025,2,16000
Transport,08/02/2026,2,17663.865546
Transport,08/03/2023,8,169000
Transport,08/03/2025,2,16000
Transport,08/03/2026,2,17663.865546
Transport,08/04/2023,11,345000
Transport,08/04/2024,5,130000
Transport,08/04/2025,2,16000
Transport,08/05/2023,14,791000
Transport,08/05/2024,6,241000
Transport,08/06/2023,13,539000
Transport,08/06/2024,5,121000
Transport,08/07/2023,5,131000
Transport,08/07/2024,3,56000
Transport,08/07/2025,3,25663.865546
Transport,08/08/2023,5,136000
Transport,08/08/2024,9,184000
Transport,08/09/2024,3,31000
Transport,08/09/2025,4,35327.731092
Transport,08/10/2023,10,268000
Transport,08/10/2024,10,253000
Transport,08/10/2025,3,27327.731092
Transport,08/11/2023,10,426000
Transport,08/11/2025,2,17663.865546
Transport,08/12/2022,2,24000
Transport,08/12/2024,2,16000
Transport,08/12/2025,1,9663.865546
Transport,09/01/2023,1,20000
Transport,09/01/2024,9,178000
Transport,09/01/2025,3,39000
Transport,09/02/2023,4,96000
Transport,09/02/2025,3,106000
Transport,09/02/2026,2,17663.865546
Transport,09/03/2023,7,200000
Transport,09/03/2024,11,325000
Transport,09/03/2025,2,16000
Transport,09/03/2026,1,8000
Transport,09/04/2023,6,213000
Transport,09/04/2024,16,820000
Transport,09/04/2025,2,16000
Transport,09/05/2023,9,282000
Transport,09/05/2024,7,261000
Transport,09/06/2024,8,243000
Transport,09/06/2025,2,16000
Transport,09/07/2023,5,131000
Transport,09/07/2024,6,151000
Transport,09/07/2025,3,25663.865546
Transport,09/08/2023,10,183000
Transport,09/08/2025,2,25663.865546
Transport,09/09/2023,8,227000
Transport,09/09/2024,5,90000
Transport,09/09/2025,1,8000
Transport,09/10/2023,9,252000
Transport,09/10/2024,9,127000
Transport,09/10/2025,3,25663.865546
Transport,09/11/2023,11,436000
Transport,09/11/2024,10,232000
Transport,09/11/2025,2,17663.865546
Transport,09/12/2023,12,392000
Transport,09/12/2024,1,8000
Transport,09/12/2025,2,17663.865546
Transport,10/01/2023,8,201000
Transport,10/01/2024,10,273000
Transport,10/01/2026,3,27327.731092
Transport,10/02/2024,14,429000
Transport,10/02/2025,3,24000
Transport,10/02/2026,3,25663.865546
Transport,10/03/2024,13,321000
Transport,10/03/2025,1,8000
Transport,10/03/2026,3,25663.865546
Transport,10/04/2023,11,333000
Transport,10/04/2025,2,16000
Transport,10/05/2023,7,168000
Transport,10/05/2025,4,40000
Transport,10/06/2023,11,325000
Transport,10/06/2024,10,279000
Transport,10/06/2025,4,36000
Transport,10/07/2023,9,191000
Transport,10/07/2024,7,181000
Transport,10/07/2025,1,9663.865546
Transport,10/08/2023,12,341000
Transport,10/08/2024,8,188000
Transport,10/08/2025,2,17663.865546
Transport,10/09/2023,9,327000
Transport,10/09/2024,10,176000
Transport,10/09/2025,4,41663.865546
Transport,10/10/2023,10,165000
Transport,10/10/2024,10,190000
Transport,10/11/2024,8,162000
Transport,10/11/2025,2,19327.731092
Transport,10/12/2022,1,50000
Transport,10/12/2023,9,264000
Transport,10/12/2024,1,8000
Transport,10/12/2025,3,25663.865546
Transport,11/01/2023,4,110000
Transport,11/01/2024,11,264000
Transport,11/01/2025,3,32000
Transport,11/01/2026,4,33663.865546
Transport,11/02/2023,4,90000
Transport,11/02/2024,10,285000
Transport,11/02/2025,3,28000
Transport,11/02/2026,2,16000
Transport,11/03/2023,2,16000
Transport,11/03/2024,12,262000
Transport,11/03/2025,2,24000
Transport,11/03/2026,2,17663.865546
Transport,11/04/2023,7,159000
Transport,11/05/2023,7,200000
Transport,11/05/2024,9,451000
Transport,11/05/2025,1,16000
Transport,11/06/2023,6,140000
Transport,11/06/2024,10,297000
Transport,11/06/2025,3,24000
Transport,11/07/2023,7,144000
Transport,11/07/2024,7,136000
Transport,11/08/2024,9,191000
Transport,11/08/2025,3,25663.865546
Transport,11/09/2023,10,325000
Transport,11/09/2024,8,219000
Transport,11/09/2025,4,35327.731092
Transport,11/10/2023,11,227000
Transport,11/10/2025,2,17663.865546
Transport,11/11/2023,12,385000
Transport,11/11/2024,7,167000
Transport,11/11/2025,4,33663.865546
Transport,11/12/2022,2,66000
Transport,11/12/2023,9,248000
Transport,11/12/2024,1,8000
Transport,11/12/2025,3,25663.865546
Transport,12/01/2023,4,61000
Transport,12/01/2025,4,40000
Transport,12/01/2026,3,25663.865546
Transport,12/02/2023,4,116000
Transport,12/02/2024,7,160000
Transport,12/02/2025,2,16000
Transport,12/02/2026,3,25663.865546
Transport,12/03/2023,12,350000
Transport,12/03/2024,9,303000
Transport,12/03/2025,1,90000
Transport,12/03/2026,2,16000
Transport,12/04/2023,10,273000
Transport,12/04/2025,3,32000
Transport,12/05/2024,7,349000
Transport,12/05/2025,2,16000
Transport,12/06/2023,10,268000
Transport,12/06/2024,10,279000
Transport,12/06/2025,1,8000
Transport,12/07/2023,4,99000
Transport,12/07/2025,3,25663.865546
Transport,12/08/2023,10,187000
Transport,12/08/2024,9,243000
Transport,12/08/2025,4,41663.865546
Transport,12/09/2023,7,180000
Transport,12/09/2024,10,158000
Transport,12/10/2023,10,200000
Transport,12/10/2024,6,99000
Transport,12/10/2025,3,25663.865546
Transport,12/11/2023,9,427000
Transport,12/11/2024,13,353000
Transport,12/11/2025,4,33663.865546
Transport,12/12/2022,6,187000
Transport,12/12/2023,10,258000
Transport,12/12/2024,2,16000
Transport,13/01/2024,10,255000
Transport,13/01/2025,3,24000
Transport,13/01/2026,4,35327.731092
Transport,13/02/2023,6,185000
Transport,13/02/2024,10,295606
Transport,13/02/2025,3,24000
Transport,13/03/2023,9,257000
Transport,13/03/2024,6,169000
Transport,13/03/2025,1,8000
Transport,13/04/2023,11,436000
Transport,13/04/2024,13,477000
Transport,13/04/2025,2,24000
Transport,13/05/2023,6,141000
Transport,13/05/2024,6,186000
Transport,13/05/2025,1,8000
Transport,13/06/2023,9,266000
Transport,13/06/2024,7,205000
Transport,13/07/2023,7,196000
Transport,13/07/2024,9,143000
Transport,13/07/2025,4,33663.865546
Transport,13/08/2023,8,176000
Transport,13/08/2024,10,255000
Transport,13/08/2025,2,25663.865546
Transport,13/09/2023,14,516000
Transport,13/09/2025,4,43327.731092
Transport,13/10/2024,7,98000
Transport,13/10/2025,2,17663.865546
Transport,13/11/2023,10,267000
Transport,13/11/2024,9,225000
Transport,13/11/2025,2,17663.865546
Transport,13/12/2022,6,251000
Transport,13/12/2023,11,301000
Transport,13/12/2025,2,17663.865546
Transport,14/01/2023,6,183000
Transport,14/01/2024,16,318000
Transport,14/01/2025,3,32000
Transport,14/01/2026,3,25663.865546
Transport,14/02/2023,7,145000
Transport,14/02/2024,9,423000
Transport,14/02/2026,2,16000
Transport,14/03/2023,11,276000
Transport,14/03/2024,12,296000
Transport,14/03/2026,2,17663.865546
Transport,14/04/2023,1,50000
Transport,14/04/2024,8,269000
Transport,14/04/2025,3,36000
Transport,14/05/2023,9,268000
Transport,14/05/2024,8,266000
Transport,14/05/2025,1,8000
Transport,14/06/2023,10,247000
Transport,14/06/2025,2,20000
Transport,14/07/2024,5,145000
Transport,14/07/2025,3,33663.865546
Transport,14/08/2023,9,258000
Transport,14/08/2024,11,297000
Transport,14/08/2025,4,45663.865546
Transport,14/09/2023,10,285000
Transport,14/09/2024,8,143000
Transport,14/09/2025,4,35327.731092
Transport,14/10/2023,12,214000
Transport,14/10/2024,7,197000
Transport,14/10/2025,2,17663.865546
Transport,14/11/2023,9,255000
Transport,14/11/2024,10,237000
Transport,14/12/2022,6,166000
Transport,14/12/2023,10,246000
Transport,14/12/2024,2,16000
Transport,14/12/2025,2,16000
Transport,15/01/2023,6,150000
Transport,15/01/2024,11,295000
Transport,15/01/2025,3,32000
Transport,15/01/2026,2,17663.865546
Transport,15/02/2023,1,25000
Transport,15/02/2024,9,341000
Transport,15/02/2025,2,24000
Transport,15/02/2026,3,25663.865546
Transport,15/03/2023,7,115000
Transport,15/03/2025,2,20000
Transport,15/03/2026,2,17663.865546
Transport,15/04/2023,10,281000
Transport,15/04/2024,7,146000
Transport,15/04/2025,1,16000
Transport,15/05/2023,8,241000
Transport,15/05/2024,7,222000
Transport,15/05/2025,1,8000
Transport,15/06/2023,8,244000
Transport,15/06/2024,4,122000
Transport,15/06/2025,3,28000
Transport,15/07/2023,5,96000
Transport,15/07/2024,5,108000
Transport,15/07/2025,3,25663.865546
Transport,15/08/2023,8,128000
Transport,15/08/2024,7,185000
Transport,15/09/2024,6,251000
Transport,15/09/2025,4,41663.865546
Transport,15/10/2023,6,155000
Transport,15/10/2024,10,198000
Transport,15/10/2025,3,25663.865546
Transport,15/11/2023,11,231000
Transport,15/11/2025,2,17663.865546
Transport,15/12/2022,4,122000
Transport,15/12/2024,1,8000
Transport,15/12/2025,2,17663.865546
Transport,16/01/2023,4,110000
Transport,16/01/2024,14,323000
Transport,16/01/2025,3,32000
Transport,16/02/2023,7,176000
Transport,16/02/2025,2,16000
Transport,16/02/2026,3,25663.865546
Transport,16/03/2023,10,274000
Transport,16/03/2024,13,552000
Transport,16/03/2025,1,8000
Transport,16/03/2026,3,25663.865546
Transport,16/04/2023,10,288000
Transport,16/04/2024,6,208000
Transport,16/04/2025,1,8000
Transport,16/05/2023,6,236000
Transport,16/05/2024,6,176000
Transport,16/06/2025,1,8000
Transport,16/07/2023,7,183000
Transport,16/07/2024,6,118000
Transport,16/07/2025,4,41663.865546
Transport,16/08/2023,8,224000
Transport,16/08/2025,3,33663.865546
Transport,16/09/2023,8,182000
Transport,16/09/2024,11,356000
Transport,16/09/2025,2,17663.865546
Transport,16/10/2023,10,221000
Transport,16/10/2024,9,215000
Transport,16/10/2025,2,17663.865546
Transport,16/11/2022,5,185000
Transport,16/11/2023,11,257000
Transport,16/11/2024,10,223000
Transport,16/11/2025,1,9663.865546
Transport,16/12/2023,9,198000
Transport,16/12/2024,3,146000
Transport,16/12/2025,3,27327.731092
Transport,17/01/2023,3,73000
Transport,17/01/2024,11,196000
Transport,17/01/2026,2,17663.865546
Transport,17/02/2024,12,738000
Transport,17/02/2025,1,8000
Transport,17/02/2026,3,25663.865546
Transport,17/03/2024,9,326000
Transport,17/03/2025,1,16000
Transport,17/03/2026,3,25663.865546
Transport,17/04/2023,12,364000
Transport,17/04/2024,6,143000
Transport,17/04/2025,1,8000
Transport,17/05/2023,6,320000
Transport,17/05/2025,1,8000
Transport,17/06/2023,10,236000
Transport,17/06/2025,2,20000
Transport,17/07/2023,9,284000
Transport,17/07/2024,3,67000
Transport,17/07/2025,2,17663.865546
Transport,17/08/2023,9,248000
Transport,17/08/2024,10,180000
Transport,17/08/2025,3,36000
Transport,17/09/2023,10,269000
Transport,17/09/2024,10,203000
Transport,17/09/2025,4,43327.731092
Transport,17/10/2023,10,209000
Transport,17/10/2024,11,263000
Transport,17/11/2022,3,73000
Transport,17/11/2024,5,91000
Transport,17/11/2025,1,9663.865546
Transport,17/12/2022,4,103000
Transport,17/12/2023,4,66000
Transport,17/12/2024,3,24000
Transport,17/12/2025,1,9663.865546
Transport,18/01/2023,3,95000
Transport,18/01/2024,13,372000
Transport,18/01/2025,3,32000
Transport,18/01/2026,3,25663.865546
Transport,18/02/2023,9,202000
Transport,18/02/2024,9,248000
Transport,18/02/2025,1,8000
Transport,18/02/2026,2,17663.865546
Transport,18/03/2023,11,251000
Transport,18/03/2024,8,314000
Transport,18/03/2025,1,16000
Transport,18/03/2026,3,25663.865546
Transport,18/04/2023,10,283000
Transport,18/04/2024,12,534000
Transport,18/05/2023,10,373000
Transport,18/05/2024,11,462000
Transport,18/05/2025,1,8000
Transport,18/06/2023,7,228000
Transport,18/06/2025,2,16000
Transport,18/07/2023,6,183000
Transport,18/07/2024,6,159000
Transport,18/08/2024,10,296000
Transport,18/08/2025,2,25663.865546
Transport,18/09/2023,9,314000
Transport,18/09/2024,11,267000
Transport,18/09/2025,2,17663.865546
Transport,18/10/2023,7,141000
Transport,18/10/2025,3,25663.865546
Transport,18/11/2023,14,651000
Transport,18/11/2024,3,68000
Transport,18/12/2022,3,88000
Transport,18/12/2023,8,172000
Transport,18/12/2024,3,24000
Transport,18/12/2025,1,9663.865546
Transport,19/01/2023,4,125000
Transport,19/01/2025,3,32000
Transport,19/01/2026,2,16000
Transport,19/02/2023,5,104000
Transport,19/02/2024,5,133000
Transport,19/02/2025,1,8000
Transport,19/02/2026,2,16000
Transport,19/03/2023,8,286000
Transport,19/03/2024,10,366000
Transport,19/03/2025,1,8000
Transport,19/03/2026,1,8000
Transport,19/04/2023,10,265000
Transport,19/04/2025,2,24000
Transport,19/05/2024,10,497000
Transport,19/05/2025,2,58000
Transport,19/06/2023,7,170000
Transport,19/06/2024,7,335000
Transport,19/06/2025,3,24000
Transport,19/07/2023,2,58000
Transport,19/07/2025,4,41663.865546
Transport,19/08/2023,9,204000
Transport,19/08/2024,8,185000
Transport,19/08/2025,2,19327.731092
Transport,19/09/2023,7,128000
Transport,19/09/2024,9,200000
Transport,19/10/2023,8,148000
Transport,19/10/2024,8,211000
Transport,19/10/2025,1,9663.865546
Transport,19/11/2022,10,343000
Transport,19/11/2023,10,254000
Transport,19/11/2024,3,48000
Transport,19/12/2022,4,127000
Transport,19/12/2023,10,370000
Transport,19/12/2024,2,16000
Transport,20/01/2024,11,282000
Transport,20/01/2025,3,32000
Transport,20/01/2026,1,9663.865546
Transport,20/02/2023,6,158000
Transport,20/02/2024,10,332000
Transport,20/02/2025,1,8000
Transport,20/03/2023,11,309000
Transport,20/03/2024,9,327000
Transport,20/03/2025,2,24000
Transport,20/04/2023,13,495000
Transport,20/04/2024,8,368000
Transport,20/04/2025,2,16000
Transport,20/05/2023,8,398000
Transport,20/05/2024,9,469000
Transport,20/05/2025,1,8000
Transport,20/06/2023,9,239000
Transport,20/06/2024,7,168000
Transport,20/07/2023,2,58000
Transport,20/07/2024,7,196000
Transport,20/07/2025,2,17663.865546
Transport,20/08/2023,6,168000
Transport,20/08/2024,8,182000
Transport,20/08/2025,5,51327.731092
Transport,20/09/2023,10,316000
Transport,20/09/2025,4,43327.731092
Transport,20/10/2024,7,343000
Transport,20/10/2025,2,16000
Transport,20/11/2022,3,66000
Transport,20/11/2023,10,318000
Transport,20/11/2024,7,159000
Transport,20/11/2025,2,17663.865546
Transport,20/12/2022,7,362000
Transport,20/12/2023,8,212000
Transport,20/12/2025,1,9663.865546
Transport,21/01/2023,5,105000
Transport,21/01/2024,13,356000
Transport,21/01/2025,4,40000
Transport,21/02/2023,10,408000
Transport,21/02/2024,9,368000
Transport,21/02/2026,2,16000
Transport,21/03/2023,9,213000
Transport,21/03/2024,8,226000
Transport,21/04/2024,12,563000
Transport,21/04/2025,3,24000
Transport,21/05/2023,7,239000
Transport,21/05/2024,7,354000
Transport,21/05/2025,2,24000
Transport,21/06/2023,5,110000
Transport,21/06/2025,3,24000
Transport,21/07/2024,5,136000
Transport,21/07/2025,2,24000
Transport,21/08/2023,10,286000
Transport,21/08/2024,8,196000
Transport,21/08/2025,2,17663.865546
Transport,21/09/2023,9,164000
Transport,21/09/2024,11,272000
Transport,21/09/2025,2,17663.865546
Transport,21/10/2023,9,211000
Transport,21/10/2024,10,226000
Transport,21/10/2025,1,8000
Transport,21/11/2022,8,276000
Transport,21/11/2023,11,380000
Transport,21/11/2024,10,561000
Transport,21/12/2022,5,96000
Transport,21/12/2023,14,323000
Transport,21/12/2024,3,93000
Transport,21/12/2025,2,17663.865546
Transport,22/01/2023,4,108000
Transport,22/01/2024,9,183000
Transport,22/01/2025,3,32000
Transport,22/01/2026,3,25663.865546
Transport,22/02/2023,4,150000
Transport,22/02/2024,9,196000
Transport,22/02/2025,2,16000
Transport,22/02/2026,3,25663.865546
Transport,22/03/2023,12,350000
Transport,22/03/2025,2,16000
Transport,22/04/2024,11,448000
Transport,22/04/2025,3,24000
Transport,22/05/2023,11,358000
Transport,22/05/2024,8,508000
Transport,22/05/2025,2,24000
Transport,22/06/2023,4,113000
Transport,22/06/2024,6,121000
Transport,22/06/2025,3,28000
Transport,22/07/2023,2,66000
Transport,22/07/2024,7,144000
Transport,22/07/2025,3,25663.865546
Transport,22/08/2023,8,165000
Transport,22/08/2024,13,325000
Transport,22/09/2024,7,142000
Transport,22/09/2025,4,52000
Transport,22/10/2023,7,175000
Transport,22/10/2024,11,295000
Transport,22/10/2025,4,35327.731092
Transport,22/11/2022,7,247000
Transport,22/11/2023,9,250000
Transport,22/11/2025,2,17663.865546
Transport,22/12/2022,9,335000
Transport,22/12/2024,4,196000
Transport,22/12/2025,2,17663.865546
Transport,23/01/2023,5,103000
Transport,23/01/2024,16,268000
Transport,23/01/2025,4,44000
Transport,23/02/2023,11,303000
Transport,23/02/2025,1,8000
Transport,23/02/2026,2,17663.865546
Transport,23/03/2023,11,255000
Transport,23/03/2024,12,556000
Transport,23/03/2025,1,8000
Transport,23/03/2026,4,33663.865546
Transport,23/04/2023,10,367000
Transport,23/04/2024,8,391000
Transport,23/04/2025,7,78000
Transport,23/05/2023,11,364000
Transport,23/05/2024,8,363000
Transport,23/06/2024,6,195000
Transport,23/06/2025,4,44000
Transport,23/07/2023,1,8000
Transport,23/07/2024,4,82000
Transport,23/07/2025,3,25663.865546
Transport,23/08/2023,8,188000
Transport,23/08/2025,3,33663.865546
Transport,23/09/2023,6,173000
Transport,23/09/2024,14,518000
Transport,23/09/2025,3,27327.731092
Transport,23/10/2023,13,512000
Transport,23/10/2024,5,90000
Transport,23/10/2025,2,17663.865546
Transport,23/11/2022,5,135000
Transport,23/11/2023,10,209000
Transport,23/11/2024,7,155000
Transport,23/11/2025,2,17663.865546
Transport,23/12/2023,12,286000
Transport,23/12/2024,2,48000
Transport,23/12/2025,1,9663.865546
Transport,24/01/2023,7,226000
Transport,24/01/2024,15,339000
Transport,24/01/2026,1,8000
Transport,24/02/2024,9,464000
Transport,24/02/2025,1,8000
Transport,24/02/2026,2,16000
Transport,24/03/2024,4,116000
Transport,24/03/2025,2,16000
Transport,24/03/2026,3,25663.865546
Transport,24/04/2023,7,234000
Transport,24/04/2024,9,141000
Transport,24/04/2025,4,48000
Transport,24/05/2023,12,475000
Transport,24/05/2025,1,16000
Transport,24/06/2023,4,74000
Transport,24/06/2024,6,170000
Transport,24/06/2025,3,25663.865546
Transport,24/07/2023,15,370000
Transport,24/07/2024,8,183000
Transport,24/07/2025,3,33663.865546
Transport,24/08/2023,7,160000
Transport,24/08/2024,8,219000
Transport,24/08/2025,3,27327.731092
Transport,24/09/2023,13,266000
Transport,24/09/2024,14,432000
Transport,24/09/2025,3,35327.731092
Transport,24/10/2023,14,286000
Transport,24/10/2024,11,265000
Transport,24/11/2022,6,202000
Transport,24/11/2024,5,73000
Transport,24/11/2025,3,25663.865546
Transport,24/12/2022,5,163000
Transport,24/12/2023,11,207000
Transport,24/12/2024,4,91000
Transport,24/12/2025,2,17663.865546
Transport,25/01/2023,8,243000
Transport,25/01/2024,11,302000
Transport,25/01/2025,3,32000
Transport,25/01/2026,3,25663.865546
Transport,25/02/2023,10,282000
Transport,25/02/2024,10,598000
Transport,25/02/2025,2,16000
Transport,25/02/2026,3,25663.865546
Transport,25/03/2023,8,151000
Transport,25/03/2024,5,124000
Transport,25/03/2025,2,28000
Transport,25/03/2026,2,17663.865546
Transport,25/04/2023,8,491000
Transport,25/04/2024,7,170000
Transport,25/05/2023,6,100000
Transport,25/05/2024,10,548000
Transport,25/05/2025,3,24000
Transport,25/06/2023,7,141000
Transport,25/06/2024,4,123000
Transport,25/06/2025,3,25663.865546
Transport,25/07/2023,11,271000
Transport,25/07/2024,7,113000
Transport,25/08/2024,7,204000
Transport,25/08/2025,4,43327.731092
Transport,25/09/2023,11,280000
Transport,25/09/2024,8,160000
Transport,25/09/2025,3,28991.596638000003
Transport,25/10/2023,14,425000
Transport,25/10/2025,3,25663.865546
Transport,25/11/2023,12,335000
Transport,25/11/2024,7,184000
Transport,25/11/2025,4,33663.865546
Transport,25/12/2022,9,313000
Transport,25/12/2023,11,215000
Transport,25/12/2024,2,138000
Transport,25/12/2025,2,17663.865546
Transport,26/01/2023,6,88000
Transport,26/01/2025,3,32000
Transport,26/01/2026,3,25663.865546
Transport,26/02/2023,8,192000
Transport,26/02/2024,5,128000
Transport,26/02/2025,1,8000
Transport,26/02/2026,3,25663.865546
Transport,26/03/2023,8,200000
Transport,26/03/2024,12,389000
Transport,26/03/2025,2,16000
Transport,26/03/2026,2,17663.865546
Transport,26/04/2023,4,176000
Transport,26/04/2025,3,32000
Transport,26/05/2024,9,351000
Transport,26/05/2025,2,106000
Transport,26/06/2023,7,187000
Transport,26/06/2024,8,226000
Transport,26/06/2025,2,17663.865546
Transport,26/07/2023,10,231000
Transport,26/07/2025,3,33663.865546
Transport,26/08/2023,13,245000
Transport,26/08/2024,9,255000
Transport,26/08/2025,4,43327.731092
Transport,26/09/2023,11,274000
Transport,26/09/2024,6,80000
Transport,26/10/2023,11,346000
Transport,26/10/2024,8,228000
Transport,26/10/2025,2,16000
Transport,26/11/2022,10,326000
Transport,26/11/2023,13,463000
Transport,26/11/2024,5,62000
Transport,26/11/2025,3,25663.865546
Transport,26/12/2022,7,210000
Transport,26/12/2023,11,248000
Transport,26/12/2024,1,8000
Transport,27/01/2024,13,289000
Transport,27/01/2025,2,16000
Transport,27/01/2026,3,25663.865546
Transport,27/02/2023,14,399000
Transport,27/02/2024,7,203000
Transport,27/02/2025,3,28000
Transport,27/03/2023,8,211000
Transport,27/03/2024,11,371000
Transport,27/03/2025,2,16000
Transport,27/04/2023,11,286000
Transport,27/04/2024,13,584000
Transport,27/04/2025,2,24000
Transport,27/05/2023,9,416000
Transport,27/05/2024,7,177000
Transport,27/05/2025,2,16000
Transport,27/06/2023,7,145000
Transport,27/06/2024,16,591000
Transport,27/07/2023,10,224000
Transport,27/07/2024,8,148000
Transport,27/07/2025,2,17663.865546
Transport,27/08/2023,9,196000
Transport,27/08/2024,11,253000
Transport,27/08/2025,3,27327.731092
Transport,27/09/2023,10,248000
Transport,27/09/2025,3,35327.731092
Transport,27/10/2024,9,240000
Transport,27/10/2025,1,9663.865546
Transport,27/11/2022,6,151000
Transport,27/11/2023,11,263000
Transport,27/11/2024,2,16000
Transport,27/11/2025,2,17663.865546
Transport,27/12/2022,7,173000
Transport,27/12/2023,12,262000
Transport,27/12/2025,2,17663.865546
Transport,28/01/2023,5,119000
Transport,28/01/2024,9,203000
Transport,28/01/2025,2,16000
Transport,28/02/2023,15,523000
Transport,28/02/2024,7,168000
Transport,28/02/2026,3,25663.865546
Transport,28/03/2023,12,267000
Transport,28/03/2024,10,387000
Transport,28/03/2026,3,25663.865546
Transport,28/04/2024,11,370000
Transport,28/04/2025,2,16000
Transport,28/05/2023,5,200000
Transport,28/05/2024,13,570000
Transport,28/05/2025,2,16000
Transport,28/06/2025,1,8000
Transport,28/07/2024,6,85000
Transport,28/07/2025,1,9663.865546
Transport,28/08/2023,12,377000
Transport,28/08/2024,9,197000
Transport,28/08/2025,3,27327.731092
Transport,28/09/2023,10,191000
Transport,28/09/2024,6,191000
Transport,28/09/2025,2,19327.731092
Transport,28/10/2023,12,387000
Transport,28/10/2024,12,244000
Transport,28/10/2025,2,17663.865546
Transport,28/11/2022,9,199000
Transport,28/11/2023,10,291000
Transport,28/11/2024,4,82000
Transport,28/12/2022,10,318000
Transport,28/12/2023,11,239000
Transport,28/12/2024,3,78000
Transport,28/12/2025,2,17663.865546
Transport,29/01/2023,4,130000
Transport,29/01/2024,11,263000
Transport,29/01/2025,1,12000
Transport,29/01/2026,2,17663.865546
Transport,29/02/2024,12,393000
Transport,29/03/2023,11,298000
Transport,29/03/2025,1,8000
Transport,29/03/2026,2,17663.865546
Transport,29/04/2023,16,827000
Transport,29/04/2024,9,403000
Transport,29/04/2025,2,16000
Transport,29/05/2023,6,241000
Transport,29/05/2024,7,197000
Transport,29/05/2025,2,16000
Transport,29/06/2024,12,402000
Transport,29/06/2025,2,17663.865546
Transport,29/07/2023,8,192000
Transport,29/07/2024,11,189000
Transport,29/07/2025,4,41663.865546
Transport,29/08/2023,10,247000
Transport,29/08/2024,10,252000
Transport,29/09/2024,12,152000
Transport,29/09/2025,3,27327.731092
Transport,29/10/2023,5,205000
Transport,29/10/2024,12,316000
Transport,29/11/2022,7,205000
Transport,29/11/2023,6,172000
Transport,29/11/2025,1,9663.865546
Transport,29/12/2022,10,285000
Transport,29/12/2024,5,102000
Transport,29/12/2025,2,17663.865546
Transport,30/01/2023,10,244000
Transport,30/01/2024,12,304000
Transport,30/01/2025,2,24000
Transport,30/03/2023,12,344000
Transport,30/03/2024,11,464000
Transport,30/03/2025,1,8000
Transport,30/03/2026,1,8000
Transport,30/04/2023,14,428000
Transport,30/04/2024,12,519000
Transport,30/04/2025,2,24000
Transport,30/05/2023,2,128000
Transport,30/05/2024,14,607000
Transport,30/06/2024,11,449000
Transport,30/06/2025,2,17663.865546
Transport,30/07/2023,7,148000
Transport,30/07/2024,9,173000
Transport,30/07/2025,3,33663.865546
Transport,30/08/2023,10,236000
Transport,30/08/2025,5,51327.731092
Transport,30/09/2023,6,120000
Transport,30/09/2024,8,216000
Transport,30/09/2025,3,27327.731092
Transport,30/10/2023,12,305000
Transport,30/10/2024,8,166000
Transport,30/11/2022,8,165000
Transport,30/11/2023,11,293000
Transport,30/11/2024,1,18000
Transport,30/11/2025,2,17663.865546
Transport,30/12/2023,18,725000
Transport,30/12/2024,10,269000
Transport,30/12/2025,2,17663.865546
Transport,31/01/2023,14,403000
Transport,31/01/2024,15,368000
Transport,31/01/2026,1,9663.865546
Transport,31/03/2023,1,80000
Transport,31/03/2024,6,128000
Transport,31/03/2026,3,25663.865546
Transport,31/05/2023,17,559000
Transport,31/05/2025,3,24000
Transport,31/07/2023,9,248000
Transport,31/07/2024,14,379000
Transport,31/07/2025,3,25663.865546
Transport,31/08/2023,10,268000
Transport,31/08/2024,10,243000
Transport,31/08/2025,2,17663.865546
Transport,31/10/2023,11,420000
Transport,31/10/2024,7,141000
Transport,31/12/2022,8,227000
Transport,31/12/2023,16,535000
Transport,31/12/2024,7,176000
Transport,31/12/2025,2,17663.865546
